ply
format ascii 1.0
element vertex 22330
property float x
property float y
property float z
property uchar red
property uchar green
property uchar blue
end_header
-0.0078 -0.0062 0.0009 160 140 120
-0.0132 0.0638 0.0001 160 140 120
-0.0004 0.1422 -0.0059 160 140 120
0.0027 0.2153 -0.0012 160 140 120
0.0035 0.2948 -0.0044 160 140 120
0.0029 0.3606 0.0008 160 140 120
-0.0077 0.4370 0.0044 160 140 120
-0.0018 0.5043 0.0081 160 140 120
-0.0043 0.5866 -0.0026 160 140 120
-0.0051 0.6537 0.0017 160 140 120
-0.0011 0.7286 -0.0021 160 140 120
-0.0191 0.8056 0.0004 160 140 120
-0.0085 0.8801 -0.0017 160 140 120
-0.0003 0.9534 0.0016 160 140 120
0.0029 1.0171 -0.0008 160 140 120
0.0009 1.0980 -0.0025 160 140 120
-0.0028 1.1701 -0.0020 160 140 120
0.0002 1.2343 -0.0030 160 140 120
0.0026 1.3066 0.0014 160 140 120
0.0006 1.3854 0.0012 160 140 120
-0.0009 1.4622 0.0011 160 140 120
0.0052 1.5407 0.0019 160 140 120
0.0014 1.6047 -0.0009 160 140 120
-0.0008 1.6693 0.0048 160 140 120
-0.0047 1.7534 0.0014 160 140 120
0.0019 1.8238 0.0052 160 140 120
-0.0063 1.8978 0.0022 160 140 120
0.0013 1.9729 -0.0019 160 140 120
-0.0043 2.0501 -0.0001 160 140 120
0.0021 2.1125 0.0034 160 140 120
-0.0026 2.1917 -0.0005 160 140 120
-0.0049 2.2576 0.0015 160 140 120
0.0064 2.3317 0.0008 160 140 120
-0.0016 2.4097 0.0019 160 140 120
-0.0052 2.4777 0.0004 160 140 120
-0.0038 2.5555 -0.0017 160 140 120
-0.0027 2.6234 0.0061 160 140 120
0.0035 2.6990 -0.0046 160 140 120
-0.0100 2.7715 0.0032 160 140 120
-0.0045 2.8448 -0.0022 160 140 120
-0.0028 2.9102 0.0017 160 140 120
-0.0011 2.9850 0.0015 160 140 120
0.0028 3.0520 -0.0074 160 140 120
0.0015 3.1346 0.0042 160 140 120
0.0120 3.2009 -0.0002 160 140 120
0.0014 3.2757 0.0006 160 140 120
-0.0038 3.3528 0.0007 160 140 120
-0.0012 3.4287 -0.0012 160 140 120
-0.0039 3.4922 0.0048 160 140 120
0.0000 3.5676 0.0011 160 140 120
0.0022 3.6432 -0.0009 160 140 120
-0.0049 3.7159 0.0004 160 140 120
-0.0016 3.8006 -0.0031 160 140 120
-0.0014 3.8584 0.0005 160 140 120
0.0040 3.9395 -0.0006 160 140 120
-0.0006 4.0071 0.0050 160 140 120
0.0005 4.0777 0.0008 160 140 120
-0.0022 4.1564 0.0031 160 140 120
0.0022 4.2306 -0.0024 160 140 120
-0.0086 4.3049 0.0012 160 140 120
0.0814 0.0080 -0.0051 160 140 120
0.0848 0.0717 -0.0053 160 140 120
0.0858 0.1480 0.0033 160 140 120
0.0744 0.2161 -0.0074 160 140 120
0.0767 0.2910 -0.0049 160 140 120
0.0687 0.3586 -0.0039 160 140 120
0.0705 0.4363 -0.0024 160 140 120
0.0740 0.5115 -0.0003 160 140 120
0.0757 0.5801 0.0023 160 140 120
0.0752 0.6544 -0.0013 160 140 120
0.0701 0.7295 -0.0002 160 140 120
0.0819 0.7973 -0.0050 160 140 120
0.0866 0.8724 -0.0011 160 140 120
0.0734 0.9474 0.0030 160 140 120
0.0724 1.0283 0.0010 160 140 120
0.0801 1.0983 -0.0039 160 140 120
0.0702 1.1688 -0.0051 160 140 120
0.0653 1.2383 -0.0005 160 140 120
0.0747 1.3161 -0.0010 160 140 120
0.0696 1.3934 -0.0040 160 140 120
0.0764 1.4594 0.0024 160 140 120
0.0805 1.5299 -0.0023 160 140 120
0.0708 1.6080 -0.0066 160 140 120
0.0735 1.6782 0.0013 160 140 120
0.0701 1.7653 0.0003 160 140 120
0.0861 1.8145 -0.0018 160 140 120
0.0760 1.9130 -0.0008 160 140 120
0.0683 1.9713 -0.0032 160 140 120
0.0778 2.0351 -0.0008 160 140 120
0.0727 2.1168 0.0021 160 140 120
0.0729 2.1837 0.0050 160 140 120
0.0751 2.2537 -0.0039 160 140 120
0.0659 2.3331 0.0013 160 140 120
0.0763 2.3974 -0.0060 160 140 120
0.0772 2.4654 0.0020 160 140 120
0.0768 2.5481 -0.0009 160 140 120
0.0820 2.6230 -0.0010 160 140 120
0.0729 2.6975 -0.0018 160 140 120
0.0785 2.7750 -0.0026 160 140 120
0.0766 2.8380 0.0002 160 140 120
0.0850 2.9208 0.0001 160 140 120
0.0676 2.9766 0.0012 160 140 120
0.0743 3.0669 -0.0046 160 140 120
0.0821 3.1292 0.0014 160 140 120
0.0745 3.2020 -0.0051 160 140 120
0.0711 3.2770 -0.0019 160 140 120
0.0747 3.3512 0.0014 160 140 120
0.0773 3.4184 -0.0013 160 140 120
0.0783 3.4953 -0.0036 160 140 120
0.0749 3.5746 0.0010 160 140 120
0.0836 3.6485 -0.0055 160 140 120
0.0728 3.7193 0.0027 160 140 120
0.0811 3.7933 -0.0045 160 140 120
0.0713 3.8639 -0.0000 160 140 120
0.0748 3.9375 0.0020 160 140 120
0.0852 4.0130 -0.0004 160 140 120
0.0868 4.0851 -0.0019 160 140 120
0.0820 4.1621 -0.0076 160 140 120
0.0745 4.2263 -0.0020 160 140 120
0.0666 4.2894 -0.0027 160 140 120
0.1489 -0.0051 0.0023 160 140 120
0.1600 0.0693 0.0004 160 140 120
0.1554 0.1380 0.0006 160 140 120
0.1522 0.2123 0.0022 160 140 120
0.1494 0.3026 -0.0023 160 140 120
0.1476 0.3721 0.0001 160 140 120
0.1588 0.4395 -0.0047 160 140 120
0.1557 0.5061 -0.0046 160 140 120
0.1426 0.5902 -0.0018 160 140 120
0.1461 0.6563 -0.0022 160 140 120
0.1520 0.7158 0.0021 160 140 120
0.1555 0.8076 0.0001 160 140 120
0.1503 0.8687 0.0012 160 140 120
0.1513 0.9528 -0.0039 160 140 120
0.1577 1.0166 -0.0021 160 140 120
0.1524 1.1012 -0.0009 160 140 120
0.1497 1.1653 0.0049 160 140 120
0.1489 1.2405 0.0051 160 140 120
0.1561 1.3076 0.0050 160 140 120
0.1449 1.3832 -0.0044 160 140 120
0.1451 1.4562 -0.0018 160 140 120
0.1500 1.5351 0.0044 160 140 120
0.1483 1.5971 -0.0014 160 140 120
0.1467 1.6672 -0.0056 160 140 120
0.1552 1.7482 -0.0037 160 140 120
0.1408 1.8153 0.0005 160 140 120
0.1539 1.8918 0.0025 160 140 120
0.1456 1.9666 -0.0007 160 140 120
0.1540 2.0338 0.0006 160 140 120
0.1489 2.1166 -0.0006 160 140 120
0.1442 2.1825 0.0005 160 140 120
0.1502 2.2593 0.0010 160 140 120
0.1400 2.3269 -0.0013 160 140 120
0.1550 2.4028 -0.0019 160 140 120
0.1558 2.4725 0.0030 160 140 120
0.1460 2.5498 0.0013 160 140 120
0.1467 2.6284 -0.0003 160 140 120
0.1469 2.7009 0.0009 160 140 120
0.1417 2.7605 -0.0027 160 140 120
0.1564 2.8403 0.0006 160 140 120
0.1519 2.9078 0.0015 160 140 120
0.1551 2.9905 -0.0005 160 140 120
0.1450 3.0605 0.0006 160 140 120
0.1529 3.1369 -0.0001 160 140 120
0.1495 3.2014 0.0028 160 140 120
0.1464 3.2795 0.0012 160 140 120
0.1611 3.3678 -0.0027 160 140 120
0.1527 3.4248 -0.0073 160 140 120
0.1520 3.4964 -0.0026 160 140 120
0.1507 3.5732 0.0017 160 140 120
0.1580 3.6442 0.0047 160 140 120
0.1504 3.7184 -0.0015 160 140 120
0.1514 3.7932 -0.0017 160 140 120
0.1514 3.8706 -0.0004 160 140 120
0.1491 3.9438 -0.0018 160 140 120
0.1454 4.0045 -0.0002 160 140 120
0.1462 4.0760 -0.0035 160 140 120
0.1612 4.1541 0.0049 160 140 120
0.1555 4.2205 -0.0008 160 140 120
0.1526 4.3017 -0.0026 160 140 120
0.2382 0.0034 0.0011 160 140 120
0.2318 0.0784 0.0006 160 140 120
0.2289 0.1456 -0.0002 160 140 120
0.2358 0.2257 0.0002 160 140 120
0.2241 0.2937 -0.0043 160 140 120
0.2268 0.3605 -0.0026 160 140 120
0.2264 0.4387 0.0045 160 140 120
0.2243 0.5109 -0.0014 160 140 120
0.2303 0.5827 0.0001 160 140 120
0.2251 0.6506 0.0030 160 140 120
0.2153 0.7259 -0.0009 160 140 120
0.2305 0.8015 -0.0020 160 140 120
0.2242 0.8777 0.0004 160 140 120
0.2173 0.9484 -0.0050 160 140 120
0.2178 1.0254 -0.0035 160 140 120
0.2281 1.0842 0.0016 160 140 120
0.2290 1.1627 -0.0009 160 140 120
0.2241 1.2385 0.0020 160 140 120
0.2145 1.3159 0.0003 160 140 120
0.2235 1.3858 0.0009 160 140 120
0.2356 1.4572 -0.0022 160 140 120
0.2347 1.5306 0.0015 160 140 120
0.2186 1.5966 0.0014 160 140 120
0.2251 1.6686 0.0030 160 140 120
0.2240 1.7394 0.0016 160 140 120
0.2259 1.8196 -0.0012 160 140 120
0.2255 1.8907 -0.0056 160 140 120
0.2283 1.9700 0.0021 160 140 120
0.2302 2.0552 -0.0041 160 140 120
0.2333 2.1163 -0.0012 160 140 120
0.2248 2.1797 -0.0033 160 140 120
0.2278 2.2580 0.0017 160 140 120
0.2270 2.3423 0.0048 160 140 120
0.2269 2.4143 -0.0024 160 140 120
0.2203 2.4837 0.0014 160 140 120
0.2225 2.5546 -0.0003 160 140 120
0.2267 2.6206 -0.0006 160 140 120
0.2272 2.6975 -0.0004 160 140 120
0.2225 2.7766 0.0031 160 140 120
0.2184 2.8367 0.0011 160 140 120
0.2291 2.9133 0.0022 160 140 120
0.2256 2.9786 -0.0048 160 140 120
0.2281 3.0589 -0.0057 160 140 120
0.2119 3.1376 0.0003 160 140 120
0.2269 3.2078 0.0036 160 140 120
0.2194 3.2877 0.0055 160 140 120
0.2212 3.3497 -0.0038 160 140 120
0.2266 3.4264 -0.0007 160 140 120
0.2262 3.4974 -0.0047 160 140 120
0.2266 3.5752 -0.0025 160 140 120
0.2265 3.6461 0.0014 160 140 120
0.2290 3.7113 -0.0021 160 140 120
0.2228 3.7959 0.0020 160 140 120
0.2274 3.8679 -0.0005 160 140 120
0.2298 3.9328 -0.0050 160 140 120
0.2258 4.0045 -0.0026 160 140 120
0.2266 4.0773 -0.0002 160 140 120
0.2315 4.1525 0.0030 160 140 120
0.2265 4.2295 0.0015 160 140 120
0.2297 4.2941 -0.0010 160 140 120
0.3009 0.0022 0.0009 160 140 120
0.3122 0.0714 -0.0008 160 140 120
0.3038 0.1383 0.0014 160 140 120
0.3019 0.2240 0.0026 160 140 120
0.3031 0.2994 -0.0008 160 140 120
0.3045 0.3717 -0.0001 160 140 120
0.2892 0.4308 -0.0075 160 140 120
0.3052 0.4988 0.0007 160 140 120
0.2976 0.5746 0.0033 160 140 120
0.3045 0.6527 0.0076 160 140 120
0.3073 0.7353 -0.0047 160 140 120
0.3024 0.8098 0.0013 160 140 120
0.3012 0.8653 -0.0040 160 140 120
0.3054 0.9523 0.0011 160 140 120
0.2961 1.0224 -0.0011 160 140 120
0.2985 1.0840 0.0017 160 140 120
0.3057 1.1679 -0.0033 160 140 120
0.3040 1.2463 0.0013 160 140 120
0.3025 1.3100 0.0005 160 140 120
0.2991 1.3882 0.0036 160 140 120
0.3040 1.4616 -0.0014 160 140 120
0.2913 1.5333 0.0032 160 140 120
0.3018 1.6035 -0.0061 160 140 120
0.3081 1.6720 0.0009 160 140 120
0.2999 1.7497 0.0001 160 140 120
0.3026 1.8288 0.0029 160 140 120
0.2989 1.8998 -0.0009 160 140 120
0.2995 1.9640 -0.0019 160 140 120
0.3050 2.0405 0.0017 160 140 120
0.3017 2.1194 -0.0024 160 140 120
0.2955 2.1873 0.0050 160 140 120
0.3085 2.2632 -0.0044 160 140 120
0.3037 2.3388 0.0012 160 140 120
0.3072 2.4073 -0.0032 160 140 120
0.3010 2.4752 -0.0002 160 140 120
0.3006 2.5455 -0.0016 160 140 120
0.3038 2.6295 -0.0003 160 140 120
0.3000 2.6993 0.0048 160 140 120
0.3061 2.7665 0.0005 160 140 120
0.2995 2.8401 -0.0034 160 140 120
0.3005 2.9154 -0.0030 160 140 120
0.2969 2.9923 0.0010 160 140 120
0.2990 3.0713 0.0076 160 140 120
0.3064 3.1375 -0.0009 160 140 120
0.2989 3.2031 -0.0015 160 140 120
0.3093 3.2861 -0.0059 160 140 120
0.3004 3.3574 0.0014 160 140 120
0.3032 3.4266 -0.0011 160 140 120
0.2988 3.5041 0.0021 160 140 120
0.2947 3.5725 -0.0046 160 140 120
0.2975 3.6499 0.0038 160 140 120
0.3060 3.7164 0.0004 160 140 120
0.3042 3.7923 0.0019 160 140 120
0.2986 3.8631 -0.0024 160 140 120
0.3045 3.9428 -0.0010 160 140 120
0.3116 4.0140 -0.0020 160 140 120
0.2999 4.0791 -0.0024 160 140 120
0.2985 4.1665 0.0013 160 140 120
0.3043 4.2294 -0.0028 160 140 120
0.3079 4.2968 -0.0002 160 140 120
0.3823 0.0025 0.0015 160 140 120
0.3832 0.0733 -0.0028 160 140 120
0.3817 0.1423 0.0030 160 140 120
0.3808 0.2211 -0.0019 160 140 120
0.3781 0.2867 -0.0037 160 140 120
0.3724 0.3688 0.0014 160 140 120
0.3795 0.4434 0.0012 160 140 120
0.3796 0.5161 -0.0012 160 140 120
0.3720 0.5871 -0.0041 160 140 120
0.3790 0.6610 -0.0028 160 140 120
0.3756 0.7327 -0.0014 160 140 120
0.3775 0.7916 0.0031 160 140 120
0.3804 0.8680 -0.0010 160 140 120
0.3752 0.9511 -0.0029 160 140 120
0.3786 1.0222 0.0048 160 140 120
0.3786 1.0850 0.0029 160 140 120
0.3757 1.1656 -0.0079 160 140 120
0.3789 1.2376 0.0025 160 140 120
0.3754 1.3224 -0.0028 160 140 120
0.3722 1.3926 0.0015 160 140 120
0.3789 1.4631 0.0015 160 140 120
0.3734 1.5357 0.0000 160 140 120
0.3751 1.6054 -0.0009 160 140 120
0.3785 1.6765 0.0047 160 140 120
0.3836 1.7487 -0.0049 160 140 120
0.3820 1.8246 -0.0014 160 140 120
0.3658 1.8943 0.0007 160 140 120
0.3747 1.9626 -0.0050 160 140 120
0.3793 2.0448 -0.0001 160 140 120
0.3768 2.1141 0.0015 160 140 120
0.3734 2.1845 -0.0017 160 140 120
0.3733 2.2679 0.0006 160 140 120
0.3791 2.3345 -0.0001 160 140 120
0.3727 2.4038 -0.0032 160 140 120
0.3792 2.4791 -0.0028 160 140 120
0.3826 2.5499 -0.0005 160 140 120
0.3789 2.6267 0.0001 160 140 120
0.3756 2.7034 -0.0028 160 140 120
0.3822 2.7759 -0.0026 160 140 120
0.3757 2.8391 0.0030 160 140 120
0.3791 2.9136 -0.0013 160 140 120
0.3785 2.9854 -0.0014 160 140 120
0.3764 3.0569 -0.0015 160 140 120
0.3803 3.1399 0.0002 160 140 120
0.3764 3.2111 -0.0006 160 140 120
0.3742 3.2788 -0.0025 160 140 120
0.3845 3.3505 -0.0006 160 140 120
0.3781 3.4244 0.0040 160 140 120
0.3678 3.5020 -0.0005 160 140 120
0.3761 3.5713 0.0023 160 140 120
0.3780 3.6414 -0.0023 160 140 120
0.3806 3.7134 -0.0034 160 140 120
0.3759 3.7859 -0.0009 160 140 120
0.3713 3.8534 -0.0032 160 140 120
0.3718 3.9420 0.0004 160 140 120
0.3764 4.0104 -0.0006 160 140 120
0.3847 4.0787 -0.0030 160 140 120
0.3815 4.1568 0.0015 160 140 120
0.3710 4.2186 0.0012 160 140 120
0.3803 4.2971 0.0057 160 140 120
0.4430 -0.0174 -0.0005 160 140 120
0.4520 0.0775 0.0012 160 140 120
0.4493 0.1419 -0.0003 160 140 120
0.4470 0.2239 -0.0026 160 140 120
0.4427 0.2932 -0.0051 160 140 120
0.4489 0.3646 -0.0008 160 140 120
0.4464 0.4356 0.0024 160 140 120
0.4537 0.5020 0.0015 160 140 120
0.4536 0.5800 -0.0060 160 140 120
0.4584 0.6563 0.0004 160 140 120
0.4508 0.7314 -0.0016 160 140 120
0.4492 0.8013 0.0011 160 140 120
0.4457 0.8742 0.0037 160 140 120
0.4523 0.9468 0.0051 160 140 120
0.4492 1.0277 0.0025 160 140 120
0.4494 1.0949 0.0010 160 140 120
0.4499 1.1630 -0.0008 160 140 120
0.4466 1.2439 0.0054 160 140 120
0.4583 1.3171 0.0006 160 140 120
0.4587 1.3754 -0.0029 160 140 120
0.4571 1.4628 -0.0028 160 140 120
0.4529 1.5216 -0.0002 160 140 120
0.4472 1.5997 -0.0051 160 140 120
0.4456 1.6727 0.0010 160 140 120
0.4510 1.7436 0.0024 160 140 120
0.4490 1.8287 0.0054 160 140 120
0.4606 1.8964 -0.0045 160 140 120
0.4458 1.9591 0.0004 160 140 120
0.4432 2.0437 0.0055 160 140 120
0.4511 2.1167 -0.0026 160 140 120
0.4511 2.1970 0.0005 160 140 120
0.4600 2.2506 0.0004 160 140 120
0.4577 2.3316 0.0014 160 140 120
0.4471 2.4022 0.0006 160 140 120
0.4534 2.4800 -0.0040 160 140 120
0.4613 2.5526 0.0007 160 140 120
0.4502 2.6275 -0.0030 160 140 120
0.4572 2.6921 -0.0018 160 140 120
0.4666 2.7784 0.0003 160 140 120
0.4505 2.8370 0.0012 160 140 120
0.4525 2.9035 0.0060 160 140 120
0.4479 2.9964 0.0018 160 140 120
0.4515 3.0540 0.0042 160 140 120
0.4466 3.1282 -0.0012 160 140 120
0.4529 3.2075 0.0033 160 140 120
0.4494 3.2788 -0.0010 160 140 120
0.4532 3.3492 0.0012 160 140 120
0.4531 3.4235 0.0006 160 140 120
0.4536 3.5042 0.0031 160 140 120
0.4640 3.5782 0.0035 160 140 120
0.4490 3.6406 -0.0047 160 140 120
0.4550 3.7203 -0.0046 160 140 120
0.4498 3.7973 -0.0002 160 140 120
0.4550 3.8577 -0.0007 160 140 120
0.4624 3.9367 0.0023 160 140 120
0.4572 4.0063 -0.0010 160 140 120
0.4531 4.0790 -0.0020 160 140 120
0.4519 4.1591 0.0012 160 140 120
0.4475 4.2282 -0.0004 160 140 120
0.4475 4.3014 0.0025 160 140 120
0.5244 -0.0157 -0.0017 160 140 120
0.5295 0.0698 0.0002 160 140 120
0.5186 0.1527 -0.0012 160 140 120
0.5331 0.2210 -0.0045 160 140 120
0.5214 0.2903 -0.0024 160 140 120
0.5312 0.3586 -0.0033 160 140 120
0.5271 0.4439 -0.0014 160 140 120
0.5350 0.5100 -0.0010 160 140 120
0.5260 0.5800 0.0001 160 140 120
0.5211 0.6557 0.0016 160 140 120
0.5319 0.7309 -0.0022 160 140 120
0.5285 0.8074 0.0029 160 140 120
0.5339 0.8743 -0.0020 160 140 120
0.5279 0.9455 -0.0060 160 140 120
0.5234 1.0149 -0.0043 160 140 120
0.5229 1.0881 -0.0002 160 140 120
0.5298 1.1612 -0.0003 160 140 120
0.5330 1.2376 -0.0054 160 140 120
0.5353 1.3097 -0.0027 160 140 120
0.5304 1.3830 0.0018 160 140 120
0.5232 1.4587 0.0017 160 140 120
0.5263 1.5321 0.0042 160 140 120
0.5273 1.6150 -0.0017 160 140 120
0.5237 1.6807 0.0008 160 140 120
0.5239 1.7462 -0.0062 160 140 120
0.5276 1.8206 -0.0042 160 140 120
0.5302 1.8989 -0.0037 160 140 120
0.5157 1.9642 0.0036 160 140 120
0.5255 2.0391 -0.0001 160 140 120
0.5184 2.1113 0.0051 160 140 120
0.5230 2.1728 0.0025 160 140 120
0.5215 2.2672 -0.0031 160 140 120
0.5182 2.3254 -0.0005 160 140 120
0.5305 2.3998 -0.0058 160 140 120
0.5313 2.4641 0.0023 160 140 120
0.5204 2.5560 -0.0005 160 140 120
0.5271 2.6280 -0.0023 160 140 120
0.5314 2.7023 0.0034 160 140 120
0.5255 2.7695 0.0025 160 140 120
0.5207 2.8403 -0.0022 160 140 120
0.5302 2.9216 -0.0026 160 140 120
0.5292 2.9902 -0.0017 160 140 120
0.5292 3.0631 0.0021 160 140 120
0.5292 3.1385 -0.0019 160 140 120
0.5282 3.2058 0.0003 160 140 120
0.5292 3.2784 0.0005 160 140 120
0.5297 3.3498 -0.0028 160 140 120
0.5250 3.4338 -0.0020 160 140 120
0.5255 3.5035 0.0017 160 140 120
0.5300 3.5689 -0.0006 160 140 120
0.5268 3.6509 0.0019 160 140 120
0.5242 3.7261 0.0067 160 140 120
0.5292 3.7909 -0.0006 160 140 120
0.5356 3.8663 0.0005 160 140 120
0.5446 3.9417 -0.0029 160 140 120
0.5275 4.0021 -0.0011 160 140 120
0.5363 4.0711 -0.0043 160 140 120
0.5345 4.1452 0.0002 160 140 120
0.5278 4.2226 0.0005 160 140 120
0.5366 4.2942 0.0016 160 140 120
0.6060 -0.0076 0.0014 160 140 120
0.6118 0.0754 -0.0014 160 140 120
0.6035 0.1474 0.0010 160 140 120
0.6022 0.2134 0.0026 160 140 120
0.6013 0.2915 0.0019 160 140 120
0.5987 0.3675 0.0024 160 140 120
0.5993 0.4394 0.0003 160 140 120
0.6074 0.5064 0.0004 160 140 120
0.6154 0.5812 0.0014 160 140 120
0.6104 0.6616 0.0017 160 140 120
0.5996 0.7342 0.0002 160 140 120
0.5985 0.8008 -0.0018 160 140 120
0.6089 0.8670 0.0034 160 140 120
0.6053 0.9558 0.0024 160 140 120
0.6015 1.0183 -0.0003 160 140 120
0.6010 1.0901 0.0028 160 140 120
0.6046 1.1647 0.0053 160 140 120
0.5960 1.2428 0.0035 160 140 120
0.6028 1.3135 0.0039 160 140 120
0.5984 1.3804 -0.0035 160 140 120
0.5958 1.4477 -0.0011 160 140 120
0.6039 1.5295 -0.0026 160 140 120
0.6042 1.6068 0.0029 160 140 120
0.5962 1.6755 -0.0018 160 140 120
0.6009 1.7508 -0.0013 160 140 120
0.6067 1.8256 0.0012 160 140 120
0.5963 1.8995 -0.0008 160 140 120
0.5959 1.9682 0.0044 160 140 120
0.6105 2.0412 0.0017 160 140 120
0.6076 2.1084 0.0011 160 140 120
0.5997 2.1895 -0.0040 160 140 120
0.6155 2.2553 -0.0035 160 140 120
0.6087 2.3355 -0.0041 160 140 120
0.6083 2.4035 -0.0030 160 140 120
0.6046 2.4778 0.0006 160 140 120
0.6024 2.5550 -0.0005 160 140 120
0.6087 2.6238 -0.0037 160 140 120
0.6009 2.6976 -0.0052 160 140 120
0.6027 2.7679 -0.0053 160 140 120
0.6011 2.8426 0.0002 160 140 120
0.6126 2.9154 0.0012 160 140 120
0.5974 2.9877 -0.0005 160 140 120
0.5945 3.0638 -0.0027 160 140 120
0.6070 3.1308 -0.0028 160 140 120
0.6126 3.2067 -0.0019 160 140 120
0.6013 3.2784 0.0054 160 140 120
0.6024 3.3544 0.0002 160 140 120
0.5976 3.4252 0.0015 160 140 120
0.6036 3.4940 -0.0015 160 140 120
0.6058 3.5824 0.0000 160 140 120
0.6037 3.6448 0.0023 160 140 120
0.5976 3.7155 -0.0010 160 140 120
0.6044 3.7955 -0.0043 160 140 120
0.6024 3.8583 -0.0014 160 140 120
0.5967 3.9415 -0.0011 160 140 120
0.5935 4.0049 -0.0001 160 140 120
0.6063 4.0888 0.0032 160 140 120
0.6081 4.1519 0.0012 160 140 120
0.6010 4.2215 -0.0036 160 140 120
0.6044 4.3067 0.0014 160 140 120
0.6779 0.0017 0.0069 160 140 120
0.6726 0.0680 0.0001 160 140 120
0.6807 0.1435 0.0001 160 140 120
0.6749 0.2176 -0.0045 160 140 120
0.6756 0.2960 0.0014 160 140 120
0.6828 0.3606 0.0014 160 140 120
0.6744 0.4321 -0.0008 160 140 120
0.6808 0.5112 0.0041 160 140 120
0.6752 0.5845 0.0045 160 140 120
0.6710 0.6624 0.0013 160 140 120
0.6713 0.7239 -0.0015 160 140 120
0.6843 0.8017 0.0009 160 140 120
0.6832 0.8832 0.0002 160 140 120
0.6740 0.9536 0.0002 160 140 120
0.6788 1.0163 -0.0035 160 140 120
0.6881 1.0886 -0.0044 160 140 120
0.6750 1.1696 -0.0059 160 140 120
0.6832 1.2411 0.0038 160 140 120
0.6773 1.3078 -0.0021 160 140 120
0.6791 1.3782 0.0020 160 140 120
0.6711 1.4624 0.0016 160 140 120
0.6767 1.5162 0.0010 160 140 120
0.6705 1.6108 0.0053 160 140 120
0.6832 1.6838 -0.0052 160 140 120
0.6714 1.7481 0.0027 160 140 120
0.6806 1.8291 -0.0012 160 140 120
0.6815 1.8939 0.0020 160 140 120
0.6794 1.9730 -0.0034 160 140 120
0.6823 2.0449 0.0012 160 140 120
0.6805 2.1085 0.0041 160 140 120
0.6752 2.1867 -0.0032 160 140 120
0.6740 2.2571 -0.0020 160 140 120
0.6835 2.3367 -0.0048 160 140 120
0.6746 2.4111 -0.0043 160 140 120
0.6778 2.4665 0.0006 160 140 120
0.6748 2.5518 0.0022 160 140 120
0.6793 2.6216 0.0021 160 140 120
0.6712 2.7011 0.0022 160 140 120
0.6798 2.7698 0.0022 160 140 120
0.6788 2.8428 -0.0006 160 140 120
0.6727 2.9098 -0.0009 160 140 120
0.6715 2.9886 0.0056 160 140 120
0.6726 3.0670 -0.0012 160 140 120
0.6831 3.1268 0.0073 160 140 120
0.6824 3.2094 -0.0027 160 140 120
0.6779 3.2791 -0.0046 160 140 120
0.6719 3.3516 0.0032 160 140 120
0.6814 3.4213 0.0026 160 140 120
0.6854 3.4956 -0.0053 160 140 120
0.6796 3.5745 0.0001 160 140 120
0.6818 3.6451 -0.0014 160 140 120
0.6704 3.7136 -0.0008 160 140 120
0.6761 3.7779 0.0036 160 140 120
0.6764 3.8630 0.0003 160 140 120
0.6789 3.9427 0.0006 160 140 120
0.6879 3.9998 -0.0005 160 140 120
0.6774 4.0812 -0.0020 160 140 120
0.6741 4.1573 -0.0076 160 140 120
0.6825 4.2228 0.0016 160 140 120
0.6711 4.2979 -0.0019 160 140 120
0.7507 -0.0067 -0.0001 160 140 120
0.7567 0.0701 -0.0023 160 140 120
0.7549 0.1467 -0.0004 160 140 120
0.7502 0.2180 0.0021 160 140 120
0.7525 0.2899 0.0010 160 140 120
0.7510 0.3722 0.0016 160 140 120
0.7558 0.4383 0.0039 160 140 120
0.7489 0.5126 0.0032 160 140 120
0.7624 0.5931 0.0023 160 140 120
0.7589 0.6522 0.0031 160 140 120
0.7524 0.7421 0.0022 160 140 120
0.7487 0.8024 0.0014 160 140 120
0.7504 0.8781 -0.0021 160 140 120
0.7550 0.9549 -0.0001 160 140 120
0.7519 1.0220 -0.0006 160 140 120
0.7553 1.0960 -0.0026 160 140 120
0.7535 1.1638 -0.0013 160 140 120
0.7498 1.2453 0.0023 160 140 120
0.7587 1.3121 0.0023 160 140 120
0.7522 1.3765 0.0034 160 140 120
0.7536 1.4541 -0.0005 160 140 120
0.7545 1.5390 0.0025 160 140 120
0.7431 1.6006 0.0015 160 140 120
0.7505 1.6826 0.0002 160 140 120
0.7450 1.7474 0.0005 160 140 120
0.7595 1.8264 -0.0001 160 140 120
0.7494 1.9004 0.0007 160 140 120
0.7556 1.9671 -0.0073 160 140 120
0.7604 2.0427 0.0050 160 140 120
0.7457 2.1053 -0.0017 160 140 120
0.7557 2.1804 0.0024 160 140 120
0.7416 2.2646 -0.0008 160 140 120
0.7616 2.3469 0.0022 160 140 120
0.7564 2.4082 -0.0066 160 140 120
0.7559 2.4715 0.0034 160 140 120
0.7505 2.5522 0.0006 160 140 120
0.7636 2.6256 0.0044 160 140 120
0.7507 2.6933 -0.0032 160 140 120
0.7535 2.7668 -0.0017 160 140 120
0.7502 2.8521 0.0012 160 140 120
0.7450 2.9033 -0.0023 160 140 120
0.7531 2.9905 -0.0028 160 140 120
0.7505 3.0549 0.0004 160 140 120
0.7561 3.1375 0.0002 160 140 120
0.7523 3.2014 -0.0021 160 140 120
0.7450 3.2796 -0.0026 160 140 120
0.7585 3.3510 -0.0009 160 140 120
0.7590 3.4204 -0.0003 160 140 120
0.7629 3.5040 -0.0002 160 140 120
0.7602 3.5715 0.0039 160 140 120
0.7516 3.6472 0.0020 160 140 120
0.7556 3.7098 0.0030 160 140 120
0.7571 3.7855 -0.0048 160 140 120
0.7607 3.8614 0.0027 160 140 120
0.7560 3.9343 0.0043 160 140 120
0.7490 4.0091 -0.0072 160 140 120
0.7487 4.0782 0.0032 160 140 120
0.7505 4.1478 -0.0041 160 140 120
0.7471 4.2198 -0.0074 160 140 120
0.7501 4.3046 0.0018 160 140 120
0.8175 0.0050 0.0014 160 140 120
0.8254 0.0807 0.0021 160 140 120
0.8288 0.1475 0.0021 160 140 120
0.8341 0.2185 0.0015 160 140 120
0.8222 0.2863 0.0005 160 140 120
0.8252 0.3709 0.0015 160 140 120
0.8236 0.4372 0.0030 160 140 120
0.8237 0.5064 0.0046 160 140 120
0.8221 0.5883 0.0048 160 140 120
0.8298 0.6631 -0.0039 160 140 120
0.8291 0.7303 -0.0040 160 140 120
0.8324 0.7993 0.0004 160 140 120
0.8231 0.8792 -0.0022 160 140 120
0.8248 0.9355 -0.0035 160 140 120
0.8272 1.0124 -0.0056 160 140 120
0.8342 1.0933 0.0004 160 140 120
0.8361 1.1622 -0.0029 160 140 120
0.8304 1.2316 -0.0005 160 140 120
0.8344 1.3166 -0.0026 160 140 120
0.8340 1.3835 -0.0017 160 140 120
0.8316 1.4559 0.0030 160 140 120
0.8321 1.5216 0.0067 160 140 120
0.8376 1.6075 0.0035 160 140 120
0.8281 1.6636 0.0002 160 140 120
0.8319 1.7500 0.0030 160 140 120
0.8370 1.8262 0.0013 160 140 120
0.8340 1.8952 -0.0004 160 140 120
0.8216 1.9718 0.0011 160 140 120
0.8277 2.0393 -0.0043 160 140 120
0.8303 2.1205 -0.0033 160 140 120
0.8334 2.1918 -0.0031 160 140 120
0.8218 2.2600 0.0019 160 140 120
0.8295 2.3352 0.0004 160 140 120
0.8258 2.4033 -0.0001 160 140 120
0.8308 2.4698 0.0011 160 140 120
0.8264 2.5440 -0.0043 160 140 120
0.8399 2.6144 -0.0006 160 140 120
0.8271 2.7066 0.0040 160 140 120
0.8313 2.7702 -0.0019 160 140 120
0.8286 2.8353 0.0009 160 140 120
0.8355 2.9141 0.0003 160 140 120
0.8337 2.9817 0.0042 160 140 120
0.8334 3.0696 0.0008 160 140 120
0.8279 3.1347 0.0008 160 140 120
0.8264 3.2023 -0.0008 160 140 120
0.8264 3.2820 -0.0022 160 140 120
0.8253 3.3551 -0.0021 160 140 120
0.8221 3.4337 -0.0053 160 140 120
0.8346 3.5034 0.0052 160 140 120
0.8270 3.5693 0.0022 160 140 120
0.8292 3.6463 0.0019 160 140 120
0.8172 3.7227 0.0014 160 140 120
0.8172 3.7912 0.0040 160 140 120
0.8381 3.8629 -0.0033 160 140 120
0.8262 3.9386 0.0050 160 140 120
0.8275 4.0040 -0.0019 160 140 120
0.8275 4.0770 0.0040 160 140 120
0.8240 4.1511 -0.0068 160 140 120
0.8267 4.2326 -0.0024 160 140 120
0.8302 4.2984 0.0060 160 140 120
0.9065 0.0058 0.0023 160 140 120
0.8965 0.0748 0.0024 160 140 120
0.9066 0.1474 0.0021 160 140 120
0.9047 0.2206 0.0029 160 140 120
0.9113 0.2882 0.0067 160 140 120
0.9020 0.3565 0.0000 160 140 120
0.8913 0.4448 0.0004 160 140 120
0.9072 0.5053 -0.0005 160 140 120
0.8961 0.5789 0.0009 160 140 120
0.8999 0.6461 0.0007 160 140 120
0.8972 0.7300 0.0034 160 140 120
0.9136 0.7963 -0.0007 160 140 120
0.8968 0.8647 0.0001 160 140 120
0.9105 0.9515 0.0021 160 140 120
0.9141 1.0121 0.0019 160 140 120
0.9066 1.0994 0.0018 160 140 120
0.9121 1.1638 -0.0051 160 140 120
0.9098 1.2393 -0.0018 160 140 120
0.9033 1.3034 0.0018 160 140 120
0.9071 1.3903 0.0030 160 140 120
0.9103 1.4512 0.0037 160 140 120
0.8996 1.5276 -0.0009 160 140 120
0.8976 1.6051 -0.0038 160 140 120
0.9111 1.6665 -0.0027 160 140 120
0.9085 1.7497 0.0040 160 140 120
0.9135 1.8164 0.0034 160 140 120
0.9077 1.8991 0.0057 160 140 120
0.9027 1.9694 0.0015 160 140 120
0.9044 2.0510 -0.0009 160 140 120
0.9047 2.1100 0.0002 160 140 120
0.9115 2.1848 0.0043 160 140 120
0.9046 2.2557 -0.0012 160 140 120
0.9040 2.3395 0.0010 160 140 120
0.9072 2.4010 0.0006 160 140 120
0.8992 2.4787 0.0007 160 140 120
0.9035 2.5536 -0.0016 160 140 120
0.9053 2.6126 -0.0027 160 140 120
0.9087 2.6950 -0.0002 160 140 120
0.9055 2.7733 0.0021 160 140 120
0.9018 2.8438 -0.0019 160 140 120
0.8954 2.9175 -0.0019 160 140 120
0.8908 2.9901 -0.0050 160 140 120
0.9083 3.0533 -0.0001 160 140 120
0.8941 3.1399 0.0016 160 140 120
0.9082 3.2057 -0.0015 160 140 120
0.9006 3.2794 0.0018 160 140 120
0.9100 3.3472 -0.0040 160 140 120
0.9019 3.4242 0.0027 160 140 120
0.9063 3.5003 0.0064 160 140 120
0.9104 3.5728 -0.0044 160 140 120
0.9077 3.6499 -0.0001 160 140 120
0.9125 3.7147 -0.0012 160 140 120
0.9014 3.8007 0.0012 160 140 120
0.9079 3.8592 0.0018 160 140 120
0.9012 3.9390 -0.0030 160 140 120
0.8969 4.0049 0.0031 160 140 120
0.9027 4.0815 0.0011 160 140 120
0.9052 4.1560 0.0059 160 140 120
0.9037 4.2213 0.0015 160 140 120
0.9033 4.2985 0.0013 160 140 120
0.9879 -0.0014 0.0004 160 140 120
0.9764 0.0836 0.0015 160 140 120
0.9775 0.1402 -0.0015 160 140 120
0.9758 0.2133 0.0020 160 140 120
0.9736 0.2959 0.0016 160 140 120
0.9776 0.3664 0.0000 160 140 120
0.9728 0.4361 0.0007 160 140 120
0.9693 0.5091 0.0010 160 140 120
0.9786 0.5771 0.0039 160 140 120
0.9768 0.6497 -0.0006 160 140 120
0.9777 0.7353 -0.0059 160 140 120
0.9825 0.7933 -0.0059 160 140 120
0.9715 0.8757 0.0015 160 140 120
0.9793 0.9453 -0.0037 160 140 120
0.9829 1.0233 0.0020 160 140 120
0.9752 1.0921 -0.0008 160 140 120
0.9805 1.1592 -0.0006 160 140 120
0.9760 1.2403 -0.0030 160 140 120
0.9830 1.3057 0.0019 160 140 120
0.9808 1.3856 -0.0014 160 140 120
0.9818 1.4567 0.0022 160 140 120
0.9794 1.5271 0.0013 160 140 120
0.9744 1.6106 -0.0007 160 140 120
0.9814 1.6638 -0.0020 160 140 120
0.9780 1.7435 0.0013 160 140 120
0.9713 1.8237 0.0008 160 140 120
0.9752 1.9000 0.0026 160 140 120
0.9809 1.9563 0.0000 160 140 120
0.9846 2.0395 -0.0070 160 140 120
0.9811 2.1124 -0.0013 160 140 120
0.9862 2.1960 0.0002 160 140 120
0.9828 2.2624 -0.0002 160 140 120
0.9709 2.3360 0.0023 160 140 120
0.9819 2.4112 0.0009 160 140 120
0.9716 2.4754 -0.0006 160 140 120
0.9829 2.5530 0.0033 160 140 120
0.9758 2.6312 -0.0018 160 140 120
0.9906 2.6953 0.0020 160 140 120
0.9796 2.7674 0.0034 160 140 120
0.9794 2.8379 -0.0008 160 140 120
0.9756 2.9141 -0.0001 160 140 120
0.9773 2.9842 0.0033 160 140 120
0.9750 3.0609 0.0028 160 140 120
0.9742 3.1370 0.0005 160 140 120
0.9854 3.1991 -0.0054 160 140 120
0.9792 3.2719 0.0053 160 140 120
0.9760 3.3586 -0.0048 160 140 120
0.9773 3.4269 0.0037 160 140 120
0.9858 3.4993 -0.0009 160 140 120
0.9875 3.5676 -0.0006 160 140 120
0.9902 3.6455 -0.0002 160 140 120
0.9783 3.7134 0.0012 160 140 120
0.9835 3.7920 0.0006 160 140 120
0.9834 3.8648 -0.0066 160 140 120
0.9861 3.9391 0.0019 160 140 120
0.9850 4.0119 0.0057 160 140 120
0.9753 4.0890 0.0004 160 140 120
0.9815 4.1495 -0.0058 160 140 120
0.9748 4.2289 -0.0019 160 140 120
0.9833 4.2955 0.0001 160 140 120
1.0574 -0.0045 0.0050 160 140 120
1.0595 0.0701 0.0046 160 140 120
1.0550 0.1469 -0.0013 160 140 120
1.0551 0.2111 0.0029 160 140 120
1.0559 0.2914 0.0029 160 140 120
1.0629 0.3685 0.0002 160 140 120
1.0596 0.4367 0.0012 160 140 120
1.0553 0.5112 -0.0016 160 140 120
1.0585 0.5757 0.0007 160 140 120
1.0522 0.6578 -0.0042 160 140 120
1.0512 0.7274 -0.0022 160 140 120
1.0656 0.7970 0.0008 160 140 120
1.0576 0.8746 -0.0016 160 140 120
1.0546 0.9560 -0.0005 160 140 120
1.0541 1.0215 -0.0033 160 140 120
1.0494 1.0917 -0.0033 160 140 120
1.0450 1.1678 0.0016 160 140 120
1.0525 1.2414 0.0023 160 140 120
1.0535 1.3184 0.0043 160 140 120
1.0539 1.3857 -0.0023 160 140 120
1.0593 1.4595 -0.0047 160 140 120
1.0541 1.5328 -0.0003 160 140 120
1.0522 1.6050 -0.0013 160 140 120
1.0583 1.6717 0.0029 160 140 120
1.0584 1.7477 -0.0003 160 140 120
1.0492 1.8167 0.0038 160 140 120
1.0552 1.8934 0.0001 160 140 120
1.0593 1.9702 -0.0032 160 140 120
1.0488 2.0455 -0.0005 160 140 120
1.0643 2.1087 -0.0028 160 140 120
1.0522 2.1897 0.0011 160 140 120
1.0550 2.2554 -0.0008 160 140 120
1.0504 2.3345 0.0035 160 140 120
1.0581 2.4070 -0.0012 160 140 120
1.0530 2.4799 -0.0011 160 140 120
1.0533 2.5467 -0.0001 160 140 120
1.0484 2.6188 -0.0043 160 140 120
1.0585 2.6917 0.0013 160 140 120
1.0647 2.7756 0.0038 160 140 120
1.0502 2.8398 0.0016 160 140 120
1.0413 2.9127 -0.0033 160 140 120
1.0638 2.9876 -0.0020 160 140 120
1.0538 3.0500 0.0015 160 140 120
1.0611 3.1318 0.0041 160 140 120
1.0550 3.2060 0.0002 160 140 120
1.0555 3.2759 -0.0026 160 140 120
1.0480 3.3461 -0.0079 160 140 120
1.0575 3.4361 -0.0056 160 140 120
1.0561 3.5018 0.0003 160 140 120
1.0455 3.5712 0.0002 160 140 120
1.0492 3.6425 -0.0015 160 140 120
1.0543 3.7195 0.0016 160 140 120
1.0552 3.7892 0.0004 160 140 120
1.0399 3.8634 -0.0008 160 140 120
1.0643 3.9409 0.0044 160 140 120
1.0506 4.0095 -0.0002 160 140 120
1.0533 4.0820 -0.0048 160 140 120
1.0522 4.1482 0.0019 160 140 120
1.0472 4.2240 -0.0002 160 140 120
1.0466 4.2985 0.0009 160 140 120
1.1240 0.0022 0.0015 160 140 120
1.1327 0.0710 0.0008 160 140 120
1.1335 0.1491 0.0006 160 140 120
1.1295 0.2188 0.0043 160 140 120
1.1334 0.2923 -0.0006 160 140 120
1.1275 0.3708 0.0013 160 140 120
1.1268 0.4369 0.0016 160 140 120
1.1266 0.5055 -0.0055 160 140 120
1.1349 0.5782 -0.0066 160 140 120
1.1321 0.6611 -0.0044 160 140 120
1.1349 0.7237 0.0004 160 140 120
1.1269 0.7964 0.0001 160 140 120
1.1234 0.8744 0.0021 160 140 120
1.1251 0.9473 -0.0018 160 140 120
1.1323 1.0204 -0.0007 160 140 120
1.1342 1.0916 -0.0050 160 140 120
1.1278 1.1722 0.0063 160 140 120
1.1317 1.2338 -0.0003 160 140 120
1.1364 1.3111 0.0019 160 140 120
1.1288 1.3942 -0.0049 160 140 120
1.1272 1.4601 0.0006 160 140 120
1.1292 1.5274 0.0036 160 140 120
1.1281 1.6014 -0.0009 160 140 120
1.1275 1.6877 -0.0042 160 140 120
1.1367 1.7573 -0.0006 160 140 120
1.1290 1.8267 0.0007 160 140 120
1.1393 1.9039 -0.0035 160 140 120
1.1256 1.9618 0.0007 160 140 120
1.1315 2.0293 -0.0009 160 140 120
1.1341 2.1095 -0.0020 160 140 120
1.1296 2.1841 -0.0004 160 140 120
1.1272 2.2640 -0.0022 160 140 120
1.1239 2.3346 -0.0005 160 140 120
1.1350 2.4009 -0.0027 160 140 120
1.1211 2.4722 0.0012 160 140 120
1.1284 2.5522 -0.0059 160 140 120
1.1229 2.6214 -0.0008 160 140 120
1.1265 2.6941 -0.0016 160 140 120
1.1259 2.7681 -0.0032 160 140 120
1.1294 2.8392 -0.0004 160 140 120
1.1193 2.9101 0.0014 160 140 120
1.1318 2.9954 -0.0015 160 140 120
1.1350 3.0575 -0.0041 160 140 120
1.1316 3.1321 -0.0010 160 140 120
1.1308 3.2158 0.0074 160 140 120
1.1267 3.2826 0.0016 160 140 120
1.1364 3.3547 -0.0017 160 140 120
1.1337 3.4266 -0.0029 160 140 120
1.1307 3.4989 -0.0005 160 140 120
1.1287 3.5818 -0.0025 160 140 120
1.1320 3.6344 0.0039 160 140 120
1.1316 3.7234 -0.0011 160 140 120
1.1251 3.7935 0.0004 160 140 120
1.1346 3.8612 0.0005 160 140 120
1.1269 3.9337 -0.0039 160 140 120
1.1250 4.0113 -0.0048 160 140 120
1.1301 4.0789 0.0004 160 140 120
1.1340 4.1559 0.0010 160 140 120
1.1318 4.2261 -0.0007 160 140 120
1.1322 4.3075 -0.0024 160 140 120
1.2028 0.0053 0.0036 160 140 120
1.2066 0.0692 -0.0036 160 140 120
1.2085 0.1455 -0.0052 160 140 120
1.2125 0.2287 0.0044 160 140 120
1.2029 0.2832 -0.0031 160 140 120
1.2136 0.3654 -0.0009 160 140 120
1.2016 0.4335 -0.0030 160 140 120
1.2073 0.5109 -0.0043 160 140 120
1.2055 0.5824 -0.0010 160 140 120
1.1994 0.6573 -0.0028 160 140 120
1.2019 0.7340 0.0031 160 140 120
1.2063 0.7996 0.0014 160 140 120
1.2119 0.8783 -0.0019 160 140 120
1.2082 0.9382 -0.0002 160 140 120
1.2049 1.0219 0.0034 160 140 120
1.2074 1.0926 -0.0006 160 140 120
1.2053 1.1691 -0.0033 160 140 120
1.2116 1.2315 -0.0016 160 140 120
1.2050 1.3157 -0.0009 160 140 120
1.2095 1.3836 0.0052 160 140 120
1.2097 1.4613 -0.0029 160 140 120
1.2039 1.5311 0.0029 160 140 120
1.2112 1.6010 0.0034 160 140 120
1.2031 1.6751 0.0001 160 140 120
1.2088 1.7509 -0.0004 160 140 120
1.2087 1.8172 0.0005 160 140 120
1.2115 1.9007 0.0050 160 140 120
1.2079 1.9701 0.0003 160 140 120
1.2065 2.0429 0.0033 160 140 120
1.2043 2.1096 0.0019 160 140 120
1.2023 2.1921 -0.0020 160 140 120
1.2074 2.2546 -0.0010 160 140 120
1.2109 2.3275 -0.0042 160 140 120
1.2012 2.4073 -0.0027 160 140 120
1.2076 2.4845 0.0030 160 140 120
1.2075 2.5511 0.0011 160 140 120
1.2040 2.6265 0.0031 160 140 120
1.2077 2.7058 -0.0022 160 140 120
1.2092 2.7681 0.0019 160 140 120
1.2053 2.8373 -0.0027 160 140 120
1.2081 2.9053 0.0037 160 140 120
1.2127 2.9877 -0.0004 160 140 120
1.2110 3.0581 -0.0056 160 140 120
1.2060 3.1349 0.0015 160 140 120
1.2127 3.2135 0.0047 160 140 120
1.1939 3.2829 -0.0012 160 140 120
1.2055 3.3406 -0.0041 160 140 120
1.2063 3.4237 0.0006 160 140 120
1.2109 3.4969 -0.0026 160 140 120
1.2056 3.5741 0.0022 160 140 120
1.1979 3.6517 0.0011 160 140 120
1.2063 3.7252 -0.0016 160 140 120
1.2100 3.7925 0.0001 160 140 120
1.2047 3.8631 0.0013 160 140 120
1.2050 3.9282 -0.0014 160 140 120
1.2122 4.0038 0.0004 160 140 120
1.2028 4.0820 -0.0009 160 140 120
1.2067 4.1558 -0.0012 160 140 120
1.2108 4.2211 -0.0036 160 140 120
1.2145 4.3057 0.0060 160 140 120
1.2826 0.0059 -0.0020 160 140 120
1.2795 0.0761 0.0006 160 140 120
1.2727 0.1484 0.0018 160 140 120
1.2745 0.2284 -0.0005 160 140 120
1.2797 0.3029 0.0014 160 140 120
1.2784 0.3599 0.0038 160 140 120
1.2849 0.4451 0.0033 160 140 120
1.2762 0.5111 -0.0023 160 140 120
1.2798 0.5756 -0.0005 160 140 120
1.2822 0.6542 -0.0000 160 140 120
1.2877 0.7191 0.0058 160 140 120
1.2835 0.7971 -0.0037 160 140 120
1.2763 0.8836 0.0033 160 140 120
1.2888 0.9502 -0.0012 160 140 120
1.2854 1.0202 0.0019 160 140 120
1.2903 1.0902 0.0047 160 140 120
1.2842 1.1682 0.0035 160 140 120
1.2740 1.2444 -0.0003 160 140 120
1.2829 1.3088 -0.0013 160 140 120
1.2688 1.3873 -0.0039 160 140 120
1.2785 1.4563 0.0008 160 140 120
1.2830 1.5277 -0.0016 160 140 120
1.2838 1.6020 0.0014 160 140 120
1.2858 1.6733 -0.0055 160 140 120
1.2705 1.7433 -0.0021 160 140 120
1.2867 1.8193 0.0013 160 140 120
1.2758 1.8953 -0.0029 160 140 120
1.2816 1.9691 0.0015 160 140 120
1.2782 2.0506 0.0060 160 140 120
1.2823 2.1144 -0.0032 160 140 120
1.2831 2.1865 0.0004 160 140 120
1.2861 2.2656 0.0005 160 140 120
1.2805 2.3371 0.0031 160 140 120
1.2677 2.4112 -0.0001 160 140 120
1.2774 2.4756 -0.0015 160 140 120
1.2792 2.5526 -0.0048 160 140 120
1.2807 2.6203 0.0021 160 140 120
1.2795 2.7001 0.0005 160 140 120
1.2731 2.7674 -0.0039 160 140 120
1.2848 2.8452 -0.0023 160 140 120
1.2852 2.9236 -0.0023 160 140 120
1.2836 2.9885 -0.0043 160 140 120
1.2820 3.0548 -0.0064 160 140 120
1.2860 3.1323 0.0004 160 140 120
1.2808 3.2002 -0.0053 160 140 120
1.2917 3.2839 0.0021 160 140 120
1.2769 3.3581 -0.0009 160 140 120
1.2720 3.4232 -0.0034 160 140 120
1.2775 3.5015 0.0018 160 140 120
1.2865 3.5581 0.0015 160 140 120
1.2882 3.6515 -0.0027 160 140 120
1.2853 3.7221 -0.0034 160 140 120
1.2796 3.7900 -0.0022 160 140 120
1.2806 3.8621 -0.0030 160 140 120
1.2824 3.9347 0.0012 160 140 120
1.2800 4.0056 -0.0027 160 140 120
1.2795 4.0860 0.0002 160 140 120
1.2876 4.1588 0.0030 160 140 120
1.2864 4.2292 0.0037 160 140 120
1.2791 4.2993 -0.0009 160 140 120
1.3553 -0.0065 -0.0052 160 140 120
1.3453 0.0712 -0.0009 160 140 120
1.3508 0.1440 0.0013 160 140 120
1.3552 0.2161 -0.0026 160 140 120
1.3521 0.3024 0.0025 160 140 120
1.3586 0.3638 0.0043 160 140 120
1.3513 0.4468 -0.0026 160 140 120
1.3597 0.5154 0.0004 160 140 120
1.3583 0.5840 -0.0023 160 140 120
1.3601 0.6576 -0.0013 160 140 120
1.3557 0.7410 -0.0014 160 140 120
1.3618 0.8092 -0.0021 160 140 120
1.3537 0.8722 0.0048 160 140 120
1.3611 0.9521 -0.0029 160 140 120
1.3538 1.0222 0.0028 160 140 120
1.3535 1.0946 0.0007 160 140 120
1.3545 1.1686 0.0033 160 140 120
1.3574 1.2537 0.0003 160 140 120
1.3542 1.3135 -0.0010 160 140 120
1.3521 1.3915 0.0019 160 140 120
1.3576 1.4671 -0.0020 160 140 120
1.3543 1.5336 -0.0023 160 140 120
1.3661 1.6001 -0.0056 160 140 120
1.3544 1.6699 0.0042 160 140 120
1.3582 1.7444 -0.0044 160 140 120
1.3545 1.8243 -0.0003 160 140 120
1.3565 1.8994 -0.0006 160 140 120
1.3580 1.9695 -0.0008 160 140 120
1.3492 2.0401 -0.0038 160 140 120
1.3526 2.1155 0.0005 160 140 120
1.3574 2.1835 0.0034 160 140 120
1.3530 2.2556 0.0006 160 140 120
1.3678 2.3305 -0.0021 160 140 120
1.3603 2.4112 -0.0025 160 140 120
1.3637 2.4794 -0.0015 160 140 120
1.3532 2.5561 -0.0007 160 140 120
1.3575 2.6166 0.0006 160 140 120
1.3715 2.6896 0.0048 160 140 120
1.3485 2.7672 -0.0008 160 140 120
1.3542 2.8437 0.0002 160 140 120
1.3520 2.9075 0.0032 160 140 120
1.3555 3.0019 0.0000 160 140 120
1.3568 3.0562 -0.0004 160 140 120
1.3560 3.1298 0.0042 160 140 120
1.3557 3.2065 0.0006 160 140 120
1.3594 3.2775 0.0005 160 140 120
1.3585 3.3538 -0.0055 160 140 120
1.3514 3.4249 -0.0025 160 140 120
1.3507 3.5025 -0.0002 160 140 120
1.3595 3.5775 -0.0048 160 140 120
1.3581 3.6392 -0.0020 160 140 120
1.3547 3.7132 0.0058 160 140 120
1.3545 3.7927 -0.0046 160 140 120
1.3506 3.8653 0.0045 160 140 120
1.3597 3.9381 0.0024 160 140 120
1.3629 4.0038 0.0015 160 140 120
1.3518 4.0850 0.0000 160 140 120
1.3525 4.1457 -0.0004 160 140 120
1.3550 4.2235 -0.0049 160 140 120
1.3541 4.2961 -0.0038 160 140 120
1.4279 -0.0001 0.0018 160 140 120
1.4305 0.0669 0.0004 160 140 120
1.4307 0.1465 -0.0004 160 140 120
1.4289 0.2176 -0.0037 160 140 120
1.4377 0.2920 0.0001 160 140 120
1.4362 0.3705 -0.0015 160 140 120
1.4319 0.4428 -0.0028 160 140 120
1.4213 0.5151 0.0023 160 140 120
1.4337 0.5911 0.0021 160 140 120
1.4329 0.6566 -0.0011 160 140 120
1.4339 0.7359 0.0050 160 140 120
1.4331 0.7969 -0.0052 160 140 120
1.4319 0.8783 -0.0058 160 140 120
1.4349 0.9402 0.0019 160 140 120
1.4284 1.0151 -0.0019 160 140 120
1.4303 1.0953 0.0042 160 140 120
1.4308 1.1702 0.0011 160 140 120
1.4307 1.2300 0.0026 160 140 120
1.4410 1.3107 0.0047 160 140 120
1.4300 1.3809 0.0026 160 140 120
1.4341 1.4460 0.0004 160 140 120
1.4352 1.5213 0.0002 160 140 120
1.4308 1.6056 0.0032 160 140 120
1.4369 1.6758 0.0020 160 140 120
1.4318 1.7549 -0.0006 160 140 120
1.4248 1.8244 0.0008 160 140 120
1.4372 1.9019 -0.0020 160 140 120
1.4250 1.9704 -0.0010 160 140 120
1.4355 2.0483 -0.0034 160 140 120
1.4230 2.1167 0.0016 160 140 120
1.4292 2.1898 -0.0021 160 140 120
1.4276 2.2625 0.0027 160 140 120
1.4320 2.3375 -0.0023 160 140 120
1.4233 2.4041 0.0034 160 140 120
1.4258 2.4730 0.0005 160 140 120
1.4289 2.5428 0.0000 160 140 120
1.4318 2.6219 0.0049 160 140 120
1.4354 2.6947 0.0037 160 140 120
1.4213 2.7660 -0.0017 160 140 120
1.4239 2.8315 0.0042 160 140 120
1.4346 2.9200 -0.0016 160 140 120
1.4289 2.9906 0.0009 160 140 120
1.4337 3.0628 -0.0027 160 140 120
1.4271 3.1297 -0.0048 160 140 120
1.4368 3.2092 -0.0005 160 140 120
1.4282 3.2844 0.0020 160 140 120
1.4289 3.3517 0.0022 160 140 120
1.4366 3.4302 -0.0039 160 140 120
1.4308 3.4962 -0.0013 160 140 120
1.4314 3.5710 0.0006 160 140 120
1.4313 3.6502 -0.0023 160 140 120
1.4334 3.7139 -0.0045 160 140 120
1.4382 3.7871 -0.0050 160 140 120
1.4303 3.8595 -0.0038 160 140 120
1.4446 3.9334 0.0094 160 140 120
1.4314 4.0047 -0.0026 160 140 120
1.4317 4.0877 -0.0034 160 140 120
1.4415 4.1541 -0.0013 160 140 120
1.4391 4.2304 0.0062 160 140 120
1.4369 4.3016 0.0004 160 140 120
1.5089 -0.0063 0.0001 160 140 120
1.5032 0.0631 -0.0052 160 140 120
1.5050 0.1587 0.0015 160 140 120
1.5165 0.2112 -0.0089 160 140 120
1.5093 0.2845 0.0034 160 140 120
1.5053 0.3620 -0.0046 160 140 120
1.5070 0.4336 0.0036 160 140 120
1.5003 0.5121 0.0021 160 140 120
1.5008 0.5781 -0.0006 160 140 120
1.5115 0.6569 0.0009 160 140 120
1.5126 0.7303 0.0024 160 140 120
1.5127 0.7960 -0.0030 160 140 120
1.5108 0.8755 0.0005 160 140 120
1.5185 0.9463 -0.0015 160 140 120
1.5011 1.0229 0.0025 160 140 120
1.5024 1.0923 0.0029 160 140 120
1.4987 1.1689 -0.0052 160 140 120
1.5030 1.2391 -0.0002 160 140 120
1.5115 1.3154 -0.0034 160 140 120
1.5097 1.3871 0.0033 160 140 120
1.5021 1.4522 -0.0032 160 140 120
1.5055 1.5231 0.0005 160 140 120
1.5016 1.6103 -0.0030 160 140 120
1.5081 1.6780 0.0011 160 140 120
1.5148 1.7427 0.0001 160 140 120
1.5059 1.8161 -0.0031 160 140 120
1.4990 1.8885 -0.0038 160 140 120
1.5078 1.9716 -0.0012 160 140 120
1.5040 2.0336 0.0005 160 140 120
1.5057 2.1161 -0.0027 160 140 120
1.5122 2.1776 0.0017 160 140 120
1.5057 2.2630 -0.0017 160 140 120
1.5155 2.3383 0.0026 160 140 120
1.4932 2.4123 0.0058 160 140 120
1.5108 2.4794 -0.0010 160 140 120
1.5098 2.5560 0.0035 160 140 120
1.5066 2.6243 -0.0020 160 140 120
1.5121 2.7002 -0.0003 160 140 120
1.5135 2.7680 -0.0003 160 140 120
1.5043 2.8373 -0.0003 160 140 120
1.5109 2.9199 0.0038 160 140 120
1.5136 2.9907 -0.0000 160 140 120
1.5131 3.0592 0.0033 160 140 120
1.5077 3.1365 0.0013 160 140 120
1.5067 3.1973 -0.0027 160 140 120
1.5065 3.2844 -0.0009 160 140 120
1.5027 3.3481 0.0045 160 140 120
1.5100 3.4237 -0.0026 160 140 120
1.5078 3.4944 0.0017 160 140 120
1.5044 3.5762 -0.0001 160 140 120
1.5014 3.6344 -0.0011 160 140 120
1.5079 3.7173 0.0017 160 140 120
1.5052 3.7805 0.0014 160 140 120
1.5093 3.8658 0.0018 160 140 120
1.5061 3.9346 0.0014 160 140 120
1.5056 4.0032 0.0039 160 140 120
1.5052 4.0770 0.0018 160 140 120
1.5119 4.1566 -0.0019 160 140 120
1.5131 4.2251 -0.0006 160 140 120
1.4995 4.3028 0.0010 160 140 120
1.5831 0.0044 -0.0020 160 140 120
1.5791 0.0740 -0.0016 160 140 120
1.5784 0.1432 0.0005 160 140 120
1.5930 0.2251 -0.0008 160 140 120
1.5842 0.2910 0.0009 160 140 120
1.5804 0.3598 0.0034 160 140 120
1.5790 0.4408 0.0004 160 140 120
1.5828 0.5142 0.0006 160 140 120
1.5774 0.5819 0.0057 160 140 120
1.5717 0.6543 -0.0026 160 140 120
1.5878 0.7291 -0.0070 160 140 120
1.5792 0.8077 0.0037 160 140 120
1.5894 0.8694 -0.0052 160 140 120
1.5800 0.9498 -0.0003 160 140 120
1.5835 1.0157 -0.0001 160 140 120
1.5822 1.0920 0.0021 160 140 120
1.5813 1.1635 -0.0019 160 140 120
1.5898 1.2368 -0.0042 160 140 120
1.5824 1.3156 0.0031 160 140 120
1.5836 1.3676 0.0013 160 140 120
1.5803 1.4629 0.0043 160 140 120
1.5847 1.5247 0.0028 160 140 120
1.5840 1.6059 -0.0029 160 140 120
1.5762 1.6767 -0.0010 160 140 120
1.5910 1.7523 -0.0017 160 140 120
1.5774 1.8260 -0.0001 160 140 120
1.5722 1.8874 -0.0047 160 140 120
1.5768 1.9634 -0.0039 160 140 120
1.5795 2.0370 0.0066 160 140 120
1.5753 2.1206 -0.0036 160 140 120
1.5829 2.1951 0.0027 160 140 120
1.5824 2.2572 -0.0047 160 140 120
1.5777 2.3268 0.0008 160 140 120
1.5872 2.4043 0.0010 160 140 120
1.5812 2.4722 -0.0057 160 140 120
1.5731 2.5530 0.0035 160 140 120
1.5833 2.6229 -0.0010 160 140 120
1.5808 2.6876 -0.0015 160 140 120
1.5771 2.7747 0.0010 160 140 120
1.5801 2.8361 -0.0045 160 140 120
1.5872 2.9122 0.0004 160 140 120
1.5821 2.9924 -0.0001 160 140 120
1.5881 3.0611 0.0040 160 140 120
1.5774 3.1342 0.0020 160 140 120
1.5898 3.2043 -0.0016 160 140 120
1.5913 3.2860 0.0021 160 140 120
1.5853 3.3517 0.0054 160 140 120
1.5770 3.4182 0.0019 160 140 120
1.5887 3.4938 -0.0008 160 140 120
1.5820 3.5722 -0.0067 160 140 120
1.5735 3.6529 0.0040 160 140 120
1.5857 3.7145 0.0012 160 140 120
1.5787 3.7942 0.0039 160 140 120
1.5905 3.8671 -0.0027 160 140 120
1.5791 3.9307 0.0009 160 140 120
1.5746 4.0093 0.0061 160 140 120
1.5862 4.0832 0.0003 160 140 120
1.5875 4.1578 0.0003 160 140 120
1.5836 4.2287 0.0018 160 140 120
1.5775 4.2996 -0.0004 160 140 120
1.6604 -0.0025 0.0020 160 140 120
1.6649 0.0666 -0.0017 160 140 120
1.6589 0.1461 0.0074 160 140 120
1.6665 0.2196 -0.0022 160 140 120
1.6583 0.2981 -0.0030 160 140 120
1.6546 0.3611 -0.0028 160 140 120
1.6568 0.4321 -0.0009 160 140 120
1.6595 0.5175 0.0015 160 140 120
1.6484 0.5750 0.0021 160 140 120
1.6630 0.6501 -0.0034 160 140 120
1.6582 0.7271 0.0017 160 140 120
1.6560 0.8074 0.0009 160 140 120
1.6580 0.8710 0.0010 160 140 120
1.6593 0.9507 -0.0015 160 140 120
1.6578 1.0224 -0.0011 160 140 120
1.6541 1.0986 -0.0012 160 140 120
1.6614 1.1737 0.0005 160 140 120
1.6578 1.2378 -0.0003 160 140 120
1.6599 1.3160 -0.0004 160 140 120
1.6586 1.3824 -0.0035 160 140 120
1.6634 1.4682 0.0035 160 140 120
1.6628 1.5252 -0.0002 160 140 120
1.6598 1.6021 -0.0017 160 140 120
1.6616 1.6789 0.0025 160 140 120
1.6504 1.7500 -0.0037 160 140 120
1.6606 1.8097 -0.0008 160 140 120
1.6624 1.9012 -0.0011 160 140 120
1.6556 1.9658 0.0027 160 140 120
1.6464 2.0286 0.0010 160 140 120
1.6623 2.1143 -0.0013 160 140 120
1.6604 2.1888 0.0020 160 140 120
1.6628 2.2588 0.0014 160 140 120
1.6663 2.3243 0.0025 160 140 120
1.6520 2.3991 -0.0014 160 140 120
1.6590 2.4799 0.0003 160 140 120
1.6509 2.5550 -0.0006 160 140 120
1.6507 2.6239 -0.0004 160 140 120
1.6621 2.7021 -0.0007 160 140 120
1.6551 2.7724 -0.0005 160 140 120
1.6585 2.8368 -0.0024 160 140 120
1.6660 2.8970 -0.0014 160 140 120
1.6555 2.9900 -0.0049 160 140 120
1.6582 3.0686 -0.0019 160 140 120
1.6638 3.1344 -0.0004 160 140 120
1.6534 3.2063 -0.0004 160 140 120
1.6613 3.2875 -0.0025 160 140 120
1.6556 3.3469 -0.0025 160 140 120
1.6677 3.4195 0.0011 160 140 120
1.6662 3.5048 -0.0028 160 140 120
1.6555 3.5738 0.0011 160 140 120
1.6502 3.6409 0.0017 160 140 120
1.6575 3.7224 -0.0010 160 140 120
1.6569 3.7911 0.0036 160 140 120
1.6457 3.8593 0.0018 160 140 120
1.6606 3.9253 -0.0017 160 140 120
1.6605 4.0105 0.0011 160 140 120
1.6616 4.0840 -0.0024 160 140 120
1.6527 4.1584 -0.0011 160 140 120
1.6583 4.2249 0.0009 160 140 120
1.6561 4.2961 -0.0024 160 140 120
1.7321 0.0070 -0.0009 160 140 120
1.7409 0.0674 -0.0007 160 140 120
1.7400 0.1477 -0.0017 160 140 120
1.7330 0.2166 -0.0044 160 140 120
1.7308 0.2788 -0.0006 160 140 120
1.7382 0.3659 0.0094 160 140 120
1.7302 0.4313 0.0043 160 140 120
1.7330 0.5069 -0.0012 160 140 120
1.7370 0.5814 0.0060 160 140 120
1.7266 0.6503 -0.0010 160 140 120
1.7332 0.7304 0.0001 160 140 120
1.7446 0.7855 -0.0013 160 140 120
1.7303 0.8800 0.0021 160 140 120
1.7289 0.9492 0.0007 160 140 120
1.7322 1.0138 -0.0040 160 140 120
1.7277 1.0984 0.0059 160 140 120
1.7336 1.1574 -0.0030 160 140 120
1.7224 1.2272 0.0014 160 140 120
1.7311 1.3021 0.0016 160 140 120
1.7313 1.3846 0.0018 160 140 120
1.7357 1.4581 0.0007 160 140 120
1.7296 1.5330 0.0036 160 140 120
1.7337 1.6033 -0.0010 160 140 120
1.7338 1.6748 -0.0018 160 140 120
1.7329 1.7537 0.0010 160 140 120
1.7326 1.8244 -0.0013 160 140 120
1.7325 1.8949 -0.0033 160 140 120
1.7286 1.9671 -0.0002 160 140 120
1.7357 2.0374 0.0039 160 140 120
1.7388 2.1187 0.0040 160 140 120
1.7365 2.1863 0.0060 160 140 120
1.7321 2.2626 -0.0000 160 140 120
1.7289 2.3281 0.0003 160 140 120
1.7305 2.4043 0.0019 160 140 120
1.7373 2.4811 -0.0014 160 140 120
1.7260 2.5481 -0.0009 160 140 120
1.7310 2.6259 0.0028 160 140 120
1.7261 2.6896 0.0063 160 140 120
1.7378 2.7778 0.0039 160 140 120
1.7389 2.8342 -0.0033 160 140 120
1.7308 2.9149 0.0026 160 140 120
1.7313 2.9954 0.0023 160 140 120
1.7283 3.0532 0.0053 160 140 120
1.7374 3.1317 -0.0042 160 140 120
1.7358 3.2009 -0.0013 160 140 120
1.7348 3.2805 -0.0011 160 140 120
1.7354 3.3505 0.0012 160 140 120
1.7330 3.4267 -0.0013 160 140 120
1.7282 3.4906 -0.0015 160 140 120
1.7342 3.5726 0.0020 160 140 120
1.7291 3.6389 0.0038 160 140 120
1.7290 3.7170 -0.0019 160 140 120
1.7311 3.7894 0.0033 160 140 120
1.7313 3.8702 0.0014 160 140 120
1.7277 3.9312 0.0004 160 140 120
1.7402 4.0086 -0.0021 160 140 120
1.7375 4.0813 0.0006 160 140 120
1.7351 4.1551 -0.0054 160 140 120
1.7359 4.2220 0.0008 160 140 120
1.7359 4.3004 -0.0053 160 140 120
1.8029 0.0013 -0.0010 160 140 120
1.8112 0.0775 -0.0011 160 140 120
1.8104 0.1452 -0.0010 160 140 120
1.8070 0.2202 -0.0011 160 140 120
1.8060 0.2898 0.0001 160 140 120
1.8013 0.3719 0.0009 160 140 120
1.8105 0.4359 0.0006 160 140 120
1.8065 0.5094 -0.0014 160 140 120
1.8060 0.5901 0.0066 160 140 120
1.8118 0.6571 0.0006 160 140 120
1.8068 0.7335 -0.0003 160 140 120
1.8075 0.8123 0.0012 160 140 120
1.8097 0.8726 -0.0063 160 140 120
1.8215 0.9439 0.0020 160 140 120
1.8151 1.0204 0.0002 160 140 120
1.8023 1.0892 -0.0003 160 140 120
1.8115 1.1699 -0.0001 160 140 120
1.8125 1.2346 -0.0043 160 140 120
1.8092 1.3171 0.0024 160 140 120
1.8084 1.3841 -0.0000 160 140 120
1.8168 1.4527 -0.0020 160 140 120
1.8177 1.5374 -0.0044 160 140 120
1.8158 1.6079 0.0007 160 140 120
1.8076 1.6829 0.0014 160 140 120
1.8155 1.7446 -0.0018 160 140 120
1.8136 1.8257 0.0008 160 140 120
1.8132 1.8936 0.0021 160 140 120
1.8019 1.9725 0.0044 160 140 120
1.8091 2.0435 -0.0013 160 140 120
1.8087 2.1132 0.0031 160 140 120
1.8120 2.1859 0.0015 160 140 120
1.8105 2.2708 0.0017 160 140 120
1.8148 2.3399 0.0041 160 140 120
1.8049 2.4051 0.0057 160 140 120
1.8071 2.4858 0.0010 160 140 120
1.8066 2.5560 0.0012 160 140 120
1.8170 2.6299 -0.0047 160 140 120
1.8008 2.6974 -0.0044 160 140 120
1.8112 2.7674 0.0007 160 140 120
1.8142 2.8350 -0.0032 160 140 120
1.8046 2.9139 -0.0032 160 140 120
1.8033 2.9824 0.0037 160 140 120
1.8025 3.0601 -0.0035 160 140 120
1.8135 3.1348 0.0041 160 140 120
1.8107 3.1993 -0.0040 160 140 120
1.8124 3.2663 0.0053 160 140 120
1.8097 3.3521 0.0032 160 140 120
1.8072 3.4182 0.0029 160 140 120
1.8121 3.5001 -0.0030 160 140 120
1.8117 3.5749 -0.0047 160 140 120
1.8147 3.6421 0.0022 160 140 120
1.8138 3.7242 -0.0006 160 140 120
1.8091 3.7923 0.0018 160 140 120
1.8115 3.8600 0.0014 160 140 120
1.8033 3.9277 -0.0031 160 140 120
1.8077 4.0067 -0.0034 160 140 120
1.8068 4.0861 0.0001 160 140 120
1.8123 4.1484 0.0005 160 140 120
1.8046 4.2297 0.0038 160 140 120
1.8082 4.3100 0.0000 160 140 120
1.8755 -0.0020 -0.0002 160 140 120
1.8879 0.0682 -0.0014 160 140 120
1.8865 0.1399 -0.0020 160 140 120
1.8798 0.2203 0.0020 160 140 120
1.8872 0.2862 0.0041 160 140 120
1.8802 0.3681 0.0006 160 140 120
1.8837 0.4342 -0.0034 160 140 120
1.8891 0.5051 -0.0027 160 140 120
1.8845 0.5831 0.0038 160 140 120
1.8904 0.6602 0.0008 160 140 120
1.8912 0.7281 -0.0052 160 140 120
1.8842 0.7993 -0.0016 160 140 120
1.8781 0.8782 0.0046 160 140 120
1.8864 0.9531 -0.0026 160 140 120
1.8790 1.0256 -0.0001 160 140 120
1.8829 1.0974 0.0063 160 140 120
1.8763 1.1659 -0.0012 160 140 120
1.8962 1.2384 0.0050 160 140 120
1.8903 1.3100 -0.0023 160 140 120
1.8807 1.3872 0.0008 160 140 120
1.8784 1.4507 -0.0001 160 140 120
1.8908 1.5366 -0.0003 160 140 120
1.8856 1.6029 -0.0044 160 140 120
1.8809 1.6808 -0.0029 160 140 120
1.8881 1.7482 0.0021 160 140 120
1.8883 1.8239 -0.0026 160 140 120
1.8906 1.8917 -0.0034 160 140 120
1.8977 1.9714 -0.0009 160 140 120
1.8893 2.0385 -0.0032 160 140 120
1.8829 2.1154 0.0005 160 140 120
1.8803 2.1856 -0.0025 160 140 120
1.8849 2.2605 -0.0057 160 140 120
1.8831 2.3298 -0.0014 160 140 120
1.8852 2.4083 0.0012 160 140 120
1.8853 2.4850 -0.0005 160 140 120
1.8799 2.5498 0.0006 160 140 120
1.8886 2.6127 0.0045 160 140 120
1.8761 2.6957 -0.0008 160 140 120
1.8864 2.7746 -0.0049 160 140 120
1.8822 2.8415 0.0000 160 140 120
1.8830 2.9210 0.0037 160 140 120
1.8809 2.9879 -0.0064 160 140 120
1.8863 3.0609 0.0005 160 140 120
1.8862 3.1280 0.0040 160 140 120
1.8848 3.2066 0.0015 160 140 120
1.8804 3.2845 -0.0035 160 140 120
1.8977 3.3497 -0.0001 160 140 120
1.8867 3.4362 0.0040 160 140 120
1.8833 3.5082 0.0008 160 140 120
1.8899 3.5752 -0.0032 160 140 120
1.8820 3.6456 -0.0025 160 140 120
1.8782 3.7229 0.0046 160 140 120
1.8911 3.7858 -0.0037 160 140 120
1.8936 3.8610 -0.0003 160 140 120
1.8868 3.9418 0.0002 160 140 120
1.8933 4.0080 -0.0008 160 140 120
1.8833 4.0795 0.0054 160 140 120
1.8872 4.1549 0.0007 160 140 120
1.8807 4.2209 -0.0024 160 140 120
1.8887 4.3034 -0.0019 160 140 120
1.9622 -0.0080 -0.0039 160 140 120
1.9622 0.0739 0.0060 160 140 120
1.9677 0.1497 0.0020 160 140 120
1.9623 0.2137 -0.0055 160 140 120
1.9516 0.2908 0.0021 160 140 120
1.9514 0.3591 0.0045 160 140 120
1.9639 0.4418 -0.0016 160 140 120
1.9637 0.5093 -0.0027 160 140 120
1.9611 0.5845 0.0000 160 140 120
1.9705 0.6547 0.0041 160 140 120
1.9646 0.7306 0.0021 160 140 120
1.9588 0.8020 -0.0017 160 140 120
1.9600 0.8621 -0.0006 160 140 120
1.9565 0.9390 0.0003 160 140 120
1.9663 1.0234 0.0035 160 140 120
1.9504 1.0887 0.0009 160 140 120
1.9542 1.1738 -0.0008 160 140 120
1.9618 1.2374 -0.0030 160 140 120
1.9571 1.3092 0.0032 160 140 120
1.9681 1.3983 -0.0040 160 140 120
1.9522 1.4476 0.0001 160 140 120
1.9536 1.5381 0.0018 160 140 120
1.9600 1.6042 -0.0002 160 140 120
1.9715 1.6738 0.0032 160 140 120
1.9523 1.7415 -0.0020 160 140 120
1.9663 1.8189 0.0024 160 140 120
1.9593 1.8951 0.0009 160 140 120
1.9521 1.9706 0.0013 160 140 120
1.9621 2.0453 -0.0015 160 140 120
1.9540 2.1098 -0.0014 160 140 120
1.9605 2.1871 0.0031 160 140 120
1.9617 2.2623 -0.0005 160 140 120
1.9614 2.3307 0.0015 160 140 120
1.9655 2.3989 0.0049 160 140 120
1.9597 2.4802 0.0014 160 140 120
1.9611 2.5523 0.0019 160 140 120
1.9726 2.6208 -0.0014 160 140 120
1.9645 2.6918 0.0003 160 140 120
1.9517 2.7694 -0.0002 160 140 120
1.9588 2.8476 0.0057 160 140 120
1.9575 2.8993 0.0035 160 140 120
1.9561 2.9890 -0.0023 160 140 120
1.9564 3.0576 -0.0011 160 140 120
1.9560 3.1277 -0.0032 160 140 120
1.9611 3.2142 -0.0036 160 140 120
1.9528 3.2765 -0.0000 160 140 120
1.9538 3.3523 0.0017 160 140 120
1.9620 3.4252 0.0006 160 140 120
1.9572 3.4911 0.0036 160 140 120
1.9521 3.5731 0.0020 160 140 120
1.9562 3.6567 0.0064 160 140 120
1.9641 3.7089 -0.0014 160 140 120
1.9649 3.7863 0.0026 160 140 120
1.9603 3.8536 -0.0015 160 140 120
1.9615 3.9345 0.0013 160 140 120
1.9600 4.0096 0.0024 160 140 120
1.9587 4.0797 0.0018 160 140 120
1.9529 4.1555 0.0017 160 140 120
1.9651 4.2207 0.0014 160 140 120
1.9627 4.2994 -0.0014 160 140 120
2.0341 0.0015 0.0066 160 140 120
2.0360 0.0771 -0.0006 160 140 120
2.0257 0.1495 0.0021 160 140 120
2.0381 0.2242 -0.0062 160 140 120
2.0367 0.2945 -0.0037 160 140 120
2.0388 0.3522 0.0033 160 140 120
2.0338 0.4377 0.0007 160 140 120
2.0367 0.5174 0.0009 160 140 120
2.0268 0.5847 0.0014 160 140 120
2.0381 0.6659 -0.0021 160 140 120
2.0357 0.7333 -0.0028 160 140 120
2.0395 0.8028 -0.0022 160 140 120
2.0393 0.8722 0.0035 160 140 120
2.0301 0.9585 -0.0008 160 140 120
2.0365 1.0254 0.0034 160 140 120
2.0301 1.0858 -0.0031 160 140 120
2.0393 1.1611 0.0025 160 140 120
2.0509 1.2366 0.0036 160 140 120
2.0323 1.3230 -0.0038 160 140 120
2.0306 1.3868 -0.0031 160 140 120
2.0318 1.4562 0.0013 160 140 120
2.0276 1.5349 -0.0026 160 140 120
2.0391 1.6030 0.0005 160 140 120
2.0283 1.6712 -0.0027 160 140 120
2.0309 1.7476 0.0011 160 140 120
2.0300 1.8232 0.0044 160 140 120
2.0289 1.8984 -0.0035 160 140 120
2.0364 1.9655 0.0056 160 140 120
2.0272 2.0403 -0.0023 160 140 120
2.0333 2.1164 -0.0023 160 140 120
2.0376 2.1865 -0.0052 160 140 120
2.0375 2.2668 0.0001 160 140 120
2.0305 2.3268 0.0003 160 140 120
2.0339 2.4030 0.0036 160 140 120
2.0353 2.4751 0.0048 160 140 120
2.0348 2.5503 -0.0053 160 140 120
2.0354 2.6242 0.0051 160 140 120
2.0382 2.6856 0.0021 160 140 120
2.0407 2.7648 -0.0025 160 140 120
2.0308 2.8470 -0.0011 160 140 120
2.0461 2.9134 -0.0009 160 140 120
2.0382 2.9943 -0.0058 160 140 120
2.0435 3.0692 -0.0046 160 140 120
2.0250 3.1455 0.0001 160 140 120
2.0309 3.2046 0.0011 160 140 120
2.0344 3.2768 -0.0044 160 140 120
2.0386 3.3512 -0.0016 160 140 120
2.0407 3.4311 -0.0009 160 140 120
2.0481 3.4948 0.0008 160 140 120
2.0300 3.5780 0.0064 160 140 120
2.0387 3.6532 -0.0016 160 140 120
2.0272 3.7201 0.0012 160 140 120
2.0324 3.7930 -0.0027 160 140 120
2.0378 3.8653 0.0024 160 140 120
2.0353 3.9323 0.0004 160 140 120
2.0246 4.0102 0.0006 160 140 120
2.0302 4.0720 -0.0025 160 140 120
2.0314 4.1599 0.0024 160 140 120
2.0340 4.2321 -0.0038 160 140 120
2.0388 4.3075 -0.0033 160 140 120
2.1057 0.0096 0.0026 160 140 120
2.1069 0.0781 0.0021 160 140 120
2.1193 0.1491 0.0029 160 140 120
2.1073 0.2166 0.0034 160 140 120
2.1042 0.2874 0.0020 160 140 120
2.1071 0.3559 -0.0010 160 140 120
2.1102 0.4402 -0.0004 160 140 120
2.1092 0.5131 0.0016 160 140 120
2.1188 0.5810 -0.0033 160 140 120
2.1090 0.6554 -0.0032 160 140 120
2.1091 0.7236 -0.0005 160 140 120
2.1047 0.8007 -0.0008 160 140 120
2.1049 0.8663 -0.0026 160 140 120
2.1055 0.9512 0.0015 160 140 120
2.1092 1.0296 -0.0052 160 140 120
2.1174 1.0933 -0.0003 160 140 120
2.1127 1.1699 0.0007 160 140 120
2.1101 1.2344 0.0043 160 140 120
2.1096 1.3161 -0.0032 160 140 120
2.1033 1.3931 -0.0036 160 140 120
2.1107 1.4496 0.0027 160 140 120
2.1145 1.5289 -0.0051 160 140 120
2.1146 1.6065 0.0030 160 140 120
2.1054 1.6800 -0.0009 160 140 120
2.1140 1.7501 -0.0067 160 140 120
2.1063 1.8163 -0.0000 160 140 120
2.1101 1.8980 0.0027 160 140 120
2.1168 1.9698 -0.0073 160 140 120
2.1098 2.0344 -0.0102 160 140 120
2.1071 2.1164 -0.0016 160 140 120
2.1050 2.1903 0.0006 160 140 120
2.0979 2.2602 -0.0041 160 140 120
2.1091 2.3316 0.0016 160 140 120
2.1069 2.4011 -0.0044 160 140 120
2.0941 2.4734 -0.0053 160 140 120
2.1154 2.5501 -0.0024 160 140 120
2.1090 2.6295 0.0018 160 140 120
2.1046 2.6994 -0.0008 160 140 120
2.1107 2.7654 -0.0004 160 140 120
2.1060 2.8412 -0.0005 160 140 120
2.1030 2.9168 0.0001 160 140 120
2.1160 2.9878 0.0038 160 140 120
2.1065 3.0675 0.0036 160 140 120
2.1104 3.1322 0.0023 160 140 120
2.1149 3.2053 0.0039 160 140 120
2.1108 3.2759 -0.0015 160 140 120
2.1134 3.3488 0.0005 160 140 120
2.1181 3.4262 0.0007 160 140 120
2.1205 3.5055 0.0022 160 140 120
2.1063 3.5738 0.0017 160 140 120
2.1131 3.6444 0.0032 160 140 120
2.1102 3.7159 -0.0005 160 140 120
2.1191 3.7914 -0.0007 160 140 120
2.1162 3.8613 -0.0008 160 140 120
2.1118 3.9359 0.0009 160 140 120
2.1196 4.0087 0.0024 160 140 120
2.1083 4.0893 0.0010 160 140 120
2.1053 4.1469 0.0055 160 140 120
2.1086 4.2247 0.0014 160 140 120
2.1081 4.3068 0.0024 160 140 120
2.1760 0.0100 -0.0010 160 140 120
2.1932 0.0805 -0.0017 160 140 120
2.1846 0.1490 0.0037 160 140 120
2.1880 0.2254 0.0009 160 140 120
2.1888 0.2916 0.0010 160 140 120
2.1905 0.3679 -0.0050 160 140 120
2.1820 0.4435 0.0012 160 140 120
2.1886 0.5110 0.0003 160 140 120
2.1855 0.5803 0.0039 160 140 120
2.1835 0.6546 -0.0034 160 140 120
2.1823 0.7324 0.0058 160 140 120
2.1903 0.8024 -0.0035 160 140 120
2.1798 0.8782 0.0037 160 140 120
2.1893 0.9449 -0.0000 160 140 120
2.1903 1.0135 0.0006 160 140 120
2.1947 1.0967 -0.0001 160 140 120
2.1842 1.1601 0.0014 160 140 120
2.1862 1.2341 0.0018 160 140 120
2.1853 1.3137 0.0009 160 140 120
2.1829 1.3838 -0.0039 160 140 120
2.1865 1.4623 0.0034 160 140 120
2.1854 1.5355 -0.0002 160 140 120
2.1801 1.6079 0.0018 160 140 120
2.1839 1.6777 0.0043 160 140 120
2.1805 1.7510 -0.0023 160 140 120
2.1811 1.8238 -0.0012 160 140 120
2.1866 1.8836 0.0050 160 140 120
2.1917 1.9751 0.0043 160 140 120
2.1814 2.0403 0.0012 160 140 120
2.1830 2.1173 -0.0043 160 140 120
2.1796 2.1944 -0.0013 160 140 120
2.1860 2.2631 0.0023 160 140 120
2.1854 2.3320 -0.0036 160 140 120
2.1858 2.4098 0.0014 160 140 120
2.1799 2.4781 0.0008 160 140 120
2.1911 2.5489 -0.0059 160 140 120
2.1868 2.6201 -0.0012 160 140 120
2.1763 2.6963 0.0019 160 140 120
2.1909 2.7653 0.0042 160 140 120
2.1848 2.8420 0.0002 160 140 120
2.1854 2.9173 -0.0019 160 140 120
2.1902 2.9941 -0.0031 160 140 120
2.1911 3.0634 0.0042 160 140 120
2.1842 3.1317 0.0004 160 140 120
2.1903 3.2018 -0.0012 160 140 120
2.1867 3.2862 0.0007 160 140 120
2.1796 3.3477 0.0014 160 140 120
2.1831 3.4276 0.0015 160 140 120
2.1861 3.5032 0.0028 160 140 120
2.1886 3.5779 -0.0027 160 140 120
2.1910 3.6456 -0.0003 160 140 120
2.1761 3.7169 -0.0022 160 140 120
2.1841 3.7900 -0.0018 160 140 120
2.1880 3.8610 -0.0029 160 140 120
2.1823 3.9413 -0.0000 160 140 120
2.1852 4.0068 -0.0046 160 140 120
2.1826 4.0888 0.0021 160 140 120
2.1915 4.1551 0.0035 160 140 120
2.1821 4.2226 0.0021 160 140 120
2.1884 4.2977 0.0013 160 140 120
2.2558 0.0061 0.0057 160 140 120
2.2623 0.0727 -0.0038 160 140 120
2.2516 0.1480 -0.0053 160 140 120
2.2649 0.2203 0.0028 160 140 120
2.2670 0.2860 -0.0040 160 140 120
2.2562 0.3696 0.0020 160 140 120
2.2624 0.4343 0.0003 160 140 120
2.2637 0.5100 0.0043 160 140 120
2.2603 0.5855 0.0028 160 140 120
2.2622 0.6625 0.0007 160 140 120
2.2687 0.7295 0.0039 160 140 120
2.2666 0.8066 -0.0026 160 140 120
2.2692 0.8738 0.0032 160 140 120
2.2483 0.9429 -0.0017 160 140 120
2.2599 1.0233 -0.0022 160 140 120
2.2555 1.1001 0.0010 160 140 120
2.2566 1.1624 0.0017 160 140 120
2.2718 1.2452 -0.0045 160 140 120
2.2515 1.3125 -0.0015 160 140 120
2.2631 1.3841 -0.0018 160 140 120
2.2619 1.4547 -0.0028 160 140 120
2.2587 1.5265 0.0020 160 140 120
2.2579 1.6035 0.0014 160 140 120
2.2662 1.6779 -0.0027 160 140 120
2.2573 1.7502 0.0010 160 140 120
2.2559 1.8179 -0.0006 160 140 120
2.2554 1.8946 -0.0001 160 140 120
2.2549 1.9662 -0.0027 160 140 120
2.2638 2.0377 0.0052 160 140 120
2.2629 2.1277 -0.0013 160 140 120
2.2627 2.1878 -0.0024 160 140 120
2.2627 2.2630 -0.0026 160 140 120
2.2623 2.3294 -0.0010 160 140 120
2.2588 2.4076 -0.0035 160 140 120
2.2654 2.4739 0.0037 160 140 120
2.2669 2.5473 -0.0011 160 140 120
2.2542 2.6258 -0.0027 160 140 120
2.2678 2.6953 0.0049 160 140 120
2.2640 2.7606 -0.0000 160 140 120
2.2614 2.8447 -0.0030 160 140 120
2.2585 2.9200 -0.0032 160 140 120
2.2703 2.9857 0.0051 160 140 120
2.2619 3.0591 -0.0005 160 140 120
2.2616 3.1346 0.0009 160 140 120
2.2593 3.2049 -0.0031 160 140 120
2.2541 3.2776 0.0044 160 140 120
2.2541 3.3602 -0.0003 160 140 120
2.2671 3.4208 -0.0018 160 140 120
2.2649 3.4988 -0.0009 160 140 120
2.2523 3.5784 0.0001 160 140 120
2.2579 3.6441 0.0032 160 140 120
2.2648 3.7187 0.0042 160 140 120
2.2621 3.7893 -0.0016 160 140 120
2.2548 3.8611 0.0057 160 140 120
2.2648 3.9333 -0.0044 160 140 120
2.2566 4.0135 0.0062 160 140 120
2.2575 4.0704 -0.0044 160 140 120
2.2628 4.1509 0.0003 160 140 120
2.2653 4.2300 -0.0012 160 140 120
2.2683 4.3011 -0.0032 160 140 120
2.3361 0.0003 0.0040 160 140 120
2.3380 0.0707 0.0046 160 140 120
2.3324 0.1459 -0.0091 160 140 120
2.3264 0.2133 0.0008 160 140 120
2.3316 0.2901 -0.0044 160 140 120
2.3244 0.3668 0.0018 160 140 120
2.3293 0.4403 0.0014 160 140 120
2.3355 0.5094 -0.0046 160 140 120
2.3198 0.5882 0.0029 160 140 120
2.3371 0.6576 -0.0031 160 140 120
2.3427 0.7293 0.0029 160 140 120
2.3252 0.8052 0.0027 160 140 120
2.3450 0.8794 0.0012 160 140 120
2.3341 0.9499 -0.0006 160 140 120
2.3301 1.0279 0.0073 160 140 120
2.3348 1.0971 -0.0055 160 140 120
2.3307 1.1622 0.0009 160 140 120
2.3330 1.2344 0.0008 160 140 120
2.3334 1.2989 0.0021 160 140 120
2.3409 1.3926 -0.0006 160 140 120
2.3344 1.4552 -0.0021 160 140 120
2.3436 1.5254 -0.0030 160 140 120
2.3348 1.5987 0.0021 160 140 120
2.3390 1.6727 0.0073 160 140 120
2.3358 1.7457 -0.0024 160 140 120
2.3344 1.8117 -0.0021 160 140 120
2.3346 1.8979 -0.0012 160 140 120
2.3397 1.9684 -0.0008 160 140 120
2.3436 2.0384 -0.0003 160 140 120
2.3352 2.1126 -0.0005 160 140 120
2.3337 2.1866 -0.0021 160 140 120
2.3322 2.2619 -0.0010 160 140 120
2.3423 2.3210 -0.0050 160 140 120
2.3304 2.4040 0.0018 160 140 120
2.3385 2.4686 0.0053 160 140 120
2.3333 2.5573 0.0035 160 140 120
2.3384 2.6222 0.0038 160 140 120
2.3347 2.6948 0.0012 160 140 120
2.3379 2.7780 -0.0018 160 140 120
2.3445 2.8409 -0.0033 160 140 120
2.3436 2.9102 -0.0059 160 140 120
2.3479 2.9939 -0.0028 160 140 120
2.3350 3.0567 -0.0008 160 140 120
2.3367 3.1318 -0.0053 160 140 120
2.3347 3.2121 -0.0006 160 140 120
2.3338 3.2709 -0.0004 160 140 120
2.3408 3.3535 0.0056 160 140 120
2.3396 3.4233 0.0016 160 140 120
2.3238 3.5104 0.0004 160 140 120
2.3358 3.5693 0.0032 160 140 120
2.3448 3.6479 -0.0024 160 140 120
2.3326 3.7137 0.0011 160 140 120
2.3312 3.7923 -0.0042 160 140 120
2.3399 3.8521 0.0052 160 140 120
2.3312 3.9347 -0.0016 160 140 120
2.3372 4.0101 0.0001 160 140 120
2.3354 4.0762 0.0032 160 140 120
2.3271 4.1573 0.0012 160 140 120
2.3318 4.2200 -0.0071 160 140 120
2.3301 4.3015 0.0059 160 140 120
2.4076 0.0019 -0.0067 160 140 120
2.4097 0.0665 -0.0016 160 140 120
2.4105 0.1469 -0.0023 160 140 120
2.4143 0.2219 0.0031 160 140 120
2.4140 0.2902 -0.0037 160 140 120
2.4130 0.3706 0.0001 160 140 120
2.4099 0.4335 0.0044 160 140 120
2.4141 0.5162 0.0008 160 140 120
2.4115 0.5937 0.0022 160 140 120
2.4175 0.6466 0.0007 160 140 120
2.4114 0.7323 0.0048 160 140 120
2.4141 0.8126 -0.0019 160 140 120
2.4181 0.8715 -0.0017 160 140 120
2.4141 0.9421 0.0019 160 140 120
2.4144 1.0314 0.0075 160 140 120
2.4096 1.0948 -0.0034 160 140 120
2.4092 1.1676 0.0003 160 140 120
2.4042 1.2332 0.0003 160 140 120
2.4111 1.3108 -0.0018 160 140 120
2.4119 1.3902 -0.0003 160 140 120
2.4113 1.4549 0.0040 160 140 120
2.4056 1.5338 -0.0016 160 140 120
2.4131 1.6004 0.0045 160 140 120
2.4148 1.6688 0.0051 160 140 120
2.4127 1.7480 0.0028 160 140 120
2.4103 1.8342 0.0034 160 140 120
2.4090 1.8927 -0.0016 160 140 120
2.4038 1.9559 -0.0003 160 140 120
2.4131 2.0413 -0.0012 160 140 120
2.4107 2.1123 0.0038 160 140 120
2.4122 2.1932 0.0031 160 140 120
2.4178 2.2654 -0.0016 160 140 120
2.4220 2.3384 -0.0025 160 140 120
2.3998 2.4136 -0.0039 160 140 120
2.4069 2.4827 -0.0032 160 140 120
2.4131 2.5502 0.0033 160 140 120
2.4027 2.6239 0.0003 160 140 120
2.4059 2.6919 -0.0001 160 140 120
2.4146 2.7703 -0.0062 160 140 120
2.4142 2.8431 -0.0006 160 140 120
2.4091 2.9140 0.0011 160 140 120
2.4050 2.9891 -0.0011 160 140 120
2.4207 3.0583 0.0024 160 140 120
2.4076 3.1378 -0.0034 160 140 120
2.4125 3.2062 0.0007 160 140 120
2.4074 3.2735 -0.0078 160 140 120
2.4081 3.3484 -0.0004 160 140 120
2.4171 3.4293 0.0059 160 140 120
2.4036 3.4997 0.0012 160 140 120
2.4073 3.5720 -0.0030 160 140 120
2.4098 3.6361 0.0018 160 140 120
2.4186 3.7134 0.0031 160 140 120
2.4104 3.7886 -0.0033 160 140 120
2.4101 3.8554 0.0024 160 140 120
2.4108 3.9462 -0.0001 160 140 120
2.4178 4.0088 0.0030 160 140 120
2.4119 4.0838 0.0003 160 140 120
2.4154 4.1547 0.0000 160 140 120
2.4117 4.2332 -0.0013 160 140 120
2.4014 4.3034 0.0007 160 140 120
2.4912 -0.0073 0.0008 160 140 120
2.4908 0.0774 -0.0011 160 140 120
2.4874 0.1453 -0.0023 160 140 120
2.4878 0.2196 0.0024 160 140 120
2.4918 0.2959 -0.0035 160 140 120
2.4945 0.3679 0.0025 160 140 120
2.4851 0.4291 0.0046 160 140 120
2.4849 0.5113 -0.0076 160 140 120
2.4810 0.5873 -0.0002 160 140 120
2.4935 0.6564 0.0040 160 140 120
2.4874 0.7355 -0.0019 160 140 120
2.4856 0.8079 0.0009 160 140 120
2.4837 0.8723 0.0009 160 140 120
2.4823 0.9452 -0.0013 160 140 120
2.4889 1.0278 0.0008 160 140 120
2.4832 1.0951 0.0000 160 140 120
2.4862 1.1800 0.0020 160 140 120
2.4828 1.2347 0.0017 160 140 120
2.4803 1.3117 0.0016 160 140 120
2.4887 1.3780 -0.0005 160 140 120
2.4968 1.4581 0.0008 160 140 120
2.4804 1.5322 -0.0011 160 140 120
2.4894 1.5938 0.0019 160 140 120
2.4864 1.6768 -0.0077 160 140 120
2.4982 1.7607 0.0007 160 140 120
2.4805 1.8122 -0.0019 160 140 120
2.4867 1.8966 -0.0012 160 140 120
2.4832 1.9596 0.0066 160 140 120
2.4885 2.0433 0.0015 160 140 120
2.4874 2.1073 0.0032 160 140 120
2.4884 2.1836 -0.0008 160 140 120
2.4940 2.2547 -0.0019 160 140 120
2.4927 2.3347 -0.0065 160 140 120
2.4933 2.4059 0.0010 160 140 120
2.4799 2.4784 0.0017 160 140 120
2.4817 2.5487 0.0047 160 140 120
2.4870 2.6339 -0.0022 160 140 120
2.4874 2.6877 0.0014 160 140 120
2.4826 2.7761 -0.0034 160 140 120
2.4901 2.8504 0.0017 160 140 120
2.4734 2.9165 0.0007 160 140 120
2.4873 2.9874 -0.0029 160 140 120
2.4870 3.0656 0.0009 160 140 120
2.4886 3.1363 0.0010 160 140 120
2.4828 3.2071 -0.0035 160 140 120
2.4835 3.2862 -0.0049 160 140 120
2.4981 3.3532 0.0020 160 140 120
2.4874 3.4279 -0.0011 160 140 120
2.4878 3.4889 -0.0078 160 140 120
2.4951 3.5768 -0.0049 160 140 120
2.4808 3.6416 -0.0008 160 140 120
2.4901 3.7178 0.0043 160 140 120
2.4792 3.7853 0.0023 160 140 120
2.4825 3.8691 -0.0029 160 140 120
2.4753 3.9422 0.0013 160 140 120
2.4896 4.0083 -0.0020 160 140 120
2.4827 4.0791 -0.0034 160 140 120
2.4882 4.1592 -0.0003 160 140 120
2.4862 4.2320 -0.0010 160 140 120
2.4993 4.3002 0.0059 160 140 120
2.5649 0.0020 0.0002 160 140 120
2.5572 0.0828 0.0014 160 140 120
2.5536 0.1403 0.0015 160 140 120
2.5644 0.2194 -0.0027 160 140 120
2.5608 0.2871 -0.0026 160 140 120
2.5633 0.3553 0.0009 160 140 120
2.5557 0.4332 -0.0021 160 140 120
2.5693 0.5163 0.0032 160 140 120
2.5625 0.5817 -0.0005 160 140 120
2.5520 0.6528 -0.0023 160 140 120
2.5572 0.7288 0.0049 160 140 120
2.5633 0.8008 -0.0041 160 140 120
2.5596 0.8765 0.0019 160 140 120
2.5649 0.9534 0.0025 160 140 120
2.5582 1.0165 0.0025 160 140 120
2.5588 1.0939 0.0040 160 140 120
2.5692 1.1739 0.0021 160 140 120
2.5561 1.2476 -0.0029 160 140 120
2.5587 1.3110 0.0066 160 140 120
2.5543 1.3850 0.0025 160 140 120
2.5647 1.4566 0.0006 160 140 120
2.5587 1.5341 -0.0022 160 140 120
2.5665 1.5957 -0.0039 160 140 120
2.5702 1.6749 -0.0021 160 140 120
2.5672 1.7465 0.0025 160 140 120
2.5643 1.8248 0.0058 160 140 120
2.5587 1.8856 0.0001 160 140 120
2.5646 1.9748 -0.0063 160 140 120
2.5573 2.0468 0.0005 160 140 120
2.5643 2.1048 -0.0048 160 140 120
2.5581 2.1886 0.0035 160 140 120
2.5672 2.2574 -0.0010 160 140 120
2.5602 2.3429 -0.0017 160 140 120
2.5663 2.4093 -0.0023 160 140 120
2.5668 2.4745 -0.0002 160 140 120
2.5592 2.5487 -0.0031 160 140 120
2.5643 2.6236 0.0085 160 140 120
2.5700 2.6903 -0.0019 160 140 120
2.5627 2.7669 -0.0008 160 140 120
2.5508 2.8412 -0.0017 160 140 120
2.5581 2.9150 -0.0012 160 140 120
2.5653 2.9964 -0.0011 160 140 120
2.5728 3.0560 0.0048 160 140 120
2.5544 3.1325 0.0030 160 140 120
2.5549 3.2097 -0.0010 160 140 120
2.5661 3.2845 0.0002 160 140 120
2.5608 3.3550 0.0037 160 140 120
2.5614 3.4421 0.0001 160 140 120
2.5628 3.5020 0.0058 160 140 120
2.5654 3.5692 0.0008 160 140 120
2.5636 3.6509 -0.0019 160 140 120
2.5618 3.7223 -0.0032 160 140 120
2.5718 3.7887 0.0036 160 140 120
2.5629 3.8580 -0.0028 160 140 120
2.5593 3.9442 -0.0019 160 140 120
2.5733 4.0145 0.0020 160 140 120
2.5517 4.0821 0.0003 160 140 120
2.5633 4.1591 -0.0025 160 140 120
2.5632 4.2302 0.0010 160 140 120
2.5654 4.3003 -0.0014 160 140 120
2.6339 -0.0112 -0.0010 160 140 120
2.6433 0.0658 -0.0002 160 140 120
2.6345 0.1444 -0.0019 160 140 120
2.6364 0.2050 0.0058 160 140 120
2.6387 0.2967 0.0039 160 140 120
2.6298 0.3611 0.0007 160 140 120
2.6372 0.4382 -0.0112 160 140 120
2.6399 0.5078 -0.0049 160 140 120
2.6415 0.5820 0.0061 160 140 120
2.6392 0.6553 -0.0039 160 140 120
2.6398 0.7307 -0.0035 160 140 120
2.6360 0.8071 -0.0027 160 140 120
2.6411 0.8799 0.0027 160 140 120
2.6411 0.9421 -0.0066 160 140 120
2.6395 1.0304 0.0059 160 140 120
2.6349 1.0932 0.0016 160 140 120
2.6390 1.1631 -0.0012 160 140 120
2.6282 1.2366 0.0053 160 140 120
2.6360 1.3199 -0.0010 160 140 120
2.6315 1.3851 0.0022 160 140 120
2.6358 1.4567 0.0044 160 140 120
2.6355 1.5333 0.0043 160 140 120
2.6419 1.6018 0.0041 160 140 120
2.6394 1.6722 0.0005 160 140 120
2.6375 1.7455 -0.0006 160 140 120
2.6344 1.8277 0.0017 160 140 120
2.6387 1.8994 -0.0004 160 140 120
2.6398 1.9637 -0.0020 160 140 120
2.6349 2.0496 0.0009 160 140 120
2.6363 2.1176 0.0057 160 140 120
2.6447 2.1920 -0.0004 160 140 120
2.6394 2.2654 -0.0040 160 140 120
2.6399 2.3363 -0.0026 160 140 120
2.6354 2.4028 0.0041 160 140 120
2.6404 2.4770 0.0000 160 140 120
2.6326 2.5490 0.0048 160 140 120
2.6345 2.6197 0.0016 160 140 120
2.6406 2.6968 -0.0014 160 140 120
2.6446 2.7779 0.0038 160 140 120
2.6350 2.8336 -0.0009 160 140 120
2.6354 2.9226 -0.0033 160 140 120
2.6429 2.9892 0.0008 160 140 120
2.6448 3.0643 0.0001 160 140 120
2.6432 3.1310 0.0035 160 140 120
2.6326 3.2158 -0.0094 160 140 120
2.6441 3.2847 0.0054 160 140 120
2.6434 3.3534 -0.0001 160 140 120
2.6422 3.4302 -0.0038 160 140 120
2.6337 3.4923 -0.0044 160 140 120
2.6382 3.5712 -0.0038 160 140 120
2.6429 3.6427 0.0014 160 140 120
2.6378 3.7144 -0.0002 160 140 120
2.6457 3.7907 0.0027 160 140 120
2.6277 3.8635 -0.0004 160 140 120
2.6382 3.9425 -0.0008 160 140 120
2.6408 4.0072 -0.0019 160 140 120
2.6352 4.0810 -0.0021 160 140 120
2.6458 4.1580 -0.0042 160 140 120
2.6343 4.2320 0.0028 160 140 120
2.6354 4.3010 0.0015 160 140 120
2.7096 -0.0053 0.0042 160 140 120
2.7176 0.0666 -0.0033 160 140 120
2.7086 0.1482 -0.0002 160 140 120
2.7204 0.2151 -0.0009 160 140 120
2.6973 0.2915 0.0005 160 140 120
2.7190 0.3611 0.0036 160 140 120
2.7089 0.4377 0.0038 160 140 120
2.7096 0.5036 0.0043 160 140 120
2.7168 0.5826 0.0029 160 140 120
2.7130 0.6446 -0.0011 160 140 120
2.7153 0.7265 0.0015 160 140 120
2.7143 0.8053 0.0031 160 140 120
2.7145 0.8690 -0.0015 160 140 120
2.7112 0.9570 0.0004 160 140 120
2.7141 1.0306 0.0005 160 140 120
2.7097 1.0856 0.0021 160 140 120
2.7176 1.1776 -0.0037 160 140 120
2.7045 1.2414 0.0008 160 140 120
2.7167 1.3107 0.0023 160 140 120
2.7036 1.3874 0.0004 160 140 120
2.7137 1.4600 0.0026 160 140 120
2.7055 1.5284 -0.0012 160 140 120
2.7187 1.6033 0.0032 160 140 120
2.7095 1.6809 0.0026 160 140 120
2.7106 1.7468 0.0017 160 140 120
2.7161 1.8190 0.0006 160 140 120
2.7102 1.8954 0.0018 160 140 120
2.7135 1.9684 0.0061 160 140 120
2.7249 2.0450 0.0002 160 140 120
2.7161 2.1092 -0.0005 160 140 120
2.7133 2.1944 0.0035 160 140 120
2.7181 2.2622 -0.0021 160 140 120
2.7110 2.3308 0.0013 160 140 120
2.7167 2.4011 -0.0021 160 140 120
2.7125 2.4868 -0.0072 160 140 120
2.7099 2.5506 0.0008 160 140 120
2.7142 2.6226 -0.0024 160 140 120
2.7085 2.6944 -0.0001 160 140 120
2.7104 2.7737 0.0005 160 140 120
2.7153 2.8423 0.0008 160 140 120
2.7153 2.9158 0.0042 160 140 120
2.7117 2.9861 -0.0019 160 140 120
2.7187 3.0597 -0.0043 160 140 120
2.7108 3.1327 -0.0006 160 140 120
2.7106 3.2038 -0.0039 160 140 120
2.7130 3.2809 -0.0022 160 140 120
2.7125 3.3520 -0.0051 160 140 120
2.7002 3.4399 -0.0042 160 140 120
2.7132 3.4952 0.0002 160 140 120
2.7152 3.5757 -0.0020 160 140 120
2.7164 3.6456 -0.0018 160 140 120
2.7088 3.7201 -0.0006 160 140 120
2.7148 3.7870 0.0028 160 140 120
2.7159 3.8589 -0.0025 160 140 120
2.7209 3.9434 -0.0113 160 140 120
2.7194 4.0097 -0.0037 160 140 120
2.7063 4.0785 0.0089 160 140 120
2.7120 4.1531 0.0005 160 140 120
2.7123 4.2342 0.0027 160 140 120
2.7055 4.3005 -0.0008 160 140 120
2.7855 0.0032 -0.0004 160 140 120
2.7834 0.0833 0.0030 160 140 120
2.7846 0.1455 0.0026 160 140 120
2.7899 0.2218 -0.0041 160 140 120
2.7855 0.2883 0.0028 160 140 120
2.7877 0.3607 0.0007 160 140 120
2.7990 0.4374 0.0044 160 140 120
2.7833 0.5006 -0.0026 160 140 120
2.7908 0.5811 -0.0077 160 140 120
2.7941 0.6492 -0.0017 160 140 120
2.7930 0.7264 -0.0008 160 140 120
2.7843 0.8017 -0.0000 160 140 120
2.7975 0.8825 0.0006 160 140 120
2.7906 0.9507 -0.0035 160 140 120
2.7929 1.0282 0.0036 160 140 120
2.7891 1.0852 0.0026 160 140 120
2.8000 1.1597 -0.0036 160 140 120
2.7866 1.2373 0.0031 160 140 120
2.8050 1.3147 0.0046 160 140 120
2.7830 1.3875 -0.0010 160 140 120
2.7864 1.4549 -0.0006 160 140 120
2.7883 1.5294 0.0030 160 140 120
2.7797 1.6044 -0.0071 160 140 120
2.7931 1.6766 -0.0019 160 140 120
2.7856 1.7522 -0.0055 160 140 120
2.7853 1.8167 0.0014 160 140 120
2.7863 1.8940 -0.0043 160 140 120
2.7865 1.9713 -0.0016 160 140 120
2.7865 2.0383 -0.0003 160 140 120
2.7917 2.1186 -0.0083 160 140 120
2.7908 2.1869 0.0001 160 140 120
2.7853 2.2609 0.0026 160 140 120
2.7856 2.3371 -0.0012 160 140 120
2.7885 2.4010 0.0002 160 140 120
2.7996 2.4751 0.0029 160 140 120
2.7823 2.5572 -0.0014 160 140 120
2.7902 2.6271 0.0016 160 140 120
2.7982 2.6864 -0.0052 160 140 120
2.7915 2.7754 -0.0011 160 140 120
2.7702 2.8407 0.0006 160 140 120
2.7898 2.9147 -0.0012 160 140 120
2.7892 2.9834 -0.0022 160 140 120
2.7926 3.0643 0.0061 160 140 120
2.7819 3.1346 -0.0008 160 140 120
2.7845 3.2073 0.0007 160 140 120
2.7940 3.2868 0.0016 160 140 120
2.7930 3.3623 -0.0020 160 140 120
2.8011 3.4181 0.0004 160 140 120
2.7872 3.4990 0.0013 160 140 120
2.7887 3.5719 -0.0066 160 140 120
2.7906 3.6393 -0.0040 160 140 120
2.7909 3.7093 0.0005 160 140 120
2.7817 3.7814 0.0085 160 140 120
2.7961 3.8633 0.0019 160 140 120
2.7872 3.9326 -0.0046 160 140 120
2.7877 4.0045 -0.0011 160 140 120
2.7876 4.0780 0.0003 160 140 120
2.7912 4.1591 0.0015 160 140 120
2.7933 4.2343 -0.0014 160 140 120
2.7839 4.3047 0.0004 160 140 120
2.8589 -0.0032 0.0031 160 140 120
2.8590 0.0728 -0.0043 160 140 120
2.8608 0.1437 0.0004 160 140 120
2.8616 0.2149 -0.0025 160 140 120
2.8685 0.2888 0.0009 160 140 120
2.8655 0.3632 0.0072 160 140 120
2.8699 0.4282 0.0039 160 140 120
2.8592 0.5106 -0.0011 160 140 120
2.8608 0.5912 -0.0032 160 140 120
2.8656 0.6509 -0.0013 160 140 120
2.8718 0.7279 -0.0023 160 140 120
2.8583 0.8030 0.0038 160 140 120
2.8680 0.8701 -0.0003 160 140 120
2.8714 0.9465 0.0014 160 140 120
2.8631 1.0229 0.0009 160 140 120
2.8606 1.0934 0.0068 160 140 120
2.8578 1.1668 -0.0005 160 140 120
2.8662 1.2357 -0.0009 160 140 120
2.8661 1.3062 -0.0018 160 140 120
2.8670 1.3891 -0.0037 160 140 120
2.8669 1.4644 -0.0004 160 140 120
2.8597 1.5326 -0.0026 160 140 120
2.8689 1.5971 -0.0043 160 140 120
2.8631 1.6749 -0.0010 160 140 120
2.8709 1.7515 0.0013 160 140 120
2.8708 1.8165 -0.0009 160 140 120
2.8695 1.9035 0.0004 160 140 120
2.8651 1.9611 0.0009 160 140 120
2.8574 2.0406 0.0028 160 140 120
2.8731 2.1093 0.0028 160 140 120
2.8571 2.1895 0.0000 160 140 120
2.8665 2.2651 0.0009 160 140 120
2.8642 2.3312 0.0008 160 140 120
2.8661 2.4012 -0.0015 160 140 120
2.8652 2.4800 0.0021 160 140 120
2.8667 2.5480 -0.0052 160 140 120
2.8662 2.6275 0.0002 160 140 120
2.8608 2.6941 -0.0041 160 140 120
2.8711 2.7657 0.0034 160 140 120
2.8600 2.8369 0.0043 160 140 120
2.8744 2.9164 -0.0035 160 140 120
2.8698 2.9798 0.0007 160 140 120
2.8608 3.0629 0.0004 160 140 120
2.8654 3.1275 -0.0023 160 140 120
2.8679 3.2116 0.0010 160 140 120
2.8633 3.2816 0.0004 160 140 120
2.8685 3.3548 0.0034 160 140 120
2.8643 3.4236 -0.0025 160 140 120
2.8559 3.4974 -0.0005 160 140 120
2.8750 3.5797 0.0010 160 140 120
2.8690 3.6363 -0.0069 160 140 120
2.8687 3.7151 -0.0043 160 140 120
2.8540 3.7910 -0.0010 160 140 120
2.8600 3.8691 0.0024 160 140 120
2.8647 3.9364 -0.0029 160 140 120
2.8647 3.9995 -0.0009 160 140 120
2.8615 4.0848 0.0046 160 140 120
2.8561 4.1600 0.0017 160 140 120
2.8665 4.2280 0.0068 160 140 120
2.8659 4.3021 -0.0045 160 140 120
2.9464 -0.0000 0.0027 160 140 120
2.9331 0.0611 0.0014 160 140 120
2.9376 0.1449 0.0048 160 140 120
2.9387 0.2238 -0.0030 160 140 120
2.9390 0.2830 -0.0004 160 140 120
2.9369 0.3613 0.0010 160 140 120
2.9454 0.4363 -0.0003 160 140 120
2.9357 0.5072 0.0039 160 140 120
2.9385 0.5845 0.0027 160 140 120
2.9350 0.6538 -0.0013 160 140 120
2.9361 0.7444 0.0064 160 140 120
2.9391 0.8036 0.0016 160 140 120
2.9417 0.8789 -0.0017 160 140 120
2.9480 0.9455 -0.0014 160 140 120
2.9449 1.0150 -0.0014 160 140 120
2.9430 1.0907 -0.0033 160 140 120
2.9392 1.1690 0.0001 160 140 120
2.9393 1.2371 -0.0012 160 140 120
2.9361 1.3123 -0.0013 160 140 120
2.9317 1.3820 -0.0006 160 140 120
2.9356 1.4575 -0.0025 160 140 120
2.9358 1.5249 0.0028 160 140 120
2.9385 1.5982 -0.0021 160 140 120
2.9326 1.6741 0.0031 160 140 120
2.9414 1.7556 0.0027 160 140 120
2.9470 1.8191 0.0078 160 140 120
2.9397 1.8935 0.0016 160 140 120
2.9322 1.9587 -0.0044 160 140 120
2.9307 2.0468 -0.0026 160 140 120
2.9319 2.1150 -0.0008 160 140 120
2.9357 2.1874 -0.0005 160 140 120
2.9338 2.2595 0.0013 160 140 120
2.9271 2.3332 0.0013 160 140 120
2.9438 2.4009 0.0046 160 140 120
2.9394 2.4880 0.0032 160 140 120
2.9394 2.5489 -0.0016 160 140 120
2.9408 2.6231 -0.0024 160 140 120
2.9388 2.6947 0.0003 160 140 120
2.9408 2.7617 0.0013 160 140 120
2.9422 2.8508 0.0028 160 140 120
2.9319 2.9193 -0.0040 160 140 120
2.9363 2.9888 -0.0010 160 140 120
2.9402 3.0685 0.0037 160 140 120
2.9422 3.1353 -0.0004 160 140 120
2.9444 3.1987 0.0004 160 140 120
2.9467 3.2848 0.0019 160 140 120
2.9365 3.3517 0.0034 160 140 120
2.9410 3.4206 0.0006 160 140 120
2.9392 3.5037 -0.0033 160 140 120
2.9391 3.5591 -0.0005 160 140 120
2.9309 3.6397 0.0017 160 140 120
2.9407 3.7182 0.0015 160 140 120
2.9416 3.7803 0.0044 160 140 120
2.9407 3.8676 0.0003 160 140 120
2.9438 3.9359 -0.0028 160 140 120
2.9395 4.0137 -0.0028 160 140 120
2.9389 4.0830 -0.0002 160 140 120
2.9465 4.1513 -0.0029 160 140 120
2.9365 4.2274 -0.0054 160 140 120
2.9370 4.2921 -0.0031 160 140 120
3.0192 -0.0016 0.0034 160 140 120
3.0192 0.0657 0.0006 160 140 120
3.0151 0.1482 0.0026 160 140 120
3.0104 0.2194 0.0024 160 140 120
3.0170 0.2975 0.0043 160 140 120
3.0198 0.3581 0.0010 160 140 120
3.0161 0.4317 -0.0026 160 140 120
3.0070 0.5061 -0.0042 160 140 120
3.0096 0.5785 0.0019 160 140 120
3.0178 0.6568 0.0035 160 140 120
3.0246 0.7229 0.0002 160 140 120
3.0127 0.8055 -0.0098 160 140 120
3.0190 0.8693 0.0006 160 140 120
3.0047 0.9520 0.0012 160 140 120
3.0112 1.0176 -0.0035 160 140 120
3.0159 1.0864 0.0009 160 140 120
3.0290 1.1611 -0.0081 160 140 120
3.0154 1.2356 0.0013 160 140 120
3.0188 1.3116 -0.0034 160 140 120
3.0211 1.3849 0.0005 160 140 120
3.0181 1.4608 0.0001 160 140 120
3.0086 1.5293 -0.0046 160 140 120
3.0206 1.5979 0.0003 160 140 120
3.0136 1.6742 0.0024 160 140 120
3.0089 1.7456 0.0003 160 140 120
3.0111 1.8257 -0.0014 160 140 120
3.0185 1.9072 0.0019 160 140 120
3.0131 1.9706 0.0024 160 140 120
3.0133 2.0408 0.0004 160 140 120
3.0222 2.1146 0.0002 160 140 120
3.0157 2.1897 -0.0048 160 140 120
3.0086 2.2593 -0.0021 160 140 120
3.0121 2.3267 -0.0008 160 140 120
3.0199 2.4075 -0.0021 160 140 120
3.0157 2.4696 -0.0003 160 140 120
3.0082 2.5612 -0.0031 160 140 120
3.0139 2.6295 -0.0006 160 140 120
3.0142 2.6966 -0.0001 160 140 120
3.0171 2.7614 0.0043 160 140 120
3.0072 2.8418 0.0019 160 140 120
3.0129 2.9190 -0.0039 160 140 120
3.0205 2.9849 0.0014 160 140 120
3.0154 3.0596 -0.0023 160 140 120
3.0118 3.1377 -0.0004 160 140 120
3.0133 3.2085 0.0003 160 140 120
3.0183 3.2789 0.0033 160 140 120
3.0160 3.3553 0.0032 160 140 120
3.0168 3.4129 0.0001 160 140 120
3.0059 3.5042 -0.0017 160 140 120
3.0110 3.5782 0.0021 160 140 120
3.0095 3.6436 -0.0043 160 140 120
3.0071 3.7171 0.0019 160 140 120
3.0041 3.7893 -0.0043 160 140 120
3.0170 3.8630 -0.0059 160 140 120
3.0159 3.9426 0.0010 160 140 120
3.0178 4.0119 -0.0016 160 140 120
3.0133 4.0816 -0.0001 160 140 120
3.0134 4.1521 0.0048 160 140 120
3.0217 4.2189 -0.0014 160 140 120
3.0140 4.3041 -0.0046 160 140 120
3.0928 0.0048 -0.0024 160 140 120
3.0975 0.0744 -0.0017 160 140 120
3.0886 0.1460 0.0018 160 140 120
3.0851 0.2194 -0.0008 160 140 120
3.0824 0.2940 -0.0057 160 140 120
3.0899 0.3577 0.0019 160 140 120
3.0901 0.4355 0.0033 160 140 120
3.0963 0.5156 -0.0039 160 140 120
3.0977 0.5803 -0.0050 160 140 120
3.0860 0.6593 -0.0017 160 140 120
3.0911 0.7297 0.0027 160 140 120
3.0907 0.7971 -0.0017 160 140 120
3.0807 0.8745 -0.0005 160 140 120
3.0945 0.9450 -0.0040 160 140 120
3.0865 1.0220 0.0029 160 140 120
3.0855 1.0966 -0.0033 160 140 120
3.0840 1.1694 0.0031 160 140 120
3.0845 1.2356 0.0008 160 140 120
3.0824 1.3125 0.0027 160 140 120
3.0928 1.3888 0.0011 160 140 120
3.0886 1.4697 -0.0000 160 140 120
3.0938 1.5280 -0.0044 160 140 120
3.0846 1.6013 -0.0003 160 140 120
3.0924 1.6793 -0.0029 160 140 120
3.0831 1.7558 -0.0067 160 140 120
3.0844 1.8206 0.0007 160 140 120
3.0860 1.8994 -0.0002 160 140 120
3.0906 1.9691 -0.0003 160 140 120
3.0906 2.0452 0.0011 160 140 120
3.0931 2.1152 -0.0008 160 140 120
3.0915 2.1900 0.0047 160 140 120
3.0926 2.2600 -0.0002 160 140 120
3.0863 2.3252 0.0017 160 140 120
3.0935 2.4046 -0.0026 160 140 120
3.0845 2.4818 0.0025 160 140 120
3.0992 2.5490 0.0010 160 140 120
3.0942 2.6366 -0.0012 160 140 120
3.0936 2.6998 0.0008 160 140 120
3.0896 2.7762 -0.0003 160 140 120
3.0881 2.8452 0.0012 160 140 120
3.0840 2.9165 -0.0010 160 140 120
3.0877 2.9877 0.0014 160 140 120
3.0827 3.0580 0.0011 160 140 120
3.0865 3.1393 -0.0023 160 140 120
3.0903 3.2009 -0.0041 160 140 120
3.0865 3.2743 0.0008 160 140 120
3.1004 3.3572 0.0007 160 140 120
3.0922 3.4232 0.0014 160 140 120
3.0822 3.4982 0.0000 160 140 120
3.0922 3.5678 0.0029 160 140 120
3.0881 3.6466 -0.0010 160 140 120
3.0896 3.7162 -0.0008 160 140 120
3.0943 3.7926 -0.0069 160 140 120
3.0890 3.8629 0.0023 160 140 120
3.0891 3.9279 0.0004 160 140 120
3.0881 4.0070 -0.0017 160 140 120
3.0900 4.0786 0.0045 160 140 120
3.0964 4.1462 -0.0040 160 140 120
3.0832 4.2265 0.0038 160 140 120
3.0861 4.3019 -0.0010 160 140 120
3.1581 0.0012 0.0008 160 140 120
3.1614 0.0760 0.0023 160 140 120
3.1679 0.1438 -0.0019 160 140 120
3.1609 0.2161 0.0027 160 140 120
3.1604 0.2966 -0.0046 160 140 120
3.1750 0.3657 0.0012 160 140 120
3.1602 0.4360 -0.0033 160 140 120
3.1687 0.5106 0.0071 160 140 120
3.1615 0.5802 -0.0011 160 140 120
3.1716 0.6677 0.0030 160 140 120
3.1744 0.7339 0.0025 160 140 120
3.1654 0.7997 0.0004 160 140 120
3.1665 0.8802 0.0002 160 140 120
3.1611 0.9503 -0.0042 160 140 120
3.1635 1.0206 -0.0038 160 140 120
3.1695 1.0961 0.0021 160 140 120
3.1654 1.1737 -0.0034 160 140 120
3.1708 1.2392 0.0048 160 140 120
3.1624 1.3185 0.0016 160 140 120
3.1658 1.3792 -0.0035 160 140 120
3.1687 1.4586 -0.0006 160 140 120
3.1595 1.5319 0.0015 160 140 120
3.1635 1.5997 0.0014 160 140 120
3.1710 1.6637 -0.0015 160 140 120
3.1613 1.7453 -0.0028 160 140 120
3.1598 1.8199 0.0006 160 140 120
3.1620 1.8854 0.0040 160 140 120
3.1681 1.9736 -0.0028 160 140 120
3.1603 2.0388 -0.0008 160 140 120
3.1562 2.1048 -0.0013 160 140 120
3.1652 2.1821 0.0042 160 140 120
3.1656 2.2527 0.0042 160 140 120
3.1699 2.3324 -0.0064 160 140 120
3.1696 2.4074 0.0061 160 140 120
3.1567 2.4781 -0.0016 160 140 120
3.1645 2.5528 -0.0000 160 140 120
3.1606 2.6224 0.0011 160 140 120
3.1654 2.7030 -0.0052 160 140 120
3.1719 2.7731 0.0045 160 140 120
3.1673 2.8418 0.0022 160 140 120
3.1712 2.9111 -0.0034 160 140 120
3.1576 2.9833 0.0010 160 140 120
3.1619 3.0663 -0.0032 160 140 120
3.1680 3.1346 -0.0010 160 140 120
3.1646 3.2000 -0.0012 160 140 120
3.1601 3.2747 -0.0010 160 140 120
3.1679 3.3536 -0.0028 160 140 120
3.1734 3.4226 -0.0034 160 140 120
3.1588 3.5051 0.0025 160 140 120
3.1660 3.5650 -0.0020 160 140 120
3.1614 3.6487 0.0025 160 140 120
3.1673 3.7231 0.0002 160 140 120
3.1585 3.7897 -0.0001 160 140 120
3.1641 3.8723 -0.0000 160 140 120
3.1651 3.9294 -0.0069 160 140 120
3.1594 4.0004 -0.0006 160 140 120
3.1807 4.0901 -0.0010 160 140 120
3.1639 4.1573 -0.0008 160 140 120
3.1669 4.2296 -0.0013 160 140 120
3.1614 4.3095 -0.0020 160 140 120
3.2442 -0.0006 -0.0024 160 140 120
3.2407 0.0756 -0.0007 160 140 120
3.2413 0.1443 0.0005 160 140 120
3.2401 0.2214 0.0011 160 140 120
3.2414 0.2913 0.0012 160 140 120
3.2446 0.3557 -0.0005 160 140 120
3.2389 0.4379 0.0017 160 140 120
3.2435 0.5050 -0.0020 160 140 120
3.2463 0.5870 -0.0041 160 140 120
3.2412 0.6557 0.0002 160 140 120
3.2418 0.7300 0.0009 160 140 120
3.2460 0.8062 -0.0000 160 140 120
3.2513 0.8796 0.0028 160 140 120
3.2412 0.9474 0.0033 160 140 120
3.2373 1.0234 0.0020 160 140 120
3.2379 1.0985 0.0016 160 140 120
3.2377 1.1618 -0.0008 160 140 120
3.2335 1.2368 0.0035 160 140 120
3.2346 1.3161 -0.0024 160 140 120
3.2477 1.3912 -0.0062 160 140 120
3.2455 1.4557 0.0058 160 140 120
3.2390 1.5343 -0.0029 160 140 120
3.2472 1.6073 -0.0020 160 140 120
3.2374 1.6828 -0.0017 160 140 120
3.2435 1.7506 0.0002 160 140 120
3.2410 1.8236 0.0009 160 140 120
3.2430 1.8913 0.0034 160 140 120
3.2362 1.9740 0.0005 160 140 120
3.2481 2.0385 0.0002 160 140 120
3.2421 2.1202 -0.0027 160 140 120
3.2325 2.1896 0.0011 160 140 120
3.2373 2.2652 0.0046 160 140 120
3.2370 2.3308 0.0019 160 140 120
3.2302 2.4024 -0.0042 160 140 120
3.2336 2.4740 -0.0041 160 140 120
3.2423 2.5491 -0.0024 160 140 120
3.2444 2.6331 0.0055 160 140 120
3.2385 2.7020 0.0012 160 140 120
3.2354 2.7647 0.0051 160 140 120
3.2358 2.8404 -0.0004 160 140 120
3.2383 2.9184 0.0039 160 140 120
3.2411 2.9881 0.0020 160 140 120
3.2369 3.0540 0.0011 160 140 120
3.2428 3.1358 0.0021 160 140 120
3.2426 3.2121 -0.0012 160 140 120
3.2335 3.2846 0.0011 160 140 120
3.2420 3.3495 0.0048 160 140 120
3.2393 3.4201 0.0041 160 140 120
3.2420 3.5023 -0.0027 160 140 120
3.2424 3.5755 -0.0028 160 140 120
3.2474 3.6382 -0.0002 160 140 120
3.2395 3.7139 0.0027 160 140 120
3.2375 3.7877 -0.0013 160 140 120
3.2417 3.8635 -0.0019 160 140 120
3.2421 3.9314 0.0024 160 140 120
3.2469 4.0141 0.0014 160 140 120
3.2401 4.0757 0.0009 160 140 120
3.2411 4.1575 0.0024 160 140 120
3.2440 4.2371 -0.0018 160 140 120
3.2319 4.2989 -0.0019 160 140 120
3.3226 -0.0033 -0.0003 160 140 120
3.3142 0.0797 -0.0061 160 140 120
3.3167 0.1399 -0.0020 160 140 120
3.3209 0.2218 -0.0022 160 140 120
3.3223 0.2923 -0.0037 160 140 120
3.3106 0.3584 0.0016 160 140 120
3.3093 0.4346 -0.0029 160 140 120
3.3213 0.5044 0.0019 160 140 120
3.3161 0.5917 0.0016 160 140 120
3.3133 0.6567 0.0013 160 140 120
3.3294 0.7262 0.0043 160 140 120
3.3158 0.7977 0.0009 160 140 120
3.3137 0.8801 -0.0037 160 140 120
3.3109 0.9481 -0.0063 160 140 120
3.3192 1.0171 0.0015 160 140 120
3.3157 1.0898 0.0011 160 140 120
3.3151 1.1672 -0.0019 160 140 120
3.3261 1.2429 0.0010 160 140 120
3.3166 1.3090 0.0016 160 140 120
3.3186 1.3810 0.0021 160 140 120
3.3164 1.4641 -0.0001 160 140 120
3.3208 1.5372 0.0013 160 140 120
3.3176 1.6006 0.0007 160 140 120
3.3133 1.6767 0.0004 160 140 120
3.3073 1.7478 -0.0012 160 140 120
3.3079 1.8203 -0.0064 160 140 120
3.3193 1.8940 0.0054 160 140 120
3.3181 1.9654 -0.0014 160 140 120
3.3164 2.0461 0.0009 160 140 120
3.3170 2.1100 0.0001 160 140 120
3.3136 2.1837 -0.0026 160 140 120
3.3138 2.2661 -0.0085 160 140 120
3.3246 2.3266 -0.0001 160 140 120
3.3085 2.4132 -0.0001 160 140 120
3.3144 2.4790 0.0023 160 140 120
3.3231 2.5540 0.0036 160 140 120
3.3193 2.6301 0.0019 160 140 120
3.3175 2.6993 0.0050 160 140 120
3.3100 2.7676 -0.0022 160 140 120
3.3191 2.8391 -0.0013 160 140 120
3.3201 2.9159 -0.0047 160 140 120
3.3170 2.9856 -0.0039 160 140 120
3.3196 3.0643 0.0048 160 140 120
3.3183 3.1287 -0.0009 160 140 120
3.3129 3.2087 -0.0037 160 140 120
3.3147 3.2745 -0.0003 160 140 120
3.3205 3.3508 0.0011 160 140 120
3.3185 3.4244 0.0015 160 140 120
3.3158 3.5058 0.0003 160 140 120
3.3213 3.5665 0.0019 160 140 120
3.3186 3.6425 0.0023 160 140 120
3.3115 3.7139 0.0019 160 140 120
3.3070 3.7876 0.0030 160 140 120
3.3094 3.8593 0.0018 160 140 120
3.3163 3.9332 -0.0002 160 140 120
3.3099 4.0147 -0.0006 160 140 120
3.3203 4.0752 0.0030 160 140 120
3.3176 4.1637 -0.0033 160 140 120
3.3172 4.2256 0.0010 160 140 120
3.3148 4.2989 -0.0001 160 140 120
3.3877 0.0015 0.0013 160 140 120
3.3896 0.0824 0.0065 160 140 120
3.3929 0.1408 0.0066 160 140 120
3.3898 0.2170 0.0028 160 140 120
3.3919 0.2895 -0.0016 160 140 120
3.3970 0.3688 0.0022 160 140 120
3.3910 0.4341 -0.0046 160 140 120
3.4005 0.5141 -0.0018 160 140 120
3.3932 0.5813 -0.0019 160 140 120
3.3969 0.6576 -0.0048 160 140 120
3.3886 0.7311 -0.0012 160 140 120
3.3949 0.8049 -0.0023 160 140 120
3.3925 0.8623 -0.0003 160 140 120
3.3919 0.9534 -0.0013 160 140 120
3.3850 1.0208 0.0033 160 140 120
3.3877 1.0931 -0.0008 160 140 120
3.3897 1.1722 -0.0015 160 140 120
3.4001 1.2306 0.0000 160 140 120
3.3851 1.3091 0.0020 160 140 120
3.3893 1.3842 0.0034 160 140 120
3.3954 1.4542 -0.0004 160 140 120
3.3983 1.5334 0.0039 160 140 120
3.3911 1.6047 0.0028 160 140 120
3.3903 1.6699 0.0016 160 140 120
3.3921 1.7507 -0.0019 160 140 120
3.3898 1.8268 0.0009 160 140 120
3.3873 1.9007 -0.0035 160 140 120
3.3919 1.9681 -0.0005 160 140 120
3.3896 2.0369 0.0047 160 140 120
3.3898 2.1134 -0.0029 160 140 120
3.3839 2.1764 0.0005 160 140 120
3.3924 2.2620 -0.0001 160 140 120
3.3804 2.3335 0.0034 160 140 120
3.3875 2.4113 0.0018 160 140 120
3.3907 2.4776 -0.0048 160 140 120
3.3966 2.5446 0.0030 160 140 120
3.3936 2.6182 0.0052 160 140 120
3.3947 2.6972 0.0039 160 140 120
3.3897 2.7671 -0.0037 160 140 120
3.3939 2.8403 -0.0045 160 140 120
3.3931 2.9221 -0.0002 160 140 120
3.3971 2.9880 0.0016 160 140 120
3.3948 3.0485 -0.0023 160 140 120
3.3904 3.1360 -0.0004 160 140 120
3.3875 3.2095 0.0039 160 140 120
3.3898 3.2757 0.0033 160 140 120
3.3903 3.3548 0.0029 160 140 120
3.3887 3.4294 0.0018 160 140 120
3.3931 3.5010 0.0005 160 140 120
3.3944 3.5668 -0.0014 160 140 120
3.3850 3.6539 -0.0016 160 140 120
3.3921 3.7237 -0.0000 160 140 120
3.3891 3.7888 0.0056 160 140 120
3.3967 3.8669 -0.0013 160 140 120
3.3866 3.9398 -0.0063 160 140 120
3.4079 4.0010 0.0006 160 140 120
3.3880 4.0841 -0.0022 160 140 120
3.3908 4.1591 -0.0042 160 140 120
3.3870 4.2243 -0.0053 160 140 120
3.3933 4.3021 -0.0036 160 140 120
3.4635 -0.0030 0.0024 160 140 120
3.4732 0.0729 -0.0031 160 140 120
3.4647 0.1476 -0.0003 160 140 120
3.4633 0.2226 0.0032 160 140 120
3.4610 0.2967 -0.0020 160 140 120
3.4683 0.3613 -0.0008 160 140 120
3.4650 0.4350 0.0073 160 140 120
3.4647 0.5066 -0.0080 160 140 120
3.4633 0.5869 0.0022 160 140 120
3.4677 0.6570 0.0032 160 140 120
3.4653 0.7318 0.0044 160 140 120
3.4681 0.8063 -0.0037 160 140 120
3.4670 0.8690 -0.0008 160 140 120
3.4620 0.9416 -0.0019 160 140 120
3.4751 1.0138 0.0006 160 140 120
3.4711 1.0913 0.0019 160 140 120
3.4632 1.1674 -0.0005 160 140 120
3.4718 1.2350 0.0010 160 140 120
3.4647 1.3139 0.0014 160 140 120
3.4771 1.3884 -0.0019 160 140 120
3.4589 1.4608 0.0016 160 140 120
3.4763 1.5270 -0.0011 160 140 120
3.4655 1.5940 -0.0013 160 140 120
3.4726 1.6730 -0.0034 160 140 120
3.4773 1.7441 0.0010 160 140 120
3.4694 1.8237 -0.0052 160 140 120
3.4676 1.8962 -0.0001 160 140 120
3.4636 1.9652 -0.0049 160 140 120
3.4716 2.0365 -0.0029 160 140 120
3.4606 2.1207 0.0017 160 140 120
3.4626 2.1853 -0.0031 160 140 120
3.4617 2.2681 -0.0007 160 140 120
3.4771 2.3222 -0.0010 160 140 120
3.4708 2.3983 -0.0049 160 140 120
3.4666 2.4693 0.0015 160 140 120
3.4567 2.5496 0.0060 160 140 120
3.4660 2.6253 0.0031 160 140 120
3.4732 2.6927 -0.0026 160 140 120
3.4648 2.7665 0.0049 160 140 120
3.4663 2.8417 0.0015 160 140 120
3.4792 2.9071 -0.0024 160 140 120
3.4635 2.9790 -0.0002 160 140 120
3.4669 3.0655 0.0009 160 140 120
3.4714 3.1291 0.0004 160 140 120
3.4651 3.2023 0.0014 160 140 120
3.4651 3.2765 -0.0022 160 140 120
3.4698 3.3455 -0.0029 160 140 120
3.4709 3.4194 -0.0034 160 140 120
3.4690 3.4979 0.0006 160 140 120
3.4641 3.5646 -0.0025 160 140 120
3.4735 3.6416 -0.0036 160 140 120
3.4730 3.7216 0.0055 160 140 120
3.4619 3.7922 0.0012 160 140 120
3.4634 3.8636 -0.0006 160 140 120
3.4689 3.9230 -0.0041 160 140 120
3.4660 4.0239 0.0033 160 140 120
3.4601 4.0879 -0.0049 160 140 120
3.4705 4.1427 0.0026 160 140 120
3.4712 4.2292 0.0064 160 140 120
3.4602 4.3002 0.0017 160 140 120
3.5390 -0.0004 -0.0059 160 140 120
3.5524 0.0715 -0.0006 160 140 120
3.5434 0.1475 0.0038 160 140 120
3.5412 0.2223 -0.0006 160 140 120
3.5501 0.2906 -0.0020 160 140 120
3.5367 0.3711 0.0066 160 140 120
3.5457 0.4358 -0.0054 160 140 120
3.5414 0.5114 0.0052 160 140 120
3.5422 0.5773 0.0016 160 140 120
3.5454 0.6567 -0.0021 160 140 120
3.5291 0.7325 0.0028 160 140 120
3.5366 0.8083 -0.0025 160 140 120
3.5419 0.8730 0.0010 160 140 120
3.5444 0.9445 -0.0008 160 140 120
3.5443 1.0154 -0.0001 160 140 120
3.5533 1.0882 -0.0007 160 140 120
3.5440 1.1688 -0.0035 160 140 120
3.5413 1.2313 -0.0007 160 140 120
3.5473 1.3089 -0.0011 160 140 120
3.5477 1.3886 0.0003 160 140 120
3.5410 1.4518 0.0035 160 140 120
3.5423 1.5446 0.0013 160 140 120
3.5445 1.6106 -0.0007 160 140 120
3.5388 1.6824 0.0026 160 140 120
3.5395 1.7581 -0.0001 160 140 120
3.5477 1.8302 0.0022 160 140 120
3.5490 1.8909 -0.0024 160 140 120
3.5372 1.9749 -0.0051 160 140 120
3.5496 2.0384 -0.0032 160 140 120
3.5438 2.1123 -0.0023 160 140 120
3.5454 2.1749 -0.0037 160 140 120
3.5537 2.2542 -0.0004 160 140 120
3.5456 2.3318 -0.0012 160 140 120
3.5503 2.4008 -0.0021 160 140 120
3.5470 2.4764 -0.0015 160 140 120
3.5356 2.5515 0.0010 160 140 120
3.5282 2.6259 -0.0002 160 140 120
3.5426 2.7001 -0.0006 160 140 120
3.5463 2.7706 0.0010 160 140 120
3.5432 2.8458 -0.0018 160 140 120
3.5421 2.9190 -0.0013 160 140 120
3.5544 2.9918 0.0000 160 140 120
3.5468 3.0622 0.0022 160 140 120
3.5407 3.1367 -0.0048 160 140 120
3.5502 3.2059 0.0021 160 140 120
3.5333 3.2856 0.0028 160 140 120
3.5349 3.3583 0.0050 160 140 120
3.5417 3.4302 -0.0009 160 140 120
3.5470 3.4992 0.0090 160 140 120
3.5305 3.5692 -0.0019 160 140 120
3.5379 3.6437 -0.0009 160 140 120
3.5400 3.7213 -0.0005 160 140 120
3.5404 3.7903 -0.0050 160 140 120
3.5462 3.8476 0.0033 160 140 120
3.5364 3.9321 0.0006 160 140 120
3.5410 4.0148 -0.0076 160 140 120
3.5435 4.0803 0.0060 160 140 120
3.5400 4.1558 -0.0045 160 140 120
3.5436 4.2319 -0.0050 160 140 120
3.5376 4.3006 0.0002 160 140 120
3.6193 -0.0035 -0.0009 160 140 120
3.6204 0.0747 -0.0007 160 140 120
3.6167 0.1372 0.0026 160 140 120
3.6188 0.2115 0.0018 160 140 120
3.6168 0.2897 0.0033 160 140 120
3.6220 0.3726 0.0022 160 140 120
3.6142 0.4335 -0.0088 160 140 120
3.6206 0.5055 -0.0046 160 140 120
3.6237 0.5829 -0.0018 160 140 120
3.6123 0.6542 -0.0048 160 140 120
3.6156 0.7254 0.0049 160 140 120
3.6192 0.7863 0.0007 160 140 120
3.6222 0.8764 -0.0024 160 140 120
3.6152 0.9466 0.0004 160 140 120
3.6173 1.0310 -0.0025 160 140 120
3.6198 1.0931 -0.0016 160 140 120
3.6056 1.1695 -0.0065 160 140 120
3.6245 1.2413 -0.0009 160 140 120
3.6248 1.3165 0.0003 160 140 120
3.6146 1.3798 0.0026 160 140 120
3.6191 1.4586 -0.0009 160 140 120
3.6164 1.5217 -0.0013 160 140 120
3.6214 1.6008 -0.0029 160 140 120
3.6125 1.6772 0.0053 160 140 120
3.6166 1.7525 0.0017 160 140 120
3.6059 1.8247 0.0025 160 140 120
3.6122 1.8970 -0.0020 160 140 120
3.6113 1.9608 -0.0003 160 140 120
3.6105 2.0453 -0.0010 160 140 120
3.6255 2.1106 -0.0014 160 140 120
3.6189 2.1948 -0.0024 160 140 120
3.6176 2.2638 -0.0009 160 140 120
3.6161 2.3305 -0.0010 160 140 120
3.6254 2.4052 -0.0018 160 140 120
3.6180 2.4726 -0.0042 160 140 120
3.6128 2.5449 0.0001 160 140 120
3.6158 2.6228 -0.0042 160 140 120
3.6170 2.6911 0.0036 160 140 120
3.6217 2.7714 0.0014 160 140 120
3.6149 2.8395 0.0025 160 140 120
3.6081 2.9154 -0.0004 160 140 120
3.6144 2.9901 0.0029 160 140 120
3.6173 3.0715 -0.0059 160 140 120
3.6164 3.1289 -0.0017 160 140 120
3.6095 3.2065 -0.0019 160 140 120
3.6223 3.2760 0.0005 160 140 120
3.6099 3.3436 -0.0022 160 140 120
3.6179 3.4253 -0.0008 160 140 120
3.6145 3.4936 -0.0007 160 140 120
3.6173 3.5652 0.0030 160 140 120
3.6301 3.6466 -0.0044 160 140 120
3.6212 3.7191 0.0028 160 140 120
3.6216 3.7930 0.0045 160 140 120
3.6191 3.8588 0.0009 160 140 120
3.6224 3.9359 0.0065 160 140 120
3.6101 4.0171 -0.0005 160 140 120
3.6222 4.0760 0.0003 160 140 120
3.6167 4.1507 -0.0017 160 140 120
3.6099 4.2222 -0.0067 160 140 120
3.6208 4.2943 -0.0003 160 140 120
3.6928 -0.0049 0.0063 160 140 120
3.6880 0.0708 0.0014 160 140 120
3.6883 0.1427 -0.0014 160 140 120
3.6924 0.2170 -0.0019 160 140 120
3.6877 0.2936 0.0001 160 140 120
3.7026 0.3701 -0.0054 160 140 120
3.6856 0.4361 -0.0010 160 140 120
3.6962 0.5038 -0.0019 160 140 120
3.6957 0.5806 0.0014 160 140 120
3.6892 0.6595 -0.0026 160 140 120
3.6879 0.7321 -0.0028 160 140 120
3.6917 0.8098 0.0024 160 140 120
3.6870 0.8756 -0.0032 160 140 120
3.6865 0.9494 0.0001 160 140 120
3.6884 1.0167 -0.0007 160 140 120
3.6960 1.0958 0.0001 160 140 120
3.6908 1.1704 -0.0040 160 140 120
3.6895 1.2367 -0.0000 160 140 120
3.6869 1.3108 -0.0030 160 140 120
3.6926 1.3837 -0.0003 160 140 120
3.6912 1.4543 -0.0057 160 140 120
3.6983 1.5369 0.0019 160 140 120
3.6960 1.5994 -0.0009 160 140 120
3.6925 1.6814 -0.0029 160 140 120
3.6918 1.7438 0.0043 160 140 120
3.6926 1.8225 0.0029 160 140 120
3.6931 1.8923 -0.0008 160 140 120
3.6951 1.9633 0.0036 160 140 120
3.6951 2.0407 0.0027 160 140 120
3.6947 2.1089 -0.0056 160 140 120
3.6905 2.1845 0.0005 160 140 120
3.6902 2.2612 -0.0045 160 140 120
3.6858 2.3301 0.0043 160 140 120
3.7053 2.4070 -0.0031 160 140 120
3.6919 2.4917 -0.0021 160 140 120
3.6914 2.5496 0.0037 160 140 120
3.6976 2.6281 0.0015 160 140 120
3.6897 2.6879 0.0063 160 140 120
3.6931 2.7695 -0.0004 160 140 120
3.6935 2.8450 -0.0078 160 140 120
3.6864 2.9137 -0.0062 160 140 120
3.6947 2.9801 -0.0020 160 140 120
3.6920 3.0632 -0.0013 160 140 120
3.6933 3.1284 -0.0035 160 140 120
3.6810 3.2050 -0.0062 160 140 120
3.6975 3.2736 0.0045 160 140 120
3.6914 3.3611 0.0010 160 140 120
3.6862 3.4254 -0.0041 160 140 120
3.6971 3.4997 0.0031 160 140 120
3.6934 3.5756 -0.0018 160 140 120
3.6948 3.6429 0.0028 160 140 120
3.6977 3.7103 0.0006 160 140 120
3.6988 3.7858 0.0030 160 140 120
3.6953 3.8605 -0.0042 160 140 120
3.6985 3.9357 -0.0047 160 140 120
3.6986 4.0125 -0.0002 160 140 120
3.6965 4.0881 -0.0017 160 140 120
3.6913 4.1496 0.0002 160 140 120
3.6911 4.2320 0.0017 160 140 120
3.6970 4.3017 -0.0000 160 140 120
3.7678 0.0064 -0.0017 160 140 120
3.7771 0.0756 -0.0013 160 140 120
3.7740 0.1432 -0.0044 160 140 120
3.7739 0.2215 -0.0023 160 140 120
3.7658 0.2984 -0.0086 160 140 120
3.7658 0.3587 0.0044 160 140 120
3.7591 0.4437 0.0062 160 140 120
3.7734 0.5140 0.0004 160 140 120
3.7720 0.5859 -0.0013 160 140 120
3.7747 0.6529 0.0006 160 140 120
3.7699 0.7283 0.0040 160 140 120
3.7667 0.8065 -0.0044 160 140 120
3.7755 0.8813 0.0001 160 140 120
3.7729 0.9570 0.0011 160 140 120
3.7745 1.0077 -0.0008 160 140 120
3.7671 1.0937 -0.0022 160 140 120
3.7722 1.1573 -0.0028 160 140 120
3.7730 1.2430 0.0026 160 140 120
3.7697 1.3063 -0.0000 160 140 120
3.7693 1.3810 -0.0011 160 140 120
3.7681 1.4631 0.0007 160 140 120
3.7699 1.5270 -0.0060 160 140 120
3.7752 1.6104 0.0019 160 140 120
3.7692 1.6788 0.0008 160 140 120
3.7719 1.7473 -0.0003 160 140 120
3.7726 1.8252 0.0014 160 140 120
3.7676 1.9061 -0.0025 160 140 120
3.7705 1.9614 -0.0007 160 140 120
3.7673 2.0433 -0.0057 160 140 120
3.7690 2.1098 -0.0066 160 140 120
3.7712 2.1891 0.0008 160 140 120
3.7663 2.2543 -0.0035 160 140 120
3.7642 2.3289 -0.0040 160 140 120
3.7638 2.4131 0.0020 160 140 120
3.7689 2.4782 0.0046 160 140 120
3.7678 2.5531 -0.0023 160 140 120
3.7684 2.6230 0.0044 160 140 120
3.7608 2.6992 0.0010 160 140 120
3.7590 2.7788 0.0012 160 140 120
3.7550 2.8453 0.0042 160 140 120
3.7636 2.9040 0.0015 160 140 120
3.7732 2.9846 -0.0041 160 140 120
3.7716 3.0599 0.0022 160 140 120
3.7686 3.1357 -0.0041 160 140 120
3.7757 3.2052 -0.0002 160 140 120
3.7713 3.2711 -0.0002 160 140 120
3.7761 3.3569 -0.0017 160 140 120
3.7691 3.4301 0.0017 160 140 120
3.7622 3.4939 -0.0066 160 140 120
3.7695 3.5616 0.0022 160 140 120
3.7674 3.6506 -0.0033 160 140 120
3.7640 3.7224 -0.0058 160 140 120
3.7671 3.7957 0.0008 160 140 120
3.7743 3.8610 0.0015 160 140 120
3.7631 3.9284 0.0074 160 140 120
3.7797 4.0008 -0.0000 160 140 120
3.7645 4.0742 0.0017 160 140 120
3.7683 4.1584 -0.0004 160 140 120
3.7516 4.2222 0.0008 160 140 120
3.7657 4.2986 0.0037 160 140 120
3.8345 0.0007 0.0000 160 140 120
3.8373 0.0742 -0.0014 160 140 120
3.8410 0.1446 -0.0001 160 140 120
3.8459 0.2145 0.0008 160 140 120
3.8476 0.2875 -0.0008 160 140 120
3.8495 0.3657 0.0065 160 140 120
3.8497 0.4355 -0.0033 160 140 120
3.8403 0.5143 -0.0017 160 140 120
3.8380 0.5841 -0.0050 160 140 120
3.8419 0.6615 -0.0013 160 140 120
3.8504 0.7289 -0.0008 160 140 120
3.8513 0.8075 -0.0016 160 140 120
3.8363 0.8777 -0.0011 160 140 120
3.8443 0.9405 -0.0025 160 140 120
3.8396 1.0233 0.0012 160 140 120
3.8427 1.0860 0.0068 160 140 120
3.8428 1.1621 0.0006 160 140 120
3.8482 1.2485 -0.0010 160 140 120
3.8440 1.3185 -0.0058 160 140 120
3.8383 1.3905 0.0031 160 140 120
3.8396 1.4676 0.0023 160 140 120
3.8402 1.5352 0.0002 160 140 120
3.8429 1.6123 0.0031 160 140 120
3.8352 1.6777 -0.0040 160 140 120
3.8445 1.7529 0.0026 160 140 120
3.8485 1.8346 -0.0026 160 140 120
3.8436 1.8952 0.0015 160 140 120
3.8350 1.9811 0.0031 160 140 120
3.8397 2.0474 -0.0021 160 140 120
3.8519 2.1139 -0.0040 160 140 120
3.8474 2.1856 -0.0005 160 140 120
3.8425 2.2638 0.0045 160 140 120
3.8451 2.3245 0.0003 160 140 120
3.8400 2.4141 -0.0011 160 140 120
3.8519 2.4790 0.0026 160 140 120
3.8424 2.5465 -0.0011 160 140 120
3.8490 2.6221 0.0009 160 140 120
3.8473 2.6998 0.0003 160 140 120
3.8445 2.7697 -0.0073 160 140 120
3.8460 2.8378 -0.0009 160 140 120
3.8443 2.9127 0.0028 160 140 120
3.8295 2.9872 0.0024 160 140 120
3.8462 3.0569 -0.0004 160 140 120
3.8401 3.1288 -0.0047 160 140 120
3.8400 3.2030 -0.0021 160 140 120
3.8446 3.2809 0.0013 160 140 120
3.8442 3.3393 -0.0022 160 140 120
3.8374 3.4343 0.0033 160 140 120
3.8478 3.4993 0.0011 160 140 120
3.8226 3.5766 0.0011 160 140 120
3.8385 3.6427 -0.0037 160 140 120
3.8377 3.7120 -0.0051 160 140 120
3.8457 3.7893 0.0054 160 140 120
3.8529 3.8659 0.0011 160 140 120
3.8433 3.9391 0.0054 160 140 120
3.8414 4.0017 -0.0026 160 140 120
3.8336 4.0776 0.0019 160 140 120
3.8418 4.1560 0.0011 160 140 120
3.8481 4.2262 0.0021 160 140 120
3.8506 4.2999 -0.0045 160 140 120
3.9200 0.0125 0.0006 160 140 120
3.9280 0.0726 -0.0025 160 140 120
3.9139 0.1410 -0.0035 160 140 120
3.9149 0.2123 -0.0079 160 140 120
3.9180 0.2947 0.0009 160 140 120
3.9136 0.3794 0.0012 160 140 120
3.9177 0.4369 -0.0046 160 140 120
3.9211 0.5141 -0.0009 160 140 120
3.9199 0.5779 0.0042 160 140 120
3.9137 0.6591 0.0004 160 140 120
3.9282 0.7278 -0.0006 160 140 120
3.9256 0.8090 -0.0015 160 140 120
3.9145 0.8699 0.0009 160 140 120
3.9275 0.9424 -0.0053 160 140 120
3.9218 1.0165 0.0051 160 140 120
3.9097 1.0902 0.0021 160 140 120
3.9174 1.1716 -0.0015 160 140 120
3.9247 1.2420 0.0004 160 140 120
3.9137 1.3164 0.0031 160 140 120
3.9197 1.3756 -0.0018 160 140 120
3.9149 1.4559 0.0018 160 140 120
3.9166 1.5348 0.0002 160 140 120
3.9119 1.6096 -0.0025 160 140 120
3.9127 1.6742 -0.0024 160 140 120
3.9155 1.7463 -0.0028 160 140 120
3.9201 1.8258 0.0021 160 140 120
3.9087 1.9052 -0.0008 160 140 120
3.9245 1.9562 -0.0037 160 140 120
3.9185 2.0453 0.0007 160 140 120
3.9176 2.1139 -0.0028 160 140 120
3.9141 2.1928 0.0018 160 140 120
3.9206 2.2532 -0.0030 160 140 120
3.9195 2.3282 0.0014 160 140 120
3.9188 2.4124 -0.0016 160 140 120
3.9202 2.4734 0.0015 160 140 120
3.9207 2.5513 -0.0008 160 140 120
3.9082 2.6233 0.0042 160 140 120
3.9185 2.6902 0.0044 160 140 120
3.9143 2.7764 -0.0056 160 140 120
3.9246 2.8378 -0.0007 160 140 120
3.9214 2.9106 -0.0011 160 140 120
3.9198 2.9929 -0.0074 160 140 120
3.9180 3.0513 -0.0005 160 140 120
3.9228 3.1372 0.0031 160 140 120
3.9185 3.2072 0.0003 160 140 120
3.9217 3.2802 0.0020 160 140 120
3.9221 3.3591 -0.0050 160 140 120
3.9269 3.4362 0.0031 160 140 120
3.9168 3.5066 -0.0006 160 140 120
3.9129 3.5749 -0.0021 160 140 120
3.9204 3.6494 0.0022 160 140 120
3.9193 3.7122 0.0001 160 140 120
3.9168 3.7832 -0.0029 160 140 120
3.9193 3.8624 0.0018 160 140 120
3.9218 3.9386 -0.0013 160 140 120
3.9126 4.0052 -0.0002 160 140 120
3.9215 4.0840 0.0022 160 140 120
3.9157 4.1519 0.0026 160 140 120
3.9151 4.2346 0.0012 160 140 120
3.9209 4.3062 -0.0016 160 140 120
3.9901 -0.0020 -0.0008 160 140 120
3.9996 0.0738 0.0076 160 140 120
4.0011 0.1559 0.0012 160 140 120
3.9955 0.2154 -0.0020 160 140 120
3.9952 0.3000 0.0041 160 140 120
3.9904 0.3673 -0.0004 160 140 120
3.9901 0.4334 0.0029 160 140 120
3.9945 0.4960 0.0031 160 140 120
3.9945 0.5782 0.0030 160 140 120
3.9909 0.6540 0.0001 160 140 120
3.9939 0.7344 -0.0004 160 140 120
3.9853 0.7927 0.0009 160 140 120
3.9901 0.8801 0.0040 160 140 120
3.9932 0.9515 -0.0043 160 140 120
3.9893 1.0171 -0.0005 160 140 120
3.9919 1.0876 -0.0025 160 140 120
3.9841 1.1581 -0.0011 160 140 120
3.9995 1.2351 -0.0020 160 140 120
3.9895 1.3133 -0.0041 160 140 120
3.9923 1.3887 0.0008 160 140 120
4.0016 1.4492 -0.0006 160 140 120
3.9941 1.5316 0.0007 160 140 120
3.9973 1.6092 -0.0011 160 140 120
3.9798 1.6700 0.0005 160 140 120
3.9950 1.7517 0.0006 160 140 120
4.0060 1.8245 0.0043 160 140 120
3.9955 1.9007 0.0009 160 140 120
4.0006 1.9641 -0.0030 160 140 120
3.9946 2.0445 0.0074 160 140 120
3.9903 2.1130 0.0017 160 140 120
3.9924 2.1834 -0.0031 160 140 120
3.9947 2.2646 -0.0016 160 140 120
4.0021 2.3289 -0.0031 160 140 120
3.9917 2.4083 -0.0034 160 140 120
3.9878 2.4798 0.0061 160 140 120
3.9923 2.5489 0.0005 160 140 120
3.9900 2.6262 0.0044 160 140 120
3.9925 2.6946 -0.0039 160 140 120
3.9911 2.7702 0.0011 160 140 120
3.9774 2.8437 0.0010 160 140 120
3.9979 2.9129 0.0032 160 140 120
3.9970 2.9937 -0.0030 160 140 120
3.9816 3.0668 -0.0068 160 140 120
3.9948 3.1294 0.0031 160 140 120
3.9899 3.2088 -0.0042 160 140 120
3.9933 3.2832 0.0027 160 140 120
3.9916 3.3555 0.0042 160 140 120
3.9890 3.4271 0.0056 160 140 120
3.9960 3.4977 -0.0058 160 140 120
3.9923 3.5715 0.0068 160 140 120
3.9968 3.6380 -0.0061 160 140 120
3.9936 3.7089 0.0055 160 140 120
3.9959 3.7816 0.0050 160 140 120
3.9989 3.8587 -0.0011 160 140 120
4.0017 3.9283 -0.0054 160 140 120
3.9814 4.0064 -0.0006 160 140 120
3.9858 4.0749 -0.0022 160 140 120
3.9919 4.1557 -0.0039 160 140 120
3.9914 4.2364 0.0009 160 140 120
3.9907 4.3044 0.0004 160 140 120
4.0655 0.0039 0.0000 160 140 120
4.0667 0.0766 -0.0027 160 140 120
4.0750 0.1532 -0.0001 160 140 120
4.0599 0.2223 0.0006 160 140 120
4.0735 0.2968 -0.0013 160 140 120
4.0628 0.3718 0.0027 160 140 120
4.0629 0.4462 0.0011 160 140 120
4.0633 0.5119 0.0057 160 140 120
4.0635 0.5855 -0.0047 160 140 120
4.0633 0.6695 0.0032 160 140 120
4.0709 0.7290 -0.0001 160 140 120
4.0677 0.8017 0.0047 160 140 120
4.0694 0.8779 -0.0009 160 140 120
4.0659 0.9422 -0.0015 160 140 120
4.0678 1.0183 0.0034 160 140 120
4.0687 1.0906 -0.0044 160 140 120
4.0670 1.1623 -0.0005 160 140 120
4.0715 1.2359 0.0002 160 140 120
4.0629 1.3118 -0.0031 160 140 120
4.0683 1.3798 0.0033 160 140 120
4.0670 1.4589 0.0002 160 140 120
4.0683 1.5295 -0.0040 160 140 120
4.0705 1.5975 0.0044 160 140 120
4.0628 1.6765 0.0076 160 140 120
4.0672 1.7460 -0.0029 160 140 120
4.0775 1.8258 0.0042 160 140 120
4.0677 1.8957 -0.0037 160 140 120
4.0710 1.9680 0.0002 160 140 120
4.0692 2.0425 -0.0034 160 140 120
4.0726 2.1165 -0.0057 160 140 120
4.0732 2.1770 -0.0007 160 140 120
4.0729 2.2638 -0.0005 160 140 120
4.0693 2.3322 0.0061 160 140 120
4.0653 2.4039 -0.0033 160 140 120
4.0711 2.4750 0.0017 160 140 120
4.0682 2.5507 -0.0051 160 140 120
4.0670 2.6218 0.0041 160 140 120
4.0673 2.6966 -0.0003 160 140 120
4.0697 2.7696 -0.0046 160 140 120
4.0700 2.8462 -0.0027 160 140 120
4.0756 2.9161 -0.0031 160 140 120
4.0746 2.9884 -0.0023 160 140 120
4.0685 3.0665 0.0014 160 140 120
4.0645 3.1321 -0.0042 160 140 120
4.0741 3.2027 -0.0016 160 140 120
4.0710 3.2669 -0.0060 160 140 120
4.0693 3.3599 -0.0037 160 140 120
4.0674 3.4240 0.0027 160 140 120
4.0724 3.5036 0.0015 160 140 120
4.0688 3.5813 0.0007 160 140 120
4.0672 3.6442 0.0008 160 140 120
4.0697 3.7256 0.0003 160 140 120
4.0598 3.7870 -0.0059 160 140 120
4.0643 3.8702 0.0024 160 140 120
4.0747 3.9365 -0.0076 160 140 120
4.0655 4.0084 0.0016 160 140 120
4.0766 4.0890 0.0039 160 140 120
4.0719 4.1522 0.0014 160 140 120
4.0680 4.2276 -0.0029 160 140 120
4.0701 4.2995 -0.0024 160 140 120
4.1434 0.0048 -0.0029 160 140 120
4.1417 0.0709 -0.0024 160 140 120
4.1466 0.1445 0.0009 160 140 120
4.1458 0.2108 -0.0006 160 140 120
4.1396 0.2911 -0.0038 160 140 120
4.1442 0.3615 0.0003 160 140 120
4.1497 0.4451 -0.0007 160 140 120
4.1523 0.5137 0.0035 160 140 120
4.1376 0.5843 -0.0026 160 140 120
4.1451 0.6524 -0.0004 160 140 120
4.1530 0.7279 0.0029 160 140 120
4.1415 0.7939 0.0022 160 140 120
4.1484 0.8770 -0.0013 160 140 120
4.1360 0.9540 0.0045 160 140 120
4.1408 1.0189 -0.0022 160 140 120
4.1442 1.0982 -0.0001 160 140 120
4.1410 1.1724 0.0052 160 140 120
4.1485 1.2427 -0.0002 160 140 120
4.1385 1.3094 0.0008 160 140 120
4.1377 1.3835 -0.0035 160 140 120
4.1328 1.4592 0.0016 160 140 120
4.1531 1.5209 -0.0011 160 140 120
4.1466 1.5999 -0.0044 160 140 120
4.1543 1.6770 0.0017 160 140 120
4.1439 1.7438 0.0002 160 140 120
4.1495 1.8231 0.0041 160 140 120
4.1466 1.9037 0.0027 160 140 120
4.1349 1.9712 -0.0029 160 140 120
4.1482 2.0427 -0.0014 160 140 120
4.1454 2.1123 -0.0035 160 140 120
4.1500 2.1816 0.0068 160 140 120
4.1419 2.2602 -0.0005 160 140 120
4.1418 2.3391 -0.0047 160 140 120
4.1513 2.3984 -0.0003 160 140 120
4.1512 2.4686 0.0015 160 140 120
4.1401 2.5492 0.0061 160 140 120
4.1447 2.6180 -0.0019 160 140 120
4.1429 2.7035 0.0067 160 140 120
4.1452 2.7770 0.0033 160 140 120
4.1492 2.8509 0.0012 160 140 120
4.1366 2.9173 0.0018 160 140 120
4.1406 2.9876 0.0011 160 140 120
4.1393 3.0527 0.0036 160 140 120
4.1481 3.1319 -0.0052 160 140 120
4.1441 3.2100 0.0007 160 140 120
4.1419 3.2801 0.0003 160 140 120
4.1470 3.3515 0.0004 160 140 120
4.1382 3.4213 0.0051 160 140 120
4.1481 3.5040 -0.0008 160 140 120
4.1474 3.5737 0.0060 160 140 120
4.1471 3.6450 -0.0058 160 140 120
4.1491 3.7155 -0.0029 160 140 120
4.1445 3.7940 0.0045 160 140 120
4.1471 3.8627 0.0049 160 140 120
4.1483 3.9388 -0.0014 160 140 120
4.1399 4.0142 0.0042 160 140 120
4.1488 4.0817 0.0007 160 140 120
4.1460 4.1546 -0.0005 160 140 120
4.1469 4.2232 -0.0095 160 140 120
4.1417 4.3039 0.0005 160 140 120
4.2140 -0.0058 -0.0003 160 140 120
4.2173 0.0676 0.0013 160 140 120
4.2180 0.1382 -0.0016 160 140 120
4.2189 0.2134 -0.0002 160 140 120
4.2168 0.2835 -0.0006 160 140 120
4.2215 0.3633 0.0024 160 140 120
4.2193 0.4295 0.0003 160 140 120
4.2232 0.5083 0.0012 160 140 120
4.2212 0.5797 -0.0018 160 140 120
4.2155 0.6500 -0.0003 160 140 120
4.2288 0.7359 -0.0059 160 140 120
4.2263 0.8100 -0.0046 160 140 120
4.2139 0.8675 -0.0057 160 140 120
4.2250 0.9495 -0.0025 160 140 120
4.2183 1.0204 0.0041 160 140 120
4.2283 1.0922 0.0027 160 140 120
4.2218 1.1661 -0.0009 160 140 120
4.2295 1.2367 -0.0004 160 140 120
4.2203 1.3049 0.0018 160 140 120
4.2185 1.3884 -0.0050 160 140 120
4.2263 1.4556 -0.0013 160 140 120
4.2214 1.5357 -0.0021 160 140 120
4.2273 1.6052 0.0001 160 140 120
4.2149 1.6660 -0.0013 160 140 120
4.2209 1.7558 0.0013 160 140 120
4.2135 1.8251 -0.0035 160 140 120
4.2103 1.8963 -0.0033 160 140 120
4.2258 1.9696 0.0024 160 140 120
4.2262 2.0430 0.0025 160 140 120
4.2135 2.1144 0.0010 160 140 120
4.2197 2.1805 0.0015 160 140 120
4.2160 2.2635 0.0020 160 140 120
4.2183 2.3317 -0.0005 160 140 120
4.2208 2.4047 0.0041 160 140 120
4.2199 2.4784 0.0013 160 140 120
4.2162 2.5436 0.0006 160 140 120
4.2237 2.6232 -0.0017 160 140 120
4.2160 2.6908 0.0009 160 140 120
4.2183 2.7635 -0.0012 160 140 120
4.2150 2.8314 0.0023 160 140 120
4.2169 2.9086 0.0014 160 140 120
4.2202 2.9836 0.0035 160 140 120
4.2166 3.0584 0.0011 160 140 120
4.2201 3.1332 0.0016 160 140 120
4.2178 3.2109 0.0035 160 140 120
4.2226 3.2780 0.0031 160 140 120
4.2197 3.3452 0.0062 160 140 120
4.2220 3.4272 -0.0008 160 140 120
4.2263 3.5045 0.0041 160 140 120
4.2221 3.5674 0.0032 160 140 120
4.2266 3.6447 -0.0005 160 140 120
4.2182 3.7253 -0.0020 160 140 120
4.2235 3.7915 0.0018 160 140 120
4.2152 3.8671 -0.0022 160 140 120
4.2190 3.9392 -0.0000 160 140 120
4.2139 4.0078 -0.0011 160 140 120
4.2194 4.0754 -0.0031 160 140 120
4.2093 4.1471 0.0026 160 140 120
4.2224 4.2327 -0.0024 160 140 120
4.2199 4.3066 0.0014 160 140 120
4.2903 -0.0007 -0.0042 160 140 120
4.3028 0.0721 -0.0014 160 140 120
4.2943 0.1474 -0.0005 160 140 120
4.2957 0.2120 -0.0010 160 140 120
4.3070 0.2860 0.0028 160 140 120
4.3021 0.3738 0.0048 160 140 120
4.2934 0.4400 0.0053 160 140 120
4.2969 0.5102 -0.0014 160 140 120
4.2978 0.5829 0.0021 160 140 120
4.2932 0.6502 0.0014 160 140 120
4.2962 0.7297 0.0036 160 140 120
4.2879 0.8028 0.0002 160 140 120
4.2994 0.8755 0.0006 160 140 120
4.3036 0.9591 0.0040 160 140 120
4.2966 1.0275 0.0005 160 140 120
4.3021 1.1003 0.0034 160 140 120
4.3007 1.1624 -0.0024 160 140 120
4.2883 1.2355 -0.0030 160 140 120
4.2948 1.3101 -0.0025 160 140 120
4.2982 1.3826 -0.0015 160 140 120
4.2928 1.4636 0.0008 160 140 120
4.2873 1.5326 -0.0029 160 140 120
4.2884 1.6009 0.0011 160 140 120
4.2930 1.6779 -0.0025 160 140 120
4.2947 1.7531 -0.0041 160 140 120
4.3003 1.8249 -0.0001 160 140 120
4.3022 1.8926 -0.0051 160 140 120
4.2963 1.9643 -0.0005 160 140 120
4.3025 2.0363 0.0004 160 140 120
4.2945 2.1168 0.0064 160 140 120
4.2984 2.1907 0.0014 160 140 120
4.2998 2.2646 -0.0031 160 140 120
4.2915 2.3346 -0.0010 160 140 120
4.3074 2.4151 -0.0047 160 140 120
4.2979 2.4843 0.0032 160 140 120
4.2915 2.5555 0.0020 160 140 120
4.2960 2.6332 0.0004 160 140 120
4.3002 2.6970 0.0006 160 140 120
4.3042 2.7707 -0.0003 160 140 120
4.3040 2.8349 0.0020 160 140 120
4.2975 2.9211 -0.0016 160 140 120
4.2967 2.9920 0.0051 160 140 120
4.2881 3.0580 -0.0031 160 140 120
4.2896 3.1344 -0.0028 160 140 120
4.2939 3.2056 0.0010 160 140 120
4.2873 3.2833 0.0058 160 140 120
4.3017 3.3481 -0.0016 160 140 120
4.2990 3.4208 0.0006 160 140 120
4.2910 3.5010 -0.0022 160 140 120
4.2958 3.5732 -0.0017 160 140 120
4.2933 3.6487 0.0013 160 140 120
4.2911 3.7080 -0.0011 160 140 120
4.2964 3.7829 -0.0065 160 140 120
4.2945 3.8614 -0.0027 160 140 120
4.3035 3.9319 0.0040 160 140 120
4.2980 4.0010 -0.0031 160 140 120
4.2926 4.0811 -0.0025 160 140 120
4.2922 4.1571 -0.0027 160 140 120
4.2927 4.2301 -0.0028 160 140 120
4.2881 4.2967 -0.0045 160 140 120
4.3769 -0.0001 -0.0010 160 140 120
4.3710 0.0608 0.0032 160 140 120
4.3605 0.1472 -0.0026 160 140 120
4.3754 0.2169 0.0016 160 140 120
4.3653 0.2875 -0.0030 160 140 120
4.3796 0.3592 -0.0010 160 140 120
4.3643 0.4387 -0.0043 160 140 120
4.3661 0.5193 -0.0053 160 140 120
4.3618 0.5798 0.0010 160 140 120
4.3680 0.6502 0.0021 160 140 120
4.3695 0.7275 -0.0007 160 140 120
4.3619 0.7989 -0.0018 160 140 120
4.3638 0.8766 0.0011 160 140 120
4.3734 0.9410 -0.0008 160 140 120
4.3871 1.0243 0.0069 160 140 120
4.3720 1.1017 0.0020 160 140 120
4.3682 1.1696 -0.0014 160 140 120
4.3712 1.2402 -0.0011 160 140 120
4.3731 1.3017 0.0005 160 140 120
4.3774 1.3930 0.0033 160 140 120
4.3751 1.4646 -0.0052 160 140 120
4.3665 1.5291 -0.0020 160 140 120
4.3741 1.6075 -0.0021 160 140 120
4.3693 1.6763 -0.0038 160 140 120
4.3769 1.7463 0.0022 160 140 120
4.3694 1.8167 -0.0015 160 140 120
4.3762 1.8983 0.0019 160 140 120
4.3770 1.9709 0.0034 160 140 120
4.3735 2.0409 -0.0010 160 140 120
4.3621 2.1061 0.0051 160 140 120
4.3659 2.1892 0.0013 160 140 120
4.3753 2.2552 0.0030 160 140 120
4.3698 2.3313 0.0006 160 140 120
4.3700 2.4096 0.0004 160 140 120
4.3681 2.4727 -0.0038 160 140 120
4.3778 2.5484 -0.0013 160 140 120
4.3739 2.6266 -0.0004 160 140 120
4.3826 2.6894 -0.0007 160 140 120
4.3676 2.7649 0.0069 160 140 120
4.3743 2.8528 0.0016 160 140 120
4.3656 2.9122 -0.0047 160 140 120
4.3748 2.9848 0.0026 160 140 120
4.3698 3.0669 -0.0035 160 140 120
4.3692 3.1433 0.0006 160 140 120
4.3707 3.1991 0.0046 160 140 120
4.3817 3.2833 0.0020 160 140 120
4.3747 3.3511 -0.0005 160 140 120
4.3723 3.4311 -0.0001 160 140 120
4.3647 3.4946 -0.0056 160 140 120
4.3620 3.5729 0.0041 160 140 120
4.3683 3.6499 -0.0002 160 140 120
4.3708 3.7173 -0.0014 160 140 120
4.3659 3.7905 -0.0037 160 140 120
4.3726 3.8561 -0.0049 160 140 120
4.3657 3.9423 -0.0068 160 140 120
4.3744 4.0089 -0.0029 160 140 120
4.3744 4.0856 0.0007 160 140 120
4.3723 4.1576 -0.0016 160 140 120
4.3726 4.2223 -0.0037 160 140 120
4.3694 4.3070 0.0024 160 140 120
4.4535 0.0130 0.0081 160 140 120
4.4455 0.0820 0.0025 160 140 120
4.4390 0.1461 -0.0027 160 140 120
4.4587 0.2230 0.0037 160 140 120
4.4401 0.2831 -0.0003 160 140 120
4.4381 0.3592 0.0034 160 140 120
4.4581 0.4410 0.0106 160 140 120
4.4378 0.5079 0.0032 160 140 120
4.4466 0.5838 -0.0042 160 140 120
4.4452 0.6478 -0.0014 160 140 120
4.4415 0.7318 -0.0067 160 140 120
4.4415 0.8040 0.0001 160 140 120
4.4484 0.8753 -0.0009 160 140 120
4.4443 0.9502 -0.0057 160 140 120
4.4402 1.0169 -0.0001 160 140 120
4.4437 1.0980 -0.0011 160 140 120
4.4339 1.1686 0.0008 160 140 120
4.4421 1.2425 0.0006 160 140 120
4.4563 1.3098 -0.0005 160 140 120
4.4423 1.3846 -0.0026 160 140 120
4.4454 1.4523 0.0030 160 140 120
4.4438 1.5357 -0.0017 160 140 120
4.4482 1.6030 0.0007 160 140 120
4.4489 1.6768 -0.0026 160 140 120
4.4393 1.7472 0.0061 160 140 120
4.4429 1.8240 0.0053 160 140 120
4.4408 1.9005 0.0010 160 140 120
4.4569 1.9589 -0.0035 160 140 120
4.4527 2.0472 0.0009 160 140 120
4.4457 2.1153 0.0011 160 140 120
4.4530 2.1864 -0.0017 160 140 120
4.4516 2.2575 -0.0001 160 140 120
4.4426 2.3344 -0.0025 160 140 120
4.4448 2.4007 -0.0027 160 140 120
4.4424 2.4800 -0.0043 160 140 120
4.4476 2.5575 -0.0033 160 140 120
4.4440 2.6238 0.0004 160 140 120
4.4440 2.6918 0.0014 160 140 120
4.4382 2.7755 -0.0001 160 140 120
4.4471 2.8435 0.0029 160 140 120
4.4555 2.9152 -0.0053 160 140 120
4.4485 2.9792 -0.0022 160 140 120
4.4488 3.0682 0.0052 160 140 120
4.4504 3.1377 0.0009 160 140 120
4.4503 3.2018 0.0045 160 140 120
4.4561 3.2820 -0.0004 160 140 120
4.4456 3.3570 -0.0019 160 140 120
4.4501 3.4290 -0.0003 160 140 120
4.4495 3.5042 -0.0020 160 140 120
4.4435 3.5815 -0.0034 160 140 120
4.4370 3.6443 0.0002 160 140 120
4.4486 3.7198 0.0008 160 140 120
4.4442 3.7863 -0.0022 160 140 120
4.4484 3.8662 0.0022 160 140 120
4.4459 3.9353 -0.0000 160 140 120
4.4390 4.0064 -0.0030 160 140 120
4.4456 4.0861 -0.0001 160 140 120
4.4390 4.1555 -0.0048 160 140 120
4.4506 4.2154 0.0002 160 140 120
4.4421 4.3061 -0.0035 160 140 120
4.5170 0.0034 -0.0056 160 140 120
4.5189 0.0748 0.0004 160 140 120
4.5223 0.1447 -0.0004 160 140 120
4.5294 0.2174 -0.0016 160 140 120
4.5119 0.2814 0.0007 160 140 120
4.5178 0.3642 0.0058 160 140 120
4.5216 0.4386 0.0001 160 140 120
4.5167 0.5111 0.0002 160 140 120
4.5218 0.5853 0.0035 160 140 120
4.5192 0.6488 -0.0036 160 140 120
4.5231 0.7283 0.0044 160 140 120
4.5221 0.7987 0.0074 160 140 120
4.5276 0.8760 -0.0004 160 140 120
4.5162 0.9578 0.0024 160 140 120
4.5254 1.0180 0.0006 160 140 120
4.5249 1.0866 0.0025 160 140 120
4.5177 1.1743 -0.0021 160 140 120
4.5180 1.2399 -0.0004 160 140 120
4.5264 1.3126 0.0065 160 140 120
4.5213 1.3923 0.0006 160 140 120
4.5230 1.4535 0.0052 160 140 120
4.5193 1.5295 -0.0008 160 140 120
4.5227 1.6073 0.0025 160 140 120
4.5270 1.6733 0.0054 160 140 120
4.5185 1.7428 0.0051 160 140 120
4.5112 1.8165 0.0015 160 140 120
4.5219 1.8939 0.0013 160 140 120
4.5148 1.9665 -0.0018 160 140 120
4.5206 2.0406 -0.0008 160 140 120
4.5148 2.1096 -0.0031 160 140 120
4.5255 2.1918 -0.0006 160 140 120
4.5232 2.2606 -0.0023 160 140 120
4.5267 2.3297 -0.0007 160 140 120
4.5224 2.3998 0.0047 160 140 120
4.5265 2.4795 0.0018 160 140 120
4.5256 2.5614 0.0047 160 140 120
4.5119 2.6138 0.0032 160 140 120
4.5150 2.6954 -0.0028 160 140 120
4.5200 2.7781 0.0007 160 140 120
4.5241 2.8374 0.0006 160 140 120
4.5219 2.9140 0.0024 160 140 120
4.5280 2.9859 -0.0050 160 140 120
4.5253 3.0591 -0.0046 160 140 120
4.5195 3.1304 0.0017 160 140 120
4.5243 3.2165 0.0026 160 140 120
4.5143 3.2707 -0.0025 160 140 120
4.5131 3.3524 0.0002 160 140 120
4.5241 3.4237 -0.0010 160 140 120
4.5213 3.4935 0.0002 160 140 120
4.5254 3.5733 -0.0011 160 140 120
4.5267 3.6549 -0.0015 160 140 120
4.5225 3.7182 0.0036 160 140 120
4.5232 3.7912 -0.0005 160 140 120
4.5118 3.8693 -0.0046 160 140 120
4.5178 3.9357 -0.0004 160 140 120
4.5293 4.0141 -0.0028 160 140 120
4.5191 4.0756 0.0008 160 140 120
4.5245 4.1508 0.0004 160 140 120
4.5236 4.2298 0.0048 160 140 120
4.5171 4.2987 -0.0005 160 140 120
4.6002 0.0045 -0.0015 160 140 120
4.5955 0.0619 0.0004 160 140 120
4.5902 0.1462 0.0006 160 140 120
4.6020 0.2193 -0.0011 160 140 120
4.6008 0.2865 -0.0015 160 140 120
4.5869 0.3638 0.0042 160 140 120
4.5923 0.4481 0.0011 160 140 120
4.6022 0.5071 0.0013 160 140 120
4.5936 0.5764 0.0051 160 140 120
4.5967 0.6563 -0.0007 160 140 120
4.5940 0.7338 -0.0014 160 140 120
4.6040 0.8006 -0.0022 160 140 120
4.5879 0.8679 -0.0038 160 140 120
4.6035 0.9350 0.0041 160 140 120
4.6014 1.0221 -0.0005 160 140 120
4.5986 1.0950 -0.0010 160 140 120
4.6030 1.1744 -0.0027 160 140 120
4.5951 1.2322 0.0044 160 140 120
4.5987 1.3089 -0.0016 160 140 120
4.5967 1.3821 0.0015 160 140 120
4.6007 1.4527 -0.0006 160 140 120
4.5937 1.5375 -0.0021 160 140 120
4.5952 1.6025 -0.0011 160 140 120
4.5957 1.6777 -0.0006 160 140 120
4.5977 1.7510 -0.0003 160 140 120
4.5835 1.8270 0.0067 160 140 120
4.6053 1.8909 -0.0040 160 140 120
4.6003 1.9676 -0.0057 160 140 120
4.5957 2.0394 -0.0008 160 140 120
4.5995 2.1170 -0.0028 160 140 120
4.5871 2.2037 0.0032 160 140 120
4.5951 2.2575 -0.0012 160 140 120
4.6035 2.3316 -0.0053 160 140 120
4.5926 2.4067 -0.0074 160 140 120
4.5981 2.4726 0.0007 160 140 120
4.5949 2.5530 -0.0002 160 140 120
4.6051 2.6250 -0.0037 160 140 120
4.5954 2.6973 -0.0003 160 140 120
4.5908 2.7619 0.0011 160 140 120
4.5985 2.8351 0.0024 160 140 120
4.5963 2.9136 0.0000 160 140 120
4.6080 2.9924 -0.0027 160 140 120
4.5972 3.0649 -0.0005 160 140 120
4.6016 3.1313 0.0024 160 140 120
4.5947 3.2088 -0.0009 160 140 120
4.5952 3.2817 -0.0051 160 140 120
4.5886 3.3538 -0.0029 160 140 120
4.5952 3.4283 -0.0051 160 140 120
4.5995 3.4958 -0.0038 160 140 120
4.5930 3.5658 -0.0015 160 140 120
4.6004 3.6460 -0.0002 160 140 120
4.5976 3.7201 -0.0020 160 140 120
4.5976 3.7960 0.0006 160 140 120
4.5891 3.8613 -0.0003 160 140 120
4.6006 3.9401 0.0002 160 140 120
4.6043 4.0128 0.0035 160 140 120
4.5914 4.0787 0.0014 160 140 120
4.5971 4.1577 -0.0039 160 140 120
4.5958 4.2368 0.0007 160 140 120
4.5977 4.3030 0.0033 160 140 120
4.6773 0.0005 -0.0003 160 140 120
4.6734 0.0761 0.0002 160 140 120
4.6699 0.1384 0.0044 160 140 120
4.6688 0.2162 -0.0015 160 140 120
4.6689 0.2920 -0.0014 160 140 120
4.6791 0.3594 -0.0036 160 140 120
4.6696 0.4354 0.0007 160 140 120
4.6739 0.5105 0.0033 160 140 120
4.6751 0.5754 0.0007 160 140 120
4.6782 0.6540 0.0012 160 140 120
4.6717 0.7262 -0.0038 160 140 120
4.6686 0.8061 -0.0026 160 140 120
4.6742 0.8873 0.0053 160 140 120
4.6734 0.9470 -0.0035 160 140 120
4.6736 1.0221 -0.0005 160 140 120
4.6753 1.0983 0.0018 160 140 120
4.6778 1.1598 0.0014 160 140 120
4.6732 1.2349 0.0008 160 140 120
4.6744 1.3150 -0.0042 160 140 120
4.6650 1.3943 0.0006 160 140 120
4.6736 1.4568 0.0027 160 140 120
4.6827 1.5264 0.0007 160 140 120
4.6715 1.6026 0.0014 160 140 120
4.6767 1.6778 0.0060 160 140 120
4.6650 1.7504 -0.0064 160 140 120
4.6721 1.8310 0.0012 160 140 120
4.6688 1.8965 -0.0006 160 140 120
4.6662 1.9711 0.0036 160 140 120
4.6691 2.0427 -0.0010 160 140 120
4.6732 2.1191 -0.0030 160 140 120
4.6734 2.1869 -0.0004 160 140 120
4.6721 2.2546 -0.0036 160 140 120
4.6757 2.3333 -0.0007 160 140 120
4.6724 2.4099 0.0018 160 140 120
4.6698 2.4708 0.0010 160 140 120
4.6742 2.5482 0.0018 160 140 120
4.6707 2.6117 -0.0055 160 140 120
4.6790 2.6934 0.0016 160 140 120
4.6748 2.7582 -0.0020 160 140 120
4.6828 2.8423 -0.0003 160 140 120
4.6770 2.9156 -0.0026 160 140 120
4.6756 2.9873 -0.0052 160 140 120
4.6730 3.0615 0.0014 160 140 120
4.6670 3.1312 -0.0029 160 140 120
4.6669 3.2042 -0.0010 160 140 120
4.6589 3.2775 -0.0013 160 140 120
4.6780 3.3485 0.0018 160 140 120
4.6708 3.4229 -0.0004 160 140 120
4.6723 3.4973 -0.0020 160 140 120
4.6785 3.5898 0.0013 160 140 120
4.6831 3.6366 -0.0059 160 140 120
4.6700 3.7174 -0.0069 160 140 120
4.6708 3.7914 0.0007 160 140 120
4.6701 3.8645 -0.0017 160 140 120
4.6710 3.9391 0.0008 160 140 120
4.6659 4.0143 -0.0028 160 140 120
4.6696 4.0788 0.0025 160 140 120
4.6709 4.1543 -0.0027 160 140 120
4.6700 4.2233 0.0013 160 140 120
4.6641 4.2912 -0.0034 160 140 120
4.7494 -0.0068 -0.0046 160 140 120
4.7427 0.0685 -0.0043 160 140 120
4.7450 0.1455 -0.0024 160 140 120
4.7492 0.2126 0.0001 160 140 120
4.7367 0.2900 -0.0051 160 140 120
4.7460 0.3618 -0.0015 160 140 120
4.7545 0.4391 -0.0038 160 140 120
4.7438 0.5133 -0.0046 160 140 120
4.7529 0.5795 -0.0011 160 140 120
4.7453 0.6450 -0.0033 160 140 120
4.7487 0.7257 -0.0007 160 140 120
4.7428 0.8050 -0.0035 160 140 120
4.7509 0.8838 -0.0026 160 140 120
4.7570 0.9480 -0.0001 160 140 120
4.7467 1.0283 -0.0051 160 140 120
4.7499 1.0957 0.0036 160 140 120
4.7564 1.1708 -0.0018 160 140 120
4.7476 1.2378 -0.0051 160 140 120
4.7510 1.3117 -0.0034 160 140 120
4.7471 1.3848 -0.0054 160 140 120
4.7461 1.4580 0.0020 160 140 120
4.7525 1.5306 -0.0033 160 140 120
4.7447 1.5960 0.0013 160 140 120
4.7413 1.6757 -0.0026 160 140 120
4.7524 1.7471 -0.0037 160 140 120
4.7523 1.8119 0.0016 160 140 120
4.7430 1.8907 -0.0021 160 140 120
4.7345 1.9566 0.0011 160 140 120
4.7394 2.0385 0.0014 160 140 120
4.7508 2.1148 0.0006 160 140 120
4.7509 2.1973 0.0006 160 140 120
4.7360 2.2559 -0.0022 160 140 120
4.7478 2.3239 0.0024 160 140 120
4.7472 2.4091 0.0006 160 140 120
4.7522 2.4758 -0.0065 160 140 120
4.7505 2.5481 -0.0015 160 140 120
4.7497 2.6204 -0.0026 160 140 120
4.7549 2.7078 0.0008 160 140 120
4.7467 2.7775 0.0006 160 140 120
4.7477 2.8376 0.0043 160 140 120
4.7443 2.9123 0.0029 160 140 120
4.7512 2.9946 -0.0006 160 140 120
4.7637 3.0610 0.0013 160 140 120
4.7345 3.1312 -0.0028 160 140 120
4.7526 3.2029 0.0025 160 140 120
4.7483 3.2815 -0.0016 160 140 120
4.7423 3.3589 -0.0028 160 140 120
4.7518 3.4313 0.0029 160 140 120
4.7423 3.4988 -0.0019 160 140 120
4.7511 3.5781 -0.0047 160 140 120
4.7478 3.6435 -0.0018 160 140 120
4.7512 3.7078 -0.0023 160 140 120
4.7439 3.7952 0.0006 160 140 120
4.7501 3.8578 0.0056 160 140 120
4.7461 3.9384 0.0008 160 140 120
4.7446 4.0154 0.0012 160 140 120
4.7489 4.0674 -0.0032 160 140 120
4.7526 4.1566 -0.0003 160 140 120
4.7517 4.2224 0.0015 160 140 120
4.7430 4.3079 -0.0013 160 140 120
4.8256 -0.0031 -0.0036 160 140 120
4.8200 0.0849 -0.0038 160 140 120
4.8245 0.1438 -0.0014 160 140 120
4.8231 0.2114 -0.0041 160 140 120
4.8248 0.2916 -0.0030 160 140 120
4.8147 0.3585 0.0045 160 140 120
4.8150 0.4363 -0.0011 160 140 120
4.8200 0.4954 -0.0027 160 140 120
4.8156 0.5852 -0.0060 160 140 120
4.8245 0.6543 0.0053 160 140 120
4.8268 0.7248 0.0022 160 140 120
4.8296 0.8046 -0.0027 160 140 120
4.8152 0.8736 0.0003 160 140 120
4.8216 0.9517 -0.0019 160 140 120
4.8238 1.0205 -0.0001 160 140 120
4.8355 1.0860 -0.0029 160 140 120
4.8302 1.1701 0.0094 160 140 120
4.8253 1.2303 -0.0025 160 140 120
4.8214 1.3081 0.0018 160 140 120
4.8240 1.3795 -0.0037 160 140 120
4.8251 1.4626 -0.0012 160 140 120
4.8182 1.5242 0.0022 160 140 120
4.8437 1.6030 0.0007 160 140 120
4.8278 1.6796 -0.0006 160 140 120
4.8228 1.7481 -0.0033 160 140 120
4.8097 1.8204 0.0008 160 140 120
4.8188 1.8984 -0.0075 160 140 120
4.8272 1.9671 -0.0014 160 140 120
4.8253 2.0266 -0.0016 160 140 120
4.8236 2.1156 0.0031 160 140 120
4.8225 2.1833 -0.0032 160 140 120
4.8232 2.2663 -0.0012 160 140 120
4.8253 2.3371 0.0043 160 140 120
4.8241 2.4036 0.0000 160 140 120
4.8231 2.4803 -0.0010 160 140 120
4.8171 2.5603 -0.0018 160 140 120
4.8179 2.6112 -0.0017 160 140 120
4.8272 2.6876 -0.0002 160 140 120
4.8112 2.7719 -0.0027 160 140 120
4.8276 2.8381 -0.0028 160 140 120
4.8336 2.9106 -0.0004 160 140 120
4.8253 2.9887 0.0031 160 140 120
4.8215 3.0588 0.0010 160 140 120
4.8235 3.1248 0.0029 160 140 120
4.8223 3.2036 -0.0035 160 140 120
4.8178 3.2839 0.0015 160 140 120
4.8238 3.3478 0.0014 160 140 120
4.8237 3.4247 -0.0040 160 140 120
4.8160 3.4908 -0.0015 160 140 120
4.8124 3.5729 -0.0017 160 140 120
4.8301 3.6446 -0.0005 160 140 120
4.8350 3.7171 0.0036 160 140 120
4.8294 3.7822 0.0032 160 140 120
4.8269 3.8603 0.0005 160 140 120
4.8233 3.9404 -0.0031 160 140 120
4.8352 4.0132 -0.0031 160 140 120
4.8180 4.0892 -0.0054 160 140 120
4.8213 4.1544 -0.0008 160 140 120
4.8218 4.2215 0.0006 160 140 120
4.8239 4.2972 0.0000 160 140 120
4.9002 -0.0109 -0.0090 160 140 120
4.9020 0.0776 0.0054 160 140 120
4.8960 0.1394 -0.0009 160 140 120
4.8887 0.2226 -0.0088 160 140 120
4.9013 0.2919 0.0024 160 140 120
4.8972 0.3632 -0.0006 160 140 120
4.9009 0.4348 0.0056 160 140 120
4.8964 0.5106 0.0036 160 140 120
4.8834 0.5787 -0.0022 160 140 120
4.8885 0.6504 0.0017 160 140 120
4.9011 0.7318 0.0002 160 140 120
4.8930 0.7977 -0.0012 160 140 120
4.8958 0.8678 0.0011 160 140 120
4.8934 0.9437 0.0018 160 140 120
4.9029 1.0137 0.0001 160 140 120
4.9012 1.0907 0.0012 160 140 120
4.8991 1.1714 0.0043 160 140 120
4.9057 1.2402 0.0003 160 140 120
4.9046 1.3066 0.0023 160 140 120
4.8975 1.3801 0.0018 160 140 120
4.8987 1.4493 0.0039 160 140 120
4.8928 1.5278 0.0032 160 140 120
4.8952 1.6025 0.0008 160 140 120
4.8929 1.6826 -0.0024 160 140 120
4.8925 1.7475 0.0005 160 140 120
4.9015 1.8222 -0.0016 160 140 120
4.9062 1.8906 -0.0003 160 140 120
4.8999 1.9749 -0.0014 160 140 120
4.9031 2.0430 0.0041 160 140 120
4.8964 2.1071 -0.0019 160 140 120
4.8960 2.1873 -0.0013 160 140 120
4.9005 2.2576 0.0019 160 140 120
4.9058 2.3338 -0.0048 160 140 120
4.9052 2.4033 0.0020 160 140 120
4.9044 2.4838 -0.0034 160 140 120
4.8952 2.5529 -0.0051 160 140 120
4.8905 2.6222 -0.0070 160 140 120
4.8952 2.6983 0.0010 160 140 120
4.8941 2.7771 0.0015 160 140 120
4.9079 2.8422 0.0076 160 140 120
4.8956 2.9141 0.0008 160 140 120
4.9010 2.9854 -0.0018 160 140 120
4.9043 3.0580 -0.0002 160 140 120
4.9016 3.1334 0.0004 160 140 120
4.9018 3.2149 0.0007 160 140 120
4.8909 3.2743 0.0048 160 140 120
4.9069 3.3546 -0.0003 160 140 120
4.8961 3.4338 -0.0008 160 140 120
4.8991 3.4959 -0.0023 160 140 120
4.8923 3.5755 -0.0042 160 140 120
4.9017 3.6355 0.0026 160 140 120
4.8963 3.7285 -0.0062 160 140 120
4.9101 3.7901 -0.0002 160 140 120
4.8949 3.8661 -0.0016 160 140 120
4.8898 3.9276 -0.0022 160 140 120
4.9051 4.0030 -0.0011 160 140 120
4.9024 4.0796 -0.0020 160 140 120
4.9062 4.1476 -0.0039 160 140 120
4.8967 4.2252 -0.0035 160 140 120
4.9053 4.3039 0.0012 160 140 120
4.9775 0.0016 -0.0033 160 140 120
4.9836 0.0766 0.0062 160 140 120
4.9747 0.1485 0.0043 160 140 120
4.9720 0.2189 0.0038 160 140 120
4.9784 0.2902 0.0019 160 140 120
4.9774 0.3636 -0.0041 160 140 120
4.9741 0.4352 0.0034 160 140 120
4.9710 0.5044 -0.0009 160 140 120
4.9767 0.5762 -0.0076 160 140 120
4.9752 0.6562 0.0019 160 140 120
4.9691 0.7168 0.0002 160 140 120
4.9737 0.8050 0.0030 160 140 120
4.9770 0.8700 0.0008 160 140 120
4.9737 0.9463 -0.0018 160 140 120
4.9745 1.0187 -0.0010 160 140 120
4.9803 1.0882 0.0008 160 140 120
4.9789 1.1668 -0.0014 160 140 120
4.9683 1.2353 0.0016 160 140 120
4.9742 1.3083 0.0047 160 140 120
4.9764 1.3822 0.0020 160 140 120
4.9779 1.4558 -0.0006 160 140 120
4.9697 1.5245 0.0019 160 140 120
4.9769 1.5963 0.0029 160 140 120
4.9749 1.6835 0.0006 160 140 120
4.9790 1.7524 -0.0007 160 140 120
4.9730 1.8267 0.0012 160 140 120
4.9706 1.8952 -0.0037 160 140 120
4.9826 1.9747 0.0007 160 140 120
4.9784 2.0365 -0.0027 160 140 120
4.9736 2.1151 -0.0005 160 140 120
4.9710 2.1836 -0.0006 160 140 120
4.9670 2.2614 0.0022 160 140 120
4.9724 2.3264 0.0005 160 140 120
4.9705 2.4064 -0.0010 160 140 120
4.9751 2.4718 0.0009 160 140 120
4.9724 2.5371 0.0019 160 140 120
4.9707 2.6247 -0.0027 160 140 120
4.9612 2.6963 0.0002 160 140 120
4.9773 2.7704 0.0044 160 140 120
4.9695 2.8451 -0.0005 160 140 120
4.9721 2.9138 0.0037 160 140 120
4.9764 2.9943 -0.0013 160 140 120
4.9843 3.0715 0.0011 160 140 120
4.9678 3.1360 -0.0020 160 140 120
4.9694 3.2083 0.0002 160 140 120
4.9702 3.2810 -0.0031 160 140 120
4.9744 3.3552 -0.0016 160 140 120
4.9729 3.4268 0.0032 160 140 120
4.9735 3.5044 0.0052 160 140 120
4.9695 3.5721 -0.0003 160 140 120
4.9765 3.6405 0.0056 160 140 120
4.9678 3.7156 0.0015 160 140 120
4.9717 3.7897 -0.0004 160 140 120
4.9740 3.8582 -0.0023 160 140 120
4.9774 3.9414 0.0065 160 140 120
4.9761 4.0043 -0.0016 160 140 120
4.9753 4.0709 -0.0014 160 140 120
4.9700 4.1544 -0.0002 160 140 120
4.9751 4.2365 0.0010 160 140 120
4.9755 4.2973 -0.0011 160 140 120
5.0527 -0.0028 0.0012 160 140 120
5.0479 0.0732 0.0025 160 140 120
5.0435 0.1509 -0.0011 160 140 120
5.0426 0.2247 -0.0000 160 140 120
5.0499 0.2903 0.0030 160 140 120
5.0408 0.3534 -0.0006 160 140 120
5.0504 0.4422 -0.0045 160 140 120
5.0510 0.5066 0.0023 160 140 120
5.0562 0.5854 0.0030 160 140 120
5.0452 0.6552 0.0006 160 140 120
5.0457 0.7306 0.0009 160 140 120
5.0536 0.7932 0.0012 160 140 120
5.0456 0.8730 0.0014 160 140 120
5.0482 0.9500 -0.0015 160 140 120
5.0470 1.0175 -0.0022 160 140 120
5.0517 1.0911 -0.0077 160 140 120
5.0413 1.1678 -0.0002 160 140 120
5.0556 1.2435 0.0002 160 140 120
5.0488 1.3077 -0.0034 160 140 120
5.0473 1.3827 0.0007 160 140 120
5.0572 1.4513 0.0008 160 140 120
5.0550 1.5263 0.0009 160 140 120
5.0585 1.6050 0.0004 160 140 120
5.0526 1.6764 0.0052 160 140 120
5.0450 1.7454 -0.0023 160 140 120
5.0470 1.8197 0.0024 160 140 120
5.0526 1.8974 -0.0017 160 140 120
5.0433 1.9691 0.0015 160 140 120
5.0616 2.0453 -0.0031 160 140 120
5.0440 2.1068 -0.0072 160 140 120
5.0483 2.1821 -0.0040 160 140 120
5.0522 2.2578 -0.0017 160 140 120
5.0498 2.3284 0.0005 160 140 120
5.0426 2.4093 -0.0033 160 140 120
5.0495 2.4797 -0.0035 160 140 120
5.0470 2.5414 0.0018 160 140 120
5.0471 2.6192 -0.0051 160 140 120
5.0465 2.6993 0.0020 160 140 120
5.0515 2.7702 0.0047 160 140 120
5.0493 2.8322 0.0003 160 140 120
5.0546 2.9143 -0.0019 160 140 120
5.0535 2.9935 0.0004 160 140 120
5.0510 3.0612 0.0040 160 140 120
5.0473 3.1421 0.0000 160 140 120
5.0543 3.2104 0.0012 160 140 120
5.0530 3.2736 0.0024 160 140 120
5.0517 3.3569 0.0017 160 140 120
5.0472 3.4175 -0.0041 160 140 120
5.0495 3.4915 -0.0070 160 140 120
5.0565 3.5760 0.0024 160 140 120
5.0566 3.6429 0.0006 160 140 120
5.0464 3.7131 -0.0077 160 140 120
5.0431 3.7780 -0.0059 160 140 120
5.0469 3.8654 0.0008 160 140 120
5.0409 3.9233 -0.0000 160 140 120
5.0479 4.0107 -0.0038 160 140 120
5.0566 4.0894 -0.0008 160 140 120
5.0479 4.1627 0.0031 160 140 120
5.0440 4.2241 -0.0043 160 140 120
5.0567 4.3024 -0.0022 160 140 120
5.1180 -0.0008 -0.0051 160 140 120
5.1297 0.0725 -0.0002 160 140 120
5.1413 0.1415 -0.0008 160 140 120
5.1313 0.2200 -0.0027 160 140 120
5.1213 0.2897 0.0023 160 140 120
5.1242 0.3658 -0.0018 160 140 120
5.1245 0.4386 -0.0003 160 140 120
5.1278 0.5055 0.0087 160 140 120
5.1269 0.5808 -0.0013 160 140 120
5.1291 0.6643 0.0010 160 140 120
5.1274 0.7338 0.0003 160 140 120
5.1252 0.8029 -0.0038 160 140 120
5.1247 0.8729 -0.0006 160 140 120
5.1208 0.9391 0.0014 160 140 120
5.1221 1.0144 0.0036 160 140 120
5.1173 1.0920 0.0006 160 140 120
5.1215 1.1665 0.0040 160 140 120
5.1337 1.2412 0.0057 160 140 120
5.1260 1.3142 -0.0042 160 140 120
5.1226 1.3833 -0.0003 160 140 120
5.1258 1.4593 0.0059 160 140 120
5.1264 1.5356 0.0013 160 140 120
5.1263 1.5990 0.0019 160 140 120
5.1243 1.6758 -0.0011 160 140 120
5.1317 1.7496 0.0033 160 140 120
5.1336 1.8209 0.0011 160 140 120
5.1290 1.8941 -0.0022 160 140 120
5.1265 1.9773 -0.0029 160 140 120
5.1221 2.0414 -0.0015 160 140 120
5.1315 2.1035 -0.0013 160 140 120
5.1184 2.1830 0.0027 160 140 120
5.1147 2.2606 0.0035 160 140 120
5.1223 2.3279 -0.0025 160 140 120
5.1234 2.4094 0.0010 160 140 120
5.1283 2.4781 -0.0009 160 140 120
5.1290 2.5461 0.0015 160 140 120
5.1179 2.6271 0.0068 160 140 120
5.1165 2.6922 -0.0011 160 140 120
5.1228 2.7657 0.0123 160 140 120
5.1110 2.8350 -0.0019 160 140 120
5.1236 2.9166 -0.0020 160 140 120
5.1298 2.9822 -0.0004 160 140 120
5.1317 3.0686 0.0025 160 140 120
5.1259 3.1286 -0.0042 160 140 120
5.1280 3.2098 0.0038 160 140 120
5.1164 3.2828 0.0031 160 140 120
5.1242 3.3560 -0.0003 160 140 120
5.1293 3.4282 -0.0033 160 140 120
5.1189 3.4962 -0.0029 160 140 120
5.1263 3.5813 0.0030 160 140 120
5.1197 3.6408 0.0001 160 140 120
5.1244 3.7206 0.0013 160 140 120
5.1259 3.7891 0.0003 160 140 120
5.1285 3.8627 0.0042 160 140 120
5.1213 3.9325 0.0021 160 140 120
5.1298 4.0113 0.0008 160 140 120
5.1186 4.0783 -0.0009 160 140 120
5.1245 4.1432 0.0033 160 140 120
5.1242 4.2305 -0.0011 160 140 120
5.1250 4.3020 0.0014 160 140 120
5.2047 0.0067 0.0013 160 140 120
5.2042 0.0742 0.0010 160 140 120
5.2054 0.1402 -0.0041 160 140 120
5.2029 0.2312 -0.0018 160 140 120
5.2059 0.2874 -0.0022 160 140 120
5.2065 0.3664 -0.0008 160 140 120
5.2102 0.4322 -0.0014 160 140 120
5.2038 0.5156 -0.0059 160 140 120
5.1876 0.5880 0.0010 160 140 120
5.2031 0.6550 -0.0017 160 140 120
5.2026 0.7233 -0.0010 160 140 120
5.1936 0.7969 -0.0063 160 140 120
5.2000 0.8839 -0.0065 160 140 120
5.1994 0.9511 -0.0019 160 140 120
5.1920 1.0124 -0.0016 160 140 120
5.1992 1.0913 0.0008 160 140 120
5.1983 1.1692 -0.0036 160 140 120
5.2032 1.2391 0.0025 160 140 120
5.2017 1.3091 0.0002 160 140 120
5.1927 1.3835 -0.0017 160 140 120
5.1983 1.4659 -0.0001 160 140 120
5.2056 1.5335 -0.0060 160 140 120
5.1982 1.6016 -0.0002 160 140 120
5.2049 1.6727 0.0019 160 140 120
5.2053 1.7535 0.0050 160 140 120
5.1986 1.8218 -0.0035 160 140 120
5.1956 1.8911 -0.0035 160 140 120
5.2036 1.9747 0.0010 160 140 120
5.1955 2.0402 -0.0009 160 140 120
5.1959 2.1149 0.0005 160 140 120
5.2035 2.1879 -0.0029 160 140 120
5.1914 2.2588 -0.0006 160 140 120
5.1944 2.3256 0.0009 160 140 120
5.1972 2.4010 0.0030 160 140 120
5.2041 2.4740 -0.0002 160 140 120
5.1884 2.5514 -0.0018 160 140 120
5.2002 2.6140 -0.0028 160 140 120
5.1975 2.7053 0.0024 160 140 120
5.1936 2.7695 0.0027 160 140 120
5.2003 2.8418 -0.0028 160 140 120
5.2039 2.9087 -0.0050 160 140 120
5.2050 2.9858 0.0002 160 140 120
5.2032 3.0573 -0.0015 160 140 120
5.2007 3.1365 -0.0010 160 140 120
5.2024 3.1995 -0.0039 160 140 120
5.2023 3.2813 0.0025 160 140 120
5.2072 3.3514 0.0009 160 140 120
5.1916 3.4234 -0.0067 160 140 120
5.2031 3.4976 0.0021 160 140 120
5.2009 3.5680 0.0002 160 140 120
5.1958 3.6442 -0.0007 160 140 120
5.2055 3.7198 -0.0041 160 140 120
5.1934 3.7866 -0.0020 160 140 120
5.2056 3.8571 -0.0017 160 140 120
5.2022 3.9351 -0.0026 160 140 120
5.1931 3.9981 -0.0006 160 140 120
5.2036 4.0830 -0.0028 160 140 120
5.1987 4.1500 0.0024 160 140 120
5.2071 4.2300 0.0021 160 140 120
5.1996 4.3132 -0.0035 160 140 120
0.0038 0.0035 2.6983 240 240 245
-0.0065 0.0734 2.6972 240 240 245
-0.0059 0.1406 2.6948 240 240 245
0.0026 0.2181 2.7039 240 240 245
0.0025 0.2909 2.6978 240 240 245
0.0046 0.3548 2.7044 240 240 245
-0.0018 0.4377 2.7037 240 240 245
0.0025 0.5128 2.7002 240 240 245
-0.0041 0.5824 2.7001 240 240 245
0.0029 0.6548 2.7009 240 240 245
-0.0062 0.7275 2.7004 240 240 245
-0.0029 0.7996 2.6955 240 240 245
-0.0067 0.8725 2.6970 240 240 245
0.0027 0.9519 2.7008 240 240 245
0.0016 1.0236 2.6925 240 240 245
-0.0004 1.0914 2.6980 240 240 245
0.0043 1.1659 2.7026 240 240 245
-0.0013 1.2448 2.6994 240 240 245
-0.0062 1.3069 2.7006 240 240 245
0.0011 1.3825 2.7049 240 240 245
-0.0015 1.4543 2.6978 240 240 245
-0.0014 1.5324 2.6987 240 240 245
0.0056 1.6035 2.6974 240 240 245
-0.0076 1.6809 2.6995 240 240 245
0.0055 1.7441 2.7032 240 240 245
0.0004 1.8161 2.6984 240 240 245
0.0005 1.8831 2.6997 240 240 245
0.0054 1.9721 2.7012 240 240 245
0.0077 2.0447 2.7008 240 240 245
-0.0002 2.1142 2.6955 240 240 245
0.0063 2.1875 2.7021 240 240 245
0.0037 2.2628 2.6960 240 240 245
0.0035 2.3369 2.7057 240 240 245
-0.0049 2.4035 2.7003 240 240 245
0.0101 2.4688 2.6983 240 240 245
-0.0117 2.5494 2.6998 240 240 245
-0.0018 2.6238 2.6996 240 240 245
0.0035 2.6995 2.7030 240 240 245
-0.0028 2.7630 2.6974 240 240 245
-0.0088 2.8457 2.7024 240 240 245
0.0022 2.9141 2.7016 240 240 245
-0.0012 2.9857 2.6967 240 240 245
-0.0063 3.0640 2.7018 240 240 245
0.0082 3.1393 2.7001 240 240 245
-0.0034 3.2038 2.6972 240 240 245
-0.0002 3.2808 2.7011 240 240 245
0.0115 3.3537 2.6940 240 240 245
-0.0081 3.4182 2.7058 240 240 245
-0.0083 3.5061 2.6952 240 240 245
0.0012 3.5800 2.6971 240 240 245
0.0030 3.6265 2.7006 240 240 245
-0.0000 3.7187 2.6997 240 240 245
-0.0027 3.7893 2.7036 240 240 245
-0.0009 3.8597 2.7063 240 240 245
0.0017 3.9314 2.7019 240 240 245
-0.0039 4.0086 2.7025 240 240 245
-0.0110 4.0861 2.7008 240 240 245
0.0051 4.1555 2.6998 240 240 245
-0.0021 4.2201 2.7023 240 240 245
0.0017 4.2882 2.7013 240 240 245
0.0745 0.0066 2.7021 240 240 245
0.0834 0.0726 2.6982 240 240 245
0.0771 0.1465 2.6958 240 240 245
0.0756 0.2238 2.6992 240 240 245
0.0681 0.2915 2.7034 240 240 245
0.0694 0.3731 2.7028 240 240 245
0.0776 0.4501 2.7038 240 240 245
0.0735 0.5112 2.7060 240 240 245
0.0691 0.5860 2.7033 240 240 245
0.0683 0.6528 2.7038 240 240 245
0.0817 0.7256 2.6977 240 240 245
0.0790 0.8022 2.7030 240 240 245
0.0810 0.8690 2.6946 240 240 245
0.0753 0.9493 2.6969 240 240 245
0.0787 1.0124 2.6979 240 240 245
0.0882 1.0956 2.6954 240 240 245
0.0726 1.1673 2.7011 240 240 245
0.0744 1.2394 2.7050 240 240 245
0.0789 1.3095 2.7007 240 240 245
0.0721 1.3836 2.6997 240 240 245
0.0705 1.4526 2.7021 240 240 245
0.0826 1.5240 2.7005 240 240 245
0.0745 1.6144 2.6996 240 240 245
0.0842 1.6764 2.7023 240 240 245
0.0812 1.7429 2.7029 240 240 245
0.0769 1.8209 2.7031 240 240 245
0.0690 1.8908 2.6987 240 240 245
0.0827 1.9728 2.7034 240 240 245
0.0682 2.0435 2.6955 240 240 245
0.0798 2.1239 2.7000 240 240 245
0.0745 2.1940 2.6993 240 240 245
0.0754 2.2612 2.6981 240 240 245
0.0699 2.3289 2.6960 240 240 245
0.0749 2.4130 2.6961 240 240 245
0.0804 2.4765 2.6956 240 240 245
0.0718 2.5548 2.6980 240 240 245
0.0762 2.6262 2.6996 240 240 245
0.0684 2.6976 2.6996 240 240 245
0.0785 2.7672 2.7009 240 240 245
0.0813 2.8398 2.7047 240 240 245
0.0850 2.9157 2.7029 240 240 245
0.0769 2.9966 2.6967 240 240 245
0.0684 3.0687 2.7022 240 240 245
0.0677 3.1329 2.7054 240 240 245
0.0757 3.2118 2.7072 240 240 245
0.0863 3.2824 2.6955 240 240 245
0.0677 3.3507 2.7019 240 240 245
0.0736 3.4229 2.6993 240 240 245
0.0780 3.4936 2.7016 240 240 245
0.0780 3.5660 2.7017 240 240 245
0.0679 3.6489 2.7013 240 240 245
0.0726 3.7173 2.6986 240 240 245
0.0762 3.7916 2.6939 240 240 245
0.0793 3.8603 2.7044 240 240 245
0.0689 3.9412 2.7026 240 240 245
0.0759 4.0048 2.7006 240 240 245
0.0746 4.0723 2.6944 240 240 245
0.0731 4.1513 2.6967 240 240 245
0.0766 4.2287 2.7001 240 240 245
0.0825 4.2948 2.6991 240 240 245
0.1508 0.0053 2.6967 240 240 245
0.1495 0.0789 2.6966 240 240 245
0.1433 0.1407 2.7023 240 240 245
0.1426 0.2209 2.7018 240 240 245
0.1540 0.2780 2.6946 240 240 245
0.1452 0.3673 2.6995 240 240 245
0.1559 0.4330 2.6921 240 240 245
0.1516 0.5090 2.6976 240 240 245
0.1446 0.5894 2.6936 240 240 245
0.1645 0.6590 2.7022 240 240 245
0.1479 0.7266 2.6998 240 240 245
0.1457 0.8131 2.7026 240 240 245
0.1503 0.8709 2.7008 240 240 245
0.1501 0.9482 2.6998 240 240 245
0.1575 1.0180 2.7041 240 240 245
0.1568 1.0961 2.6993 240 240 245
0.1477 1.1617 2.6994 240 240 245
0.1462 1.2391 2.7022 240 240 245
0.1601 1.3108 2.6990 240 240 245
0.1507 1.3874 2.6968 240 240 245
0.1524 1.4611 2.7013 240 240 245
0.1539 1.5259 2.6984 240 240 245
0.1590 1.6082 2.6994 240 240 245
0.1533 1.6708 2.6936 240 240 245
0.1513 1.7485 2.6968 240 240 245
0.1460 1.8215 2.7009 240 240 245
0.1561 1.9006 2.7013 240 240 245
0.1528 1.9724 2.6979 240 240 245
0.1463 2.0345 2.6989 240 240 245
0.1495 2.1151 2.6970 240 240 245
0.1603 2.1876 2.6999 240 240 245
0.1410 2.2487 2.6996 240 240 245
0.1476 2.3306 2.7026 240 240 245
0.1488 2.4014 2.6991 240 240 245
0.1549 2.4815 2.7012 240 240 245
0.1472 2.5533 2.7024 240 240 245
0.1496 2.6206 2.7024 240 240 245
0.1583 2.6886 2.7024 240 240 245
0.1431 2.7697 2.6960 240 240 245
0.1429 2.8367 2.7011 240 240 245
0.1524 2.9122 2.6932 240 240 245
0.1503 2.9846 2.6984 240 240 245
0.1455 3.0548 2.7007 240 240 245
0.1513 3.1376 2.6982 240 240 245
0.1511 3.2065 2.7030 240 240 245
0.1519 3.2848 2.7028 240 240 245
0.1508 3.3445 2.7022 240 240 245
0.1573 3.4204 2.6995 240 240 245
0.1524 3.5018 2.6960 240 240 245
0.1446 3.5666 2.6976 240 240 245
0.1556 3.6459 2.6983 240 240 245
0.1593 3.7101 2.7032 240 240 245
0.1451 3.7869 2.7015 240 240 245
0.1477 3.8568 2.6968 240 240 245
0.1495 3.9408 2.6994 240 240 245
0.1539 4.0155 2.6948 240 240 245
0.1526 4.0790 2.6987 240 240 245
0.1533 4.1618 2.6979 240 240 245
0.1456 4.2293 2.6992 240 240 245
0.1482 4.3007 2.7022 240 240 245
0.2159 -0.0004 2.6988 240 240 245
0.2196 0.0723 2.6985 240 240 245
0.2214 0.1464 2.6915 240 240 245
0.2309 0.2185 2.6988 240 240 245
0.2149 0.2934 2.7020 240 240 245
0.2163 0.3640 2.6971 240 240 245
0.2272 0.4295 2.7053 240 240 245
0.2263 0.5027 2.6948 240 240 245
0.2210 0.5817 2.7008 240 240 245
0.2254 0.6500 2.6942 240 240 245
0.2254 0.7262 2.6994 240 240 245
0.2235 0.8006 2.6956 240 240 245
0.2224 0.8798 2.6962 240 240 245
0.2294 0.9420 2.7003 240 240 245
0.2213 1.0215 2.7029 240 240 245
0.2230 1.0891 2.7015 240 240 245
0.2315 1.1625 2.7039 240 240 245
0.2299 1.2347 2.6974 240 240 245
0.2214 1.3217 2.6967 240 240 245
0.2225 1.3834 2.6996 240 240 245
0.2284 1.4614 2.7021 240 240 245
0.2311 1.5207 2.6951 240 240 245
0.2190 1.6008 2.7048 240 240 245
0.2253 1.6743 2.7016 240 240 245
0.2288 1.7440 2.6985 240 240 245
0.2241 1.8201 2.6992 240 240 245
0.2235 1.8940 2.7035 240 240 245
0.2346 1.9726 2.7006 240 240 245
0.2357 2.0385 2.6993 240 240 245
0.2301 2.1156 2.6935 240 240 245
0.2206 2.1913 2.7021 240 240 245
0.2252 2.2625 2.6987 240 240 245
0.2229 2.3395 2.6994 240 240 245
0.2183 2.3974 2.7001 240 240 245
0.2232 2.4816 2.7016 240 240 245
0.2252 2.5522 2.7054 240 240 245
0.2326 2.6232 2.7024 240 240 245
0.2260 2.6951 2.7061 240 240 245
0.2328 2.7721 2.7000 240 240 245
0.2176 2.8385 2.6990 240 240 245
0.2318 2.9161 2.6958 240 240 245
0.2242 2.9908 2.6977 240 240 245
0.2182 3.0598 2.6951 240 240 245
0.2254 3.1339 2.7011 240 240 245
0.2261 3.2064 2.6930 240 240 245
0.2278 3.2778 2.6977 240 240 245
0.2252 3.3472 2.7011 240 240 245
0.2307 3.4246 2.7085 240 240 245
0.2259 3.4944 2.6979 240 240 245
0.2229 3.5648 2.6982 240 240 245
0.2236 3.6524 2.7065 240 240 245
0.2257 3.7196 2.7001 240 240 245
0.2239 3.7864 2.6983 240 240 245
0.2203 3.8596 2.6983 240 240 245
0.2271 3.9329 2.7078 240 240 245
0.2322 4.0047 2.6976 240 240 245
0.2287 4.0786 2.6980 240 240 245
0.2316 4.1540 2.7008 240 240 245
0.2206 4.2304 2.6996 240 240 245
0.2192 4.2943 2.7036 240 240 245
0.3021 -0.0041 2.6982 240 240 245
0.3068 0.0653 2.7001 240 240 245
0.3051 0.1417 2.7032 240 240 245
0.3016 0.2127 2.7002 240 240 245
0.3018 0.2959 2.7041 240 240 245
0.3025 0.3641 2.7037 240 240 245
0.2980 0.4395 2.6979 240 240 245
0.2900 0.5075 2.6993 240 240 245
0.3092 0.5894 2.6965 240 240 245
0.3006 0.6496 2.6926 240 240 245
0.3015 0.7214 2.6991 240 240 245
0.3031 0.8028 2.7022 240 240 245
0.3024 0.8696 2.7017 240 240 245
0.3082 0.9392 2.6946 240 240 245
0.3082 1.0165 2.6998 240 240 245
0.3031 1.0958 2.7023 240 240 245
0.3054 1.1632 2.7042 240 240 245
0.3029 1.2343 2.7004 240 240 245
0.2994 1.3164 2.6950 240 240 245
0.3038 1.3808 2.6932 240 240 245
0.2995 1.4605 2.7027 240 240 245
0.3038 1.5307 2.7037 240 240 245
0.2907 1.6081 2.7030 240 240 245
0.3108 1.6799 2.7049 240 240 245
0.3115 1.7422 2.7081 240 240 245
0.2946 1.8170 2.7021 240 240 245
0.3089 1.9058 2.7040 240 240 245
0.3078 1.9631 2.7018 240 240 245
0.2987 2.0426 2.6950 240 240 245
0.3032 2.1161 2.7056 240 240 245
0.2932 2.1844 2.6985 240 240 245
0.3082 2.2648 2.7026 240 240 245
0.3109 2.3305 2.6963 240 240 245
0.3103 2.4049 2.7067 240 240 245
0.3080 2.4755 2.7014 240 240 245
0.3026 2.5466 2.6960 240 240 245
0.2952 2.6151 2.6970 240 240 245
0.3037 2.6981 2.6990 240 240 245
0.3036 2.7739 2.6984 240 240 245
0.3063 2.8431 2.7010 240 240 245
0.3012 2.9237 2.6985 240 240 245
0.3008 2.9859 2.7004 240 240 245
0.2881 3.0581 2.6989 240 240 245
0.3075 3.1307 2.6996 240 240 245
0.2971 3.2085 2.7036 240 240 245
0.3015 3.2785 2.6977 240 240 245
0.3013 3.3599 2.7013 240 240 245
0.2987 3.4239 2.7004 240 240 245
0.2907 3.4907 2.7020 240 240 245
0.3074 3.5738 2.7050 240 240 245
0.2893 3.6487 2.7000 240 240 245
0.3051 3.7214 2.7012 240 240 245
0.2934 3.7902 2.6947 240 240 245
0.3006 3.8678 2.6984 240 240 245
0.2963 3.9372 2.7021 240 240 245
0.3025 4.0176 2.7008 240 240 245
0.3003 4.0823 2.7010 240 240 245
0.2989 4.1580 2.7040 240 240 245
0.3026 4.2220 2.6992 240 240 245
0.3023 4.2985 2.7027 240 240 245
0.3797 -0.0124 2.6992 240 240 245
0.3750 0.0748 2.6976 240 240 245
0.3798 0.1416 2.6959 240 240 245
0.3818 0.2255 2.7005 240 240 245
0.3754 0.2989 2.7065 240 240 245
0.3758 0.3721 2.7027 240 240 245
0.3732 0.4448 2.7020 240 240 245
0.3776 0.5173 2.6959 240 240 245
0.3792 0.5818 2.7006 240 240 245
0.3748 0.6600 2.7020 240 240 245
0.3716 0.7242 2.6988 240 240 245
0.3689 0.7977 2.7003 240 240 245
0.3734 0.8852 2.6987 240 240 245
0.3729 0.9436 2.6961 240 240 245
0.3850 1.0222 2.6974 240 240 245
0.3766 1.0914 2.7053 240 240 245
0.3810 1.1643 2.7020 240 240 245
0.3777 1.2416 2.6981 240 240 245
0.3808 1.3065 2.6993 240 240 245
0.3793 1.3780 2.6949 240 240 245
0.3753 1.4556 2.6986 240 240 245
0.3723 1.5286 2.6997 240 240 245
0.3831 1.6094 2.6988 240 240 245
0.3884 1.6738 2.6964 240 240 245
0.3711 1.7555 2.7001 240 240 245
0.3760 1.8256 2.7041 240 240 245
0.3663 1.8931 2.6988 240 240 245
0.3735 1.9645 2.7042 240 240 245
0.3821 2.0483 2.6980 240 240 245
0.3723 2.1213 2.7031 240 240 245
0.3691 2.1880 2.7043 240 240 245
0.3763 2.2609 2.7029 240 240 245
0.3744 2.3305 2.7017 240 240 245
0.3735 2.3939 2.6983 240 240 245
0.3733 2.4696 2.7002 240 240 245
0.3816 2.5559 2.6973 240 240 245
0.3739 2.6234 2.7015 240 240 245
0.3737 2.7001 2.6993 240 240 245
0.3775 2.7645 2.6979 240 240 245
0.3737 2.8385 2.7029 240 240 245
0.3772 2.9225 2.7004 240 240 245
0.3830 2.9822 2.7000 240 240 245
0.3826 3.0549 2.7020 240 240 245
0.3723 3.1389 2.6988 240 240 245
0.3750 3.2113 2.7017 240 240 245
0.3744 3.2869 2.7025 240 240 245
0.3785 3.3541 2.7014 240 240 245
0.3804 3.4283 2.6983 240 240 245
0.3816 3.4997 2.7018 240 240 245
0.3837 3.5744 2.6995 240 240 245
0.3750 3.6529 2.7015 240 240 245
0.3783 3.7195 2.7058 240 240 245
0.3823 3.7902 2.6970 240 240 245
0.3805 3.8673 2.7002 240 240 245
0.3827 3.9426 2.7004 240 240 245
0.3868 4.0038 2.6942 240 240 245
0.3614 4.0689 2.6977 240 240 245
0.3775 4.1547 2.7013 240 240 245
0.3758 4.2299 2.6962 240 240 245
0.3724 4.3026 2.7003 240 240 245
0.4501 0.0015 2.7047 240 240 245
0.4486 0.0643 2.7042 240 240 245
0.4508 0.1436 2.6971 240 240 245
0.4487 0.2213 2.7008 240 240 245
0.4496 0.2905 2.7019 240 240 245
0.4503 0.3629 2.6990 240 240 245
0.4465 0.4470 2.6971 240 240 245
0.4426 0.5038 2.6983 240 240 245
0.4455 0.5856 2.7018 240 240 245
0.4556 0.6604 2.7018 240 240 245
0.4476 0.7323 2.7005 240 240 245
0.4546 0.8005 2.6991 240 240 245
0.4468 0.8747 2.7068 240 240 245
0.4460 0.9446 2.7046 240 240 245
0.4555 1.0254 2.6978 240 240 245
0.4460 1.0992 2.6980 240 240 245
0.4444 1.1665 2.6989 240 240 245
0.4471 1.2372 2.7002 240 240 245
0.4539 1.3138 2.7010 240 240 245
0.4545 1.3801 2.6999 240 240 245
0.4462 1.4573 2.6988 240 240 245
0.4535 1.5346 2.6956 240 240 245
0.4541 1.6025 2.6966 240 240 245
0.4565 1.6837 2.6962 240 240 245
0.4569 1.7459 2.6967 240 240 245
0.4555 1.8134 2.6990 240 240 245
0.4492 1.8931 2.6987 240 240 245
0.4479 1.9602 2.7034 240 240 245
0.4528 2.0418 2.6982 240 240 245
0.4583 2.1139 2.7052 240 240 245
0.4557 2.1892 2.7059 240 240 245
0.4475 2.2593 2.6997 240 240 245
0.4526 2.3467 2.6985 240 240 245
0.4533 2.3975 2.7016 240 240 245
0.4407 2.4787 2.7006 240 240 245
0.4481 2.5470 2.6991 240 240 245
0.4510 2.6235 2.6977 240 240 245
0.4586 2.6870 2.7067 240 240 245
0.4564 2.7765 2.7050 240 240 245
0.4615 2.8409 2.7014 240 240 245
0.4420 2.9093 2.7016 240 240 245
0.4497 2.9896 2.7029 240 240 245
0.4630 3.0567 2.6969 240 240 245
0.4574 3.1402 2.6966 240 240 245
0.4548 3.2062 2.7022 240 240 245
0.4536 3.2787 2.6986 240 240 245
0.4492 3.3604 2.6985 240 240 245
0.4480 3.4201 2.7036 240 240 245
0.4509 3.4983 2.7021 240 240 245
0.4510 3.5715 2.7032 240 240 245
0.4536 3.6511 2.6979 240 240 245
0.4526 3.7199 2.6983 240 240 245
0.4651 3.7891 2.7023 240 240 245
0.4612 3.8708 2.6967 240 240 245
0.4544 3.9329 2.6977 240 240 245
0.4507 4.0118 2.7063 240 240 245
0.4417 4.0819 2.7026 240 240 245
0.4470 4.1503 2.7011 240 240 245
0.4495 4.2225 2.6978 240 240 245
0.4541 4.3021 2.6935 240 240 245
0.5245 0.0011 2.7012 240 240 245
0.5193 0.0741 2.7007 240 240 245
0.5214 0.1372 2.7017 240 240 245
0.5250 0.2208 2.7051 240 240 245
0.5227 0.2999 2.7000 240 240 245
0.5308 0.3620 2.6994 240 240 245
0.5289 0.4444 2.6980 240 240 245
0.5247 0.5106 2.7036 240 240 245
0.5335 0.5910 2.7026 240 240 245
0.5296 0.6561 2.7004 240 240 245
0.5299 0.7303 2.7020 240 240 245
0.5360 0.7942 2.7008 240 240 245
0.5264 0.8784 2.7026 240 240 245
0.5352 0.9432 2.6998 240 240 245
0.5303 1.0194 2.7028 240 240 245
0.5324 1.0971 2.7019 240 240 245
0.5340 1.1661 2.7025 240 240 245
0.5280 1.2441 2.7008 240 240 245
0.5213 1.3161 2.6997 240 240 245
0.5249 1.3803 2.6987 240 240 245
0.5254 1.4464 2.6970 240 240 245
0.5197 1.5324 2.6991 240 240 245
0.5306 1.6026 2.7024 240 240 245
0.5250 1.6752 2.7034 240 240 245
0.5278 1.7512 2.7023 240 240 245
0.5167 1.8244 2.7044 240 240 245
0.5174 1.8965 2.7014 240 240 245
0.5295 1.9623 2.7003 240 240 245
0.5284 2.0456 2.6985 240 240 245
0.5360 2.1109 2.6977 240 240 245
0.5260 2.1922 2.6974 240 240 245
0.5335 2.2676 2.6945 240 240 245
0.5318 2.3265 2.6996 240 240 245
0.5247 2.4046 2.7029 240 240 245
0.5270 2.4761 2.7027 240 240 245
0.5263 2.5525 2.7023 240 240 245
0.5234 2.6091 2.7029 240 240 245
0.5316 2.7084 2.6970 240 240 245
0.5286 2.7733 2.6994 240 240 245
0.5267 2.8469 2.6998 240 240 245
0.5242 2.9154 2.6947 240 240 245
0.5238 2.9849 2.7014 240 240 245
0.5242 3.0587 2.6997 240 240 245
0.5335 3.1327 2.7014 240 240 245
0.5222 3.2090 2.7034 240 240 245
0.5306 3.2838 2.7014 240 240 245
0.5278 3.3536 2.7012 240 240 245
0.5264 3.4197 2.6974 240 240 245
0.5201 3.4919 2.7013 240 240 245
0.5332 3.5804 2.6939 240 240 245
0.5282 3.6380 2.6968 240 240 245
0.5265 3.7253 2.6991 240 240 245
0.5234 3.7884 2.6983 240 240 245
0.5226 3.8653 2.6982 240 240 245
0.5285 3.9290 2.7030 240 240 245
0.5256 4.0129 2.7005 240 240 245
0.5210 4.0795 2.7001 240 240 245
0.5272 4.1475 2.7034 240 240 245
0.5264 4.2211 2.7004 240 240 245
0.5252 4.3031 2.7006 240 240 245
0.6045 0.0090 2.7029 240 240 245
0.6065 0.0772 2.7025 240 240 245
0.5998 0.1437 2.7000 240 240 245
0.5972 0.2222 2.7039 240 240 245
0.5914 0.2931 2.6973 240 240 245
0.6016 0.3705 2.7014 240 240 245
0.5926 0.4335 2.7056 240 240 245
0.6060 0.5125 2.7028 240 240 245
0.6066 0.5809 2.7011 240 240 245
0.6051 0.6601 2.6998 240 240 245
0.6066 0.7330 2.6987 240 240 245
0.5997 0.7959 2.7017 240 240 245
0.5992 0.8724 2.7006 240 240 245
0.5975 0.9458 2.7023 240 240 245
0.6068 1.0199 2.7010 240 240 245
0.6040 1.0932 2.7000 240 240 245
0.6115 1.1660 2.6982 240 240 245
0.5978 1.2356 2.7001 240 240 245
0.6113 1.3115 2.7051 240 240 245
0.6031 1.3786 2.7004 240 240 245
0.6093 1.4526 2.6995 240 240 245
0.6053 1.5260 2.6994 240 240 245
0.6061 1.6017 2.7036 240 240 245
0.5987 1.6822 2.6970 240 240 245
0.6044 1.7516 2.6975 240 240 245
0.6001 1.8329 2.7048 240 240 245
0.6003 1.9034 2.6995 240 240 245
0.6068 1.9804 2.6976 240 240 245
0.5911 2.0352 2.7032 240 240 245
0.5991 2.1140 2.6978 240 240 245
0.6009 2.1888 2.6965 240 240 245
0.6074 2.2615 2.6967 240 240 245
0.6041 2.3388 2.6987 240 240 245
0.5980 2.4087 2.6968 240 240 245
0.5977 2.4735 2.6967 240 240 245
0.5965 2.5440 2.6967 240 240 245
0.6073 2.6141 2.7035 240 240 245
0.6022 2.7013 2.6970 240 240 245
0.6027 2.7732 2.6990 240 240 245
0.6031 2.8425 2.6983 240 240 245
0.6028 2.9177 2.7009 240 240 245
0.6083 2.9858 2.7003 240 240 245
0.6001 3.0660 2.7004 240 240 245
0.6091 3.1329 2.6973 240 240 245
0.6054 3.2074 2.6985 240 240 245
0.6076 3.2774 2.7019 240 240 245
0.6036 3.3526 2.6963 240 240 245
0.6030 3.4257 2.6980 240 240 245
0.5981 3.4966 2.6987 240 240 245
0.6010 3.5640 2.6951 240 240 245
0.6030 3.6405 2.6996 240 240 245
0.6028 3.7242 2.7033 240 240 245
0.5942 3.7822 2.6995 240 240 245
0.5983 3.8584 2.6990 240 240 245
0.5992 3.9365 2.7013 240 240 245
0.6064 4.0062 2.7070 240 240 245
0.6042 4.0912 2.7054 240 240 245
0.6090 4.1470 2.7038 240 240 245
0.6033 4.2323 2.6994 240 240 245
0.6003 4.2989 2.6973 240 240 245
0.6853 0.0087 2.7027 240 240 245
0.6810 0.0771 2.7030 240 240 245
0.6809 0.1483 2.6975 240 240 245
0.6805 0.2177 2.6993 240 240 245
0.6744 0.2996 2.6991 240 240 245
0.6843 0.3580 2.6994 240 240 245
0.6860 0.4369 2.6992 240 240 245
0.6746 0.5080 2.6976 240 240 245
0.6808 0.5873 2.7017 240 240 245
0.6752 0.6597 2.6979 240 240 245
0.6739 0.7233 2.7059 240 240 245
0.6718 0.7956 2.7009 240 240 245
0.6792 0.8811 2.7008 240 240 245
0.6872 0.9506 2.7011 240 240 245
0.6761 1.0196 2.6987 240 240 245
0.6867 1.0780 2.6979 240 240 245
0.6754 1.1694 2.6970 240 240 245
0.6739 1.2447 2.6998 240 240 245
0.6875 1.3060 2.7051 240 240 245
0.6834 1.3847 2.7021 240 240 245
0.6859 1.4611 2.7043 240 240 245
0.6774 1.5340 2.6999 240 240 245
0.6768 1.6077 2.6982 240 240 245
0.6777 1.6859 2.6965 240 240 245
0.6783 1.7455 2.6985 240 240 245
0.6795 1.8319 2.6982 240 240 245
0.6806 1.8918 2.6990 240 240 245
0.6787 1.9802 2.6959 240 240 245
0.6722 2.0367 2.7019 240 240 245
0.6774 2.1018 2.7056 240 240 245
0.6829 2.1862 2.6980 240 240 245
0.6774 2.2558 2.7001 240 240 245
0.6784 2.3384 2.6977 240 240 245
0.6836 2.4055 2.6949 240 240 245
0.6793 2.4724 2.7045 240 240 245
0.6773 2.5495 2.6972 240 240 245
0.6852 2.6178 2.6984 240 240 245
0.6737 2.6941 2.7041 240 240 245
0.6759 2.7777 2.7017 240 240 245
0.6705 2.8431 2.6996 240 240 245
0.6740 2.9110 2.6960 240 240 245
0.6811 2.9874 2.7026 240 240 245
0.6778 3.0575 2.6989 240 240 245
0.6845 3.1313 2.6943 240 240 245
0.6738 3.2070 2.6930 240 240 245
0.6801 3.2805 2.7008 240 240 245
0.6748 3.3632 2.7024 240 240 245
0.6868 3.4248 2.6996 240 240 245
0.6789 3.5038 2.6966 240 240 245
0.6762 3.5709 2.6986 240 240 245
0.6828 3.6501 2.7019 240 240 245
0.6839 3.7061 2.6979 240 240 245
0.6764 3.7921 2.6982 240 240 245
0.6844 3.8630 2.6990 240 240 245
0.6730 3.9346 2.6958 240 240 245
0.6746 4.0060 2.6962 240 240 245
0.6806 4.0811 2.7054 240 240 245
0.6782 4.1489 2.6994 240 240 245
0.6774 4.2273 2.7007 240 240 245
0.6763 4.2953 2.7005 240 240 245
0.7498 0.0017 2.6998 240 240 245
0.7557 0.0809 2.6981 240 240 245
0.7562 0.1518 2.6963 240 240 245
0.7490 0.2108 2.6980 240 240 245
0.7542 0.2948 2.7032 240 240 245
0.7574 0.3638 2.7001 240 240 245
0.7513 0.4385 2.7030 240 240 245
0.7506 0.5172 2.6967 240 240 245
0.7571 0.5906 2.6999 240 240 245
0.7581 0.6500 2.7007 240 240 245
0.7477 0.7249 2.6971 240 240 245
0.7554 0.8003 2.6985 240 240 245
0.7529 0.8713 2.7004 240 240 245
0.7571 0.9437 2.7002 240 240 245
0.7575 1.0221 2.7008 240 240 245
0.7581 1.0970 2.6958 240 240 245
0.7424 1.1651 2.6943 240 240 245
0.7583 1.2346 2.7009 240 240 245
0.7588 1.3064 2.6978 240 240 245
0.7569 1.3861 2.6964 240 240 245
0.7550 1.4616 2.6970 240 240 245
0.7572 1.5378 2.7005 240 240 245
0.7507 1.6027 2.7031 240 240 245
0.7537 1.6722 2.6982 240 240 245
0.7466 1.7437 2.6957 240 240 245
0.7395 1.8257 2.6982 240 240 245
0.7551 1.8957 2.6972 240 240 245
0.7537 1.9690 2.6994 240 240 245
0.7475 2.0423 2.7012 240 240 245
0.7626 2.1173 2.6979 240 240 245
0.7553 2.1967 2.6958 240 240 245
0.7546 2.2637 2.7037 240 240 245
0.7520 2.3255 2.6943 240 240 245
0.7583 2.4005 2.6965 240 240 245
0.7534 2.4815 2.7001 240 240 245
0.7630 2.5514 2.6989 240 240 245
0.7493 2.6243 2.7014 240 240 245
0.7517 2.7016 2.6983 240 240 245
0.7522 2.7665 2.6998 240 240 245
0.7514 2.8448 2.7001 240 240 245
0.7509 2.9062 2.7030 240 240 245
0.7467 2.9887 2.7036 240 240 245
0.7552 3.0591 2.6992 240 240 245
0.7595 3.1337 2.6991 240 240 245
0.7595 3.2121 2.6992 240 240 245
0.7510 3.2731 2.7035 240 240 245
0.7413 3.3585 2.6928 240 240 245
0.7515 3.4183 2.6982 240 240 245
0.7476 3.4947 2.6983 240 240 245
0.7465 3.5728 2.6974 240 240 245
0.7623 3.6504 2.7002 240 240 245
0.7623 3.7189 2.6966 240 240 245
0.7519 3.7899 2.7000 240 240 245
0.7473 3.8720 2.7028 240 240 245
0.7512 3.9302 2.6977 240 240 245
0.7623 4.0083 2.7015 240 240 245
0.7438 4.0854 2.7005 240 240 245
0.7552 4.1476 2.7002 240 240 245
0.7497 4.2305 2.6992 240 240 245
0.7620 4.3023 2.7015 240 240 245
0.8295 0.0016 2.7068 240 240 245
0.8355 0.0721 2.6995 240 240 245
0.8319 0.1490 2.6966 240 240 245
0.8297 0.2260 2.6986 240 240 245
0.8161 0.2917 2.6976 240 240 245
0.8342 0.3634 2.7026 240 240 245
0.8283 0.4390 2.6959 240 240 245
0.8263 0.5103 2.6979 240 240 245
0.8314 0.5716 2.6997 240 240 245
0.8294 0.6665 2.6970 240 240 245
0.8272 0.7279 2.6970 240 240 245
0.8308 0.8044 2.6947 240 240 245
0.8310 0.8806 2.6990 240 240 245
0.8241 0.9457 2.7045 240 240 245
0.8299 1.0261 2.7051 240 240 245
0.8313 1.0912 2.7005 240 240 245
0.8216 1.1621 2.6995 240 240 245
0.8245 1.2386 2.6999 240 240 245
0.8295 1.3193 2.6954 240 240 245
0.8292 1.3908 2.7019 240 240 245
0.8231 1.4569 2.6994 240 240 245
0.8321 1.5370 2.7022 240 240 245
0.8369 1.6101 2.6986 240 240 245
0.8251 1.6730 2.6999 240 240 245
0.8249 1.7574 2.7046 240 240 245
0.8227 1.8192 2.6993 240 240 245
0.8363 1.9028 2.7054 240 240 245
0.8298 1.9767 2.6977 240 240 245
0.8264 2.0417 2.7022 240 240 245
0.8348 2.1074 2.6986 240 240 245
0.8242 2.1887 2.6977 240 240 245
0.8255 2.2572 2.7039 240 240 245
0.8306 2.3243 2.7033 240 240 245
0.8228 2.4028 2.6935 240 240 245
0.8289 2.4742 2.7008 240 240 245
0.8273 2.5521 2.6984 240 240 245
0.8332 2.6253 2.6982 240 240 245
0.8344 2.6958 2.7007 240 240 245
0.8301 2.7659 2.7029 240 240 245
0.8260 2.8438 2.6958 240 240 245
0.8328 2.9106 2.6991 240 240 245
0.8261 2.9896 2.7015 240 240 245
0.8276 3.0664 2.7018 240 240 245
0.8366 3.1329 2.6979 240 240 245
0.8236 3.1986 2.7010 240 240 245
0.8283 3.2787 2.7007 240 240 245
0.8314 3.3490 2.6970 240 240 245
0.8332 3.4265 2.7010 240 240 245
0.8330 3.5048 2.6990 240 240 245
0.8268 3.5595 2.6968 240 240 245
0.8201 3.6367 2.7027 240 240 245
0.8381 3.7226 2.6946 240 240 245
0.8276 3.7905 2.6968 240 240 245
0.8237 3.8653 2.7011 240 240 245
0.8352 3.9404 2.7003 240 240 245
0.8278 3.9996 2.6980 240 240 245
0.8326 4.0788 2.7001 240 240 245
0.8292 4.1551 2.7014 240 240 245
0.8292 4.2267 2.6954 240 240 245
0.8358 4.3039 2.6984 240 240 245
0.9051 0.0034 2.6973 240 240 245
0.9007 0.0737 2.7055 240 240 245
0.9130 0.1416 2.6990 240 240 245
0.8998 0.2202 2.6944 240 240 245
0.9081 0.2895 2.6972 240 240 245
0.9081 0.3549 2.7002 240 240 245
0.9123 0.4390 2.6968 240 240 245
0.9011 0.5119 2.7006 240 240 245
0.9090 0.5874 2.7020 240 240 245
0.9065 0.6592 2.7000 240 240 245
0.9048 0.7216 2.7038 240 240 245
0.9028 0.8100 2.7039 240 240 245
0.9037 0.8713 2.7033 240 240 245
0.9055 0.9476 2.7068 240 240 245
0.9061 1.0305 2.6996 240 240 245
0.8985 1.0961 2.6993 240 240 245
0.8989 1.1620 2.6976 240 240 245
0.9077 1.2415 2.7022 240 240 245
0.9021 1.3195 2.6987 240 240 245
0.8991 1.3736 2.7028 240 240 245
0.9079 1.4644 2.7028 240 240 245
0.9074 1.5318 2.6997 240 240 245
0.9061 1.6059 2.7021 240 240 245
0.9064 1.6656 2.7039 240 240 245
0.9133 1.7546 2.6978 240 240 245
0.9103 1.8191 2.6988 240 240 245
0.8998 1.8915 2.6981 240 240 245
0.9107 1.9768 2.7030 240 240 245
0.9046 2.0423 2.6967 240 240 245
0.9103 2.1191 2.6962 240 240 245
0.8965 2.1925 2.6989 240 240 245
0.9041 2.2517 2.6999 240 240 245
0.8906 2.3365 2.6979 240 240 245
0.9017 2.3980 2.6995 240 240 245
0.8987 2.4727 2.6967 240 240 245
0.9004 2.5588 2.7051 240 240 245
0.9026 2.6185 2.6994 240 240 245
0.9038 2.6978 2.6981 240 240 245
0.9098 2.7686 2.6965 240 240 245
0.8980 2.8466 2.6936 240 240 245
0.8895 2.9103 2.6972 240 240 245
0.9021 2.9858 2.7037 240 240 245
0.9075 3.0681 2.7030 240 240 245
0.9067 3.1304 2.7036 240 240 245
0.9046 3.2097 2.7008 240 240 245
0.8979 3.2833 2.7027 240 240 245
0.8983 3.3456 2.6989 240 240 245
0.8982 3.4215 2.6955 240 240 245
0.9035 3.4931 2.7005 240 240 245
0.9096 3.5697 2.6936 240 240 245
0.9029 3.6478 2.7014 240 240 245
0.9092 3.7167 2.6935 240 240 245
0.9043 3.7938 2.7044 240 240 245
0.9004 3.8766 2.7028 240 240 245
0.9014 3.9321 2.7029 240 240 245
0.8940 4.0051 2.6980 240 240 245
0.9099 4.0804 2.7025 240 240 245
0.9013 4.1451 2.7027 240 240 245
0.8976 4.2326 2.7000 240 240 245
0.9049 4.2987 2.7007 240 240 245
0.9861 -0.0027 2.7004 240 240 245
0.9892 0.0712 2.6963 240 240 245
0.9851 0.1522 2.6990 240 240 245
0.9760 0.2274 2.6980 240 240 245
0.9693 0.2932 2.7026 240 240 245
0.9769 0.3582 2.6986 240 240 245
0.9817 0.4361 2.6984 240 240 245
0.9753 0.5162 2.7020 240 240 245
0.9866 0.5670 2.7032 240 240 245
0.9800 0.6527 2.6988 240 240 245
0.9799 0.7292 2.7011 240 240 245
0.9764 0.8015 2.7028 240 240 245
0.9713 0.8704 2.6998 240 240 245
0.9740 0.9452 2.6951 240 240 245
0.9896 1.0289 2.6990 240 240 245
0.9737 1.0969 2.6967 240 240 245
0.9783 1.1666 2.6970 240 240 245
0.9826 1.2384 2.7030 240 240 245
0.9840 1.3049 2.6992 240 240 245
0.9824 1.3831 2.6958 240 240 245
0.9750 1.4630 2.6982 240 240 245
0.9846 1.5268 2.7042 240 240 245
0.9794 1.6022 2.7006 240 240 245
0.9736 1.6775 2.6988 240 240 245
0.9798 1.7504 2.6959 240 240 245
0.9718 1.8089 2.6996 240 240 245
0.9740 1.8991 2.6980 240 240 245
0.9788 1.9737 2.6991 240 240 245
0.9739 2.0447 2.6970 240 240 245
0.9882 2.1098 2.6941 240 240 245
0.9754 2.1877 2.6982 240 240 245
0.9663 2.2599 2.7036 240 240 245
0.9817 2.3319 2.7024 240 240 245
0.9750 2.4068 2.7012 240 240 245
0.9806 2.4730 2.7029 240 240 245
0.9792 2.5471 2.7051 240 240 245
0.9887 2.6295 2.7051 240 240 245
0.9767 2.6878 2.7046 240 240 245
0.9783 2.7665 2.6977 240 240 245
0.9745 2.8418 2.6998 240 240 245
0.9831 2.9204 2.6976 240 240 245
0.9741 2.9849 2.6964 240 240 245
0.9814 3.0707 2.7024 240 240 245
0.9800 3.1322 2.7013 240 240 245
0.9700 3.2106 2.7013 240 240 245
0.9724 3.2758 2.7021 240 240 245
0.9777 3.3553 2.7014 240 240 245
0.9851 3.4316 2.7002 240 240 245
0.9753 3.4960 2.6993 240 240 245
0.9813 3.5713 2.6989 240 240 245
0.9736 3.6505 2.7075 240 240 245
0.9859 3.7172 2.6969 240 240 245
0.9798 3.7893 2.6981 240 240 245
0.9700 3.8616 2.6913 240 240 245
0.9836 3.9370 2.7003 240 240 245
0.9829 4.0126 2.7050 240 240 245
0.9848 4.0872 2.6945 240 240 245
0.9753 4.1568 2.6999 240 240 245
0.9832 4.2245 2.6986 240 240 245
0.9746 4.3019 2.6968 240 240 245
1.0438 0.0040 2.7028 240 240 245
1.0646 0.0804 2.6992 240 240 245
1.0537 0.1492 2.7025 240 240 245
1.0507 0.2209 2.6994 240 240 245
1.0639 0.2875 2.7012 240 240 245
1.0508 0.3668 2.6980 240 240 245
1.0513 0.4320 2.6942 240 240 245
1.0526 0.5016 2.7002 240 240 245
1.0484 0.5791 2.6983 240 240 245
1.0576 0.6494 2.7033 240 240 245
1.0569 0.7328 2.7008 240 240 245
1.0558 0.7989 2.7028 240 240 245
1.0550 0.8711 2.7055 240 240 245
1.0666 0.9441 2.6969 240 240 245
1.0614 1.0204 2.7029 240 240 245
1.0619 1.0985 2.7024 240 240 245
1.0596 1.1709 2.6988 240 240 245
1.0594 1.2342 2.6972 240 240 245
1.0553 1.3169 2.6991 240 240 245
1.0550 1.3840 2.6969 240 240 245
1.0523 1.4667 2.7025 240 240 245
1.0640 1.5262 2.7042 240 240 245
1.0497 1.6099 2.7012 240 240 245
1.0520 1.6736 2.7011 240 240 245
1.0618 1.7477 2.6982 240 240 245
1.0609 1.8289 2.7027 240 240 245
1.0572 1.8985 2.7024 240 240 245
1.0472 1.9711 2.6977 240 240 245
1.0481 2.0424 2.7019 240 240 245
1.0550 2.1129 2.6996 240 240 245
1.0525 2.1929 2.7025 240 240 245
1.0509 2.2646 2.6993 240 240 245
1.0657 2.3347 2.7050 240 240 245
1.0543 2.4066 2.7018 240 240 245
1.0641 2.4774 2.6945 240 240 245
1.0504 2.5546 2.6980 240 240 245
1.0580 2.6142 2.6966 240 240 245
1.0558 2.7054 2.7038 240 240 245
1.0482 2.7661 2.7029 240 240 245
1.0501 2.8448 2.7000 240 240 245
1.0615 2.9112 2.7019 240 240 245
1.0492 2.9865 2.7016 240 240 245
1.0536 3.0565 2.7026 240 240 245
1.0514 3.1257 2.6999 240 240 245
1.0551 3.1990 2.7023 240 240 245
1.0589 3.2827 2.7038 240 240 245
1.0535 3.3550 2.7043 240 240 245
1.0460 3.4271 2.6973 240 240 245
1.0456 3.5003 2.7040 240 240 245
1.0576 3.5749 2.7082 240 240 245
1.0586 3.6460 2.6983 240 240 245
1.0495 3.7079 2.7006 240 240 245
1.0561 3.7864 2.7012 240 240 245
1.0535 3.8633 2.6962 240 240 245
1.0638 3.9356 2.7017 240 240 245
1.0491 4.0154 2.7018 240 240 245
1.0537 4.0838 2.6953 240 240 245
1.0551 4.1577 2.7033 240 240 245
1.0536 4.2314 2.6990 240 240 245
1.0547 4.3021 2.7008 240 240 245
1.1268 -0.0020 2.6971 240 240 245
1.1295 0.0760 2.7020 240 240 245
1.1336 0.1444 2.6965 240 240 245
1.1291 0.2142 2.7010 240 240 245
1.1330 0.2881 2.6964 240 240 245
1.1175 0.3673 2.6983 240 240 245
1.1261 0.4434 2.7011 240 240 245
1.1275 0.5111 2.6949 240 240 245
1.1320 0.5814 2.7023 240 240 245
1.1371 0.6521 2.7039 240 240 245
1.1260 0.7356 2.7005 240 240 245
1.1257 0.8014 2.7028 240 240 245
1.1405 0.8695 2.7034 240 240 245
1.1346 0.9509 2.7044 240 240 245
1.1283 1.0203 2.7044 240 240 245
1.1257 1.1004 2.7026 240 240 245
1.1281 1.1643 2.7042 240 240 245
1.1401 1.2467 2.6948 240 240 245
1.1302 1.3095 2.6988 240 240 245
1.1385 1.3822 2.6987 240 240 245
1.1247 1.4552 2.6959 240 240 245
1.1282 1.5246 2.7080 240 240 245
1.1334 1.6072 2.7041 240 240 245
1.1314 1.6761 2.7025 240 240 245
1.1302 1.7540 2.6985 240 240 245
1.1286 1.8258 2.6999 240 240 245
1.1257 1.8943 2.7044 240 240 245
1.1380 1.9717 2.7003 240 240 245
1.1216 2.0345 2.7010 240 240 245
1.1363 2.1097 2.7001 240 240 245
1.1373 2.1906 2.6975 240 240 245
1.1185 2.2662 2.6980 240 240 245
1.1280 2.3260 2.6982 240 240 245
1.1354 2.4101 2.7022 240 240 245
1.1223 2.4792 2.6990 240 240 245
1.1290 2.5543 2.7033 240 240 245
1.1268 2.6187 2.7011 240 240 245
1.1286 2.6856 2.7023 240 240 245
1.1327 2.7687 2.7012 240 240 245
1.1461 2.8426 2.7019 240 240 245
1.1304 2.9102 2.6974 240 240 245
1.1304 2.9870 2.7001 240 240 245
1.1273 3.0561 2.7021 240 240 245
1.1336 3.1314 2.7000 240 240 245
1.1317 3.2135 2.6928 240 240 245
1.1293 3.2763 2.7016 240 240 245
1.1229 3.3513 2.6970 240 240 245
1.1301 3.4169 2.7027 240 240 245
1.1296 3.4941 2.6993 240 240 245
1.1395 3.5549 2.7007 240 240 245
1.1388 3.6457 2.6991 240 240 245
1.1298 3.7089 2.7007 240 240 245
1.1282 3.7892 2.7036 240 240 245
1.1373 3.8696 2.7017 240 240 245
1.1312 3.9402 2.7018 240 240 245
1.1356 4.0094 2.7038 240 240 245
1.1356 4.0811 2.7011 240 240 245
1.1299 4.1588 2.7037 240 240 245
1.1316 4.2231 2.7010 240 240 245
1.1324 4.3031 2.6958 240 240 245
1.2144 -0.0018 2.7045 240 240 245
1.1991 0.0783 2.6976 240 240 245
1.1943 0.1487 2.7022 240 240 245
1.2110 0.2205 2.6976 240 240 245
1.2037 0.2933 2.7017 240 240 245
1.2035 0.3702 2.7015 240 240 245
1.2191 0.4417 2.6994 240 240 245
1.2023 0.5018 2.6988 240 240 245
1.2058 0.5894 2.7044 240 240 245
1.2060 0.6608 2.6976 240 240 245
1.2047 0.7315 2.6985 240 240 245
1.2066 0.8033 2.7027 240 240 245
1.2074 0.8729 2.6970 240 240 245
1.2053 0.9417 2.6999 240 240 245
1.2034 1.0164 2.7012 240 240 245
1.2037 1.0951 2.6982 240 240 245
1.2051 1.1725 2.6981 240 240 245
1.2082 1.2440 2.6977 240 240 245
1.2106 1.3120 2.6955 240 240 245
1.2040 1.3787 2.7034 240 240 245
1.2035 1.4609 2.7000 240 240 245
1.1992 1.5306 2.7037 240 240 245
1.2058 1.6024 2.6953 240 240 245
1.2036 1.6742 2.7024 240 240 245
1.2030 1.7460 2.7023 240 240 245
1.2099 1.8287 2.7019 240 240 245
1.2079 1.8995 2.6970 240 240 245
1.2012 1.9697 2.6983 240 240 245
1.2146 2.0460 2.7019 240 240 245
1.1965 2.1211 2.7006 240 240 245
1.2057 2.1833 2.6965 240 240 245
1.1934 2.2551 2.6933 240 240 245
1.2119 2.3269 2.6985 240 240 245
1.2128 2.4109 2.7051 240 240 245
1.2115 2.4777 2.6961 240 240 245
1.2110 2.5486 2.7024 240 240 245
1.2004 2.6187 2.6963 240 240 245
1.2110 2.6975 2.7016 240 240 245
1.1989 2.7620 2.6998 240 240 245
1.2002 2.8432 2.6955 240 240 245
1.2062 2.9182 2.7006 240 240 245
1.2005 2.9813 2.7000 240 240 245
1.2134 3.0646 2.7001 240 240 245
1.2098 3.1360 2.7021 240 240 245
1.2055 3.2099 2.7070 240 240 245
1.1989 3.2885 2.6964 240 240 245
1.2066 3.3490 2.7000 240 240 245
1.2033 3.4284 2.7037 240 240 245
1.2018 3.4998 2.6979 240 240 245
1.2030 3.5687 2.7010 240 240 245
1.2071 3.6397 2.7007 240 240 245
1.2153 3.7090 2.6990 240 240 245
1.2098 3.7862 2.6943 240 240 245
1.2061 3.8511 2.7082 240 240 245
1.2045 3.9412 2.7049 240 240 245
1.1965 4.0087 2.6977 240 240 245
1.1969 4.0860 2.7010 240 240 245
1.2114 4.1554 2.6968 240 240 245
1.2078 4.2263 2.7033 240 240 245
1.1997 4.3046 2.6983 240 240 245
1.2807 -0.0025 2.7062 240 240 245
1.2868 0.0784 2.6999 240 240 245
1.2752 0.1512 2.6965 240 240 245
1.2902 0.2090 2.6959 240 240 245
1.2755 0.2928 2.6970 240 240 245
1.2804 0.3554 2.6997 240 240 245
1.2763 0.4352 2.6992 240 240 245
1.2840 0.5108 2.7037 240 240 245
1.2816 0.5875 2.6996 240 240 245
1.2856 0.6566 2.7015 240 240 245
1.2753 0.7281 2.7016 240 240 245
1.2755 0.8114 2.6984 240 240 245
1.2896 0.8727 2.7026 240 240 245
1.2817 0.9420 2.7047 240 240 245
1.2852 1.0225 2.6993 240 240 245
1.2764 1.0869 2.7025 240 240 245
1.2846 1.1661 2.6945 240 240 245
1.2839 1.2404 2.6941 240 240 245
1.2860 1.3157 2.7015 240 240 245
1.2900 1.3827 2.7008 240 240 245
1.2720 1.4567 2.6985 240 240 245
1.2715 1.5375 2.7020 240 240 245
1.2881 1.6036 2.6991 240 240 245
1.2818 1.6831 2.7035 240 240 245
1.2818 1.7497 2.7004 240 240 245
1.2858 1.8194 2.7031 240 240 245
1.2729 1.8843 2.6997 240 240 245
1.2884 1.9728 2.6954 240 240 245
1.2892 2.0436 2.6973 240 240 245
1.2831 2.1070 2.6980 240 240 245
1.2896 2.1877 2.7020 240 240 245
1.2882 2.2640 2.6970 240 240 245
1.2804 2.3355 2.7052 240 240 245
1.2804 2.4072 2.6976 240 240 245
1.2935 2.4803 2.6998 240 240 245
1.2863 2.5524 2.6976 240 240 245
1.2853 2.6247 2.7023 240 240 245
1.2852 2.7038 2.7001 240 240 245
1.2836 2.7737 2.6984 240 240 245
1.2706 2.8425 2.7008 240 240 245
1.2853 2.9138 2.6990 240 240 245
1.2801 2.9840 2.6990 240 240 245
1.2803 3.0616 2.7036 240 240 245
1.2727 3.1459 2.6997 240 240 245
1.2736 3.2082 2.7019 240 240 245
1.2741 3.2830 2.6946 240 240 245
1.2760 3.3442 2.7001 240 240 245
1.2879 3.4260 2.6983 240 240 245
1.2786 3.4863 2.7027 240 240 245
1.2801 3.5679 2.6975 240 240 245
1.2814 3.6368 2.6974 240 240 245
1.2757 3.7175 2.7007 240 240 245
1.2785 3.7863 2.6925 240 240 245
1.2790 3.8589 2.7044 240 240 245
1.2793 3.9403 2.6989 240 240 245
1.2760 4.0116 2.6972 240 240 245
1.2689 4.0815 2.6985 240 240 245
1.2806 4.1520 2.7027 240 240 245
1.2742 4.2235 2.6992 240 240 245
1.2822 4.2997 2.6983 240 240 245
1.3625 0.0030 2.7030 240 240 245
1.3565 0.0784 2.7028 240 240 245
1.3625 0.1479 2.7011 240 240 245
1.3483 0.2264 2.7005 240 240 245
1.3604 0.2962 2.6951 240 240 245
1.3620 0.3674 2.7009 240 240 245
1.3587 0.4431 2.7021 240 240 245
1.3591 0.5173 2.6983 240 240 245
1.3554 0.5908 2.6990 240 240 245
1.3564 0.6603 2.6979 240 240 245
1.3537 0.7253 2.7005 240 240 245
1.3522 0.8069 2.6945 240 240 245
1.3641 0.8736 2.6990 240 240 245
1.3581 0.9435 2.6994 240 240 245
1.3500 1.0228 2.6979 240 240 245
1.3547 1.0938 2.6992 240 240 245
1.3669 1.1635 2.6997 240 240 245
1.3624 1.2358 2.6994 240 240 245
1.3502 1.3130 2.7050 240 240 245
1.3602 1.3787 2.7022 240 240 245
1.3523 1.4611 2.6990 240 240 245
1.3540 1.5363 2.7008 240 240 245
1.3590 1.6054 2.7034 240 240 245
1.3546 1.6626 2.7013 240 240 245
1.3666 1.7496 2.6952 240 240 245
1.3548 1.8193 2.6964 240 240 245
1.3556 1.8831 2.7025 240 240 245
1.3497 1.9658 2.7009 240 240 245
1.3614 2.0417 2.6981 240 240 245
1.3668 2.1192 2.7033 240 240 245
1.3671 2.1816 2.6943 240 240 245
1.3608 2.2499 2.7003 240 240 245
1.3536 2.3368 2.6970 240 240 245
1.3568 2.4038 2.7032 240 240 245
1.3589 2.4813 2.6990 240 240 245
1.3543 2.5538 2.7041 240 240 245
1.3538 2.6256 2.6967 240 240 245
1.3589 2.6928 2.7009 240 240 245
1.3611 2.7728 2.7030 240 240 245
1.3611 2.8433 2.7001 240 240 245
1.3469 2.9175 2.7046 240 240 245
1.3474 2.9900 2.6962 240 240 245
1.3508 3.0660 2.7056 240 240 245
1.3570 3.1381 2.7054 240 240 245
1.3563 3.2033 2.6991 240 240 245
1.3585 3.2746 2.6989 240 240 245
1.3573 3.3453 2.7022 240 240 245
1.3509 3.4217 2.6981 240 240 245
1.3488 3.4924 2.7011 240 240 245
1.3607 3.5715 2.7012 240 240 245
1.3552 3.6454 2.6996 240 240 245
1.3625 3.7180 2.6997 240 240 245
1.3581 3.7788 2.6983 240 240 245
1.3530 3.8596 2.6982 240 240 245
1.3502 3.9385 2.6987 240 240 245
1.3530 4.0041 2.6942 240 240 245
1.3522 4.0804 2.6980 240 240 245
1.3565 4.1552 2.7035 240 240 245
1.3546 4.2335 2.7029 240 240 245
1.3572 4.3096 2.6987 240 240 245
1.4324 -0.0005 2.7079 240 240 245
1.4279 0.0769 2.7000 240 240 245
1.4412 0.1502 2.7002 240 240 245
1.4365 0.2203 2.7010 240 240 245
1.4270 0.2845 2.7011 240 240 245
1.4334 0.3622 2.6982 240 240 245
1.4312 0.4349 2.7033 240 240 245
1.4375 0.5011 2.7027 240 240 245
1.4310 0.5849 2.7007 240 240 245
1.4285 0.6627 2.6963 240 240 245
1.4360 0.7371 2.7039 240 240 245
1.4316 0.7991 2.6985 240 240 245
1.4369 0.8743 2.7004 240 240 245
1.4384 0.9492 2.7007 240 240 245
1.4270 1.0131 2.6970 240 240 245
1.4363 1.0905 2.6959 240 240 245
1.4365 1.1691 2.7041 240 240 245
1.4281 1.2275 2.7006 240 240 245
1.4315 1.3133 2.7016 240 240 245
1.4266 1.3835 2.7015 240 240 245
1.4354 1.4514 2.6967 240 240 245
1.4331 1.5303 2.7019 240 240 245
1.4324 1.6094 2.7011 240 240 245
1.4310 1.6698 2.7006 240 240 245
1.4352 1.7521 2.7037 240 240 245
1.4348 1.8195 2.7013 240 240 245
1.4326 1.9000 2.6958 240 240 245
1.4397 1.9606 2.7023 240 240 245
1.4416 2.0432 2.7016 240 240 245
1.4369 2.1031 2.6943 240 240 245
1.4315 2.1969 2.7016 240 240 245
1.4277 2.2650 2.7015 240 240 245
1.4380 2.3205 2.7027 240 240 245
1.4259 2.4064 2.6998 240 240 245
1.4390 2.4823 2.7061 240 240 245
1.4364 2.5465 2.6955 240 240 245
1.4301 2.6198 2.6990 240 240 245
1.4303 2.6962 2.6977 240 240 245
1.4329 2.7739 2.7061 240 240 245
1.4402 2.8441 2.6981 240 240 245
1.4236 2.9080 2.6994 240 240 245
1.4375 2.9835 2.6990 240 240 245
1.4315 3.0507 2.6943 240 240 245
1.4217 3.1414 2.7020 240 240 245
1.4224 3.2024 2.7056 240 240 245
1.4377 3.2756 2.7005 240 240 245
1.4284 3.3525 2.7031 240 240 245
1.4365 3.4263 2.7005 240 240 245
1.4328 3.4996 2.6998 240 240 245
1.4236 3.5717 2.6979 240 240 245
1.4363 3.6450 2.7035 240 240 245
1.4318 3.7203 2.6998 240 240 245
1.4257 3.7844 2.6992 240 240 245
1.4331 3.8706 2.6990 240 240 245
1.4303 3.9350 2.7007 240 240 245
1.4330 4.0071 2.6967 240 240 245
1.4289 4.0828 2.7025 240 240 245
1.4296 4.1554 2.7019 240 240 245
1.4306 4.2276 2.7004 240 240 245
1.4280 4.2978 2.6952 240 240 245
1.5076 -0.0045 2.6985 240 240 245
1.5099 0.0721 2.6996 240 240 245
1.4980 0.1373 2.6966 240 240 245
1.5048 0.2176 2.6983 240 240 245
1.5042 0.2874 2.6923 240 240 245
1.5066 0.3664 2.7019 240 240 245
1.5048 0.4356 2.7003 240 240 245
1.5029 0.5070 2.6970 240 240 245
1.5056 0.5902 2.6997 240 240 245
1.5116 0.6638 2.6947 240 240 245
1.5126 0.7266 2.6957 240 240 245
1.5046 0.7961 2.6991 240 240 245
1.5150 0.8783 2.7015 240 240 245
1.5078 0.9410 2.6995 240 240 245
1.5150 1.0188 2.6922 240 240 245
1.5123 1.0998 2.6959 240 240 245
1.5072 1.1675 2.7010 240 240 245
1.5156 1.2444 2.7007 240 240 245
1.5015 1.3059 2.6955 240 240 245
1.5069 1.3812 2.7030 240 240 245
1.5117 1.4611 2.7043 240 240 245
1.5101 1.5320 2.6979 240 240 245
1.5092 1.6089 2.6995 240 240 245
1.5000 1.6830 2.7018 240 240 245
1.5105 1.7474 2.6969 240 240 245
1.5150 1.8168 2.7049 240 240 245
1.5056 1.8905 2.6973 240 240 245
1.5083 1.9691 2.7023 240 240 245
1.5099 2.0436 2.6982 240 240 245
1.5138 2.1209 2.7019 240 240 245
1.5056 2.1847 2.7043 240 240 245
1.5044 2.2541 2.6953 240 240 245
1.5086 2.3256 2.7038 240 240 245
1.5139 2.4103 2.6979 240 240 245
1.5046 2.4840 2.6987 240 240 245
1.5087 2.5462 2.6949 240 240 245
1.5133 2.6268 2.6971 240 240 245
1.5035 2.7002 2.6989 240 240 245
1.5126 2.7695 2.6976 240 240 245
1.5075 2.8414 2.6948 240 240 245
1.5058 2.9236 2.6969 240 240 245
1.5110 2.9879 2.7031 240 240 245
1.4999 3.0584 2.7002 240 240 245
1.5064 3.1398 2.6957 240 240 245
1.5096 3.2056 2.6992 240 240 245
1.5125 3.2830 2.7015 240 240 245
1.4988 3.3581 2.6962 240 240 245
1.4999 3.4318 2.7022 240 240 245
1.5164 3.4951 2.6948 240 240 245
1.5050 3.5758 2.7003 240 240 245
1.5060 3.6388 2.7020 240 240 245
1.5110 3.7218 2.7053 240 240 245
1.5185 3.7853 2.7058 240 240 245
1.5035 3.8641 2.7024 240 240 245
1.5123 3.9361 2.6959 240 240 245
1.5059 4.0020 2.6995 240 240 245
1.5108 4.0832 2.6950 240 240 245
1.5063 4.1450 2.6938 240 240 245
1.5029 4.2328 2.6958 240 240 245
1.5055 4.2996 2.7026 240 240 245
1.5838 -0.0011 2.6995 240 240 245
1.5846 0.0766 2.6994 240 240 245
1.5779 0.1419 2.7012 240 240 245
1.5735 0.2100 2.7026 240 240 245
1.5812 0.2849 2.6982 240 240 245
1.5753 0.3645 2.6989 240 240 245
1.5826 0.4419 2.7030 240 240 245
1.5785 0.5152 2.7001 240 240 245
1.5778 0.5698 2.6988 240 240 245
1.5861 0.6456 2.6970 240 240 245
1.5760 0.7331 2.7023 240 240 245
1.5922 0.8049 2.7080 240 240 245
1.5842 0.8761 2.6956 240 240 245
1.5905 0.9528 2.6969 240 240 245
1.5872 1.0174 2.7014 240 240 245
1.5798 1.0842 2.6992 240 240 245
1.5817 1.1769 2.6955 240 240 245
1.5867 1.2374 2.7048 240 240 245
1.5807 1.3162 2.6989 240 240 245
1.5791 1.3825 2.6973 240 240 245
1.5781 1.4563 2.7017 240 240 245
1.5760 1.5303 2.7046 240 240 245
1.5842 1.6019 2.6979 240 240 245
1.5872 1.6734 2.6975 240 240 245
1.5809 1.7489 2.6985 240 240 245
1.5866 1.8242 2.6993 240 240 245
1.5902 1.8868 2.7010 240 240 245
1.5796 1.9649 2.6952 240 240 245
1.5911 2.0360 2.6979 240 240 245
1.5797 2.1127 2.7031 240 240 245
1.5836 2.1902 2.7006 240 240 245
1.5874 2.2546 2.7024 240 240 245
1.5733 2.3324 2.6959 240 240 245
1.5920 2.4038 2.6985 240 240 245
1.5927 2.4748 2.6992 240 240 245
1.5855 2.5422 2.7020 240 240 245
1.5874 2.6240 2.7026 240 240 245
1.5808 2.6939 2.7026 240 240 245
1.5828 2.7684 2.6956 240 240 245
1.5846 2.8385 2.6973 240 240 245
1.5772 2.9153 2.6977 240 240 245
1.5889 2.9886 2.7028 240 240 245
1.5858 3.0703 2.7001 240 240 245
1.5879 3.1297 2.7003 240 240 245
1.5734 3.2144 2.7022 240 240 245
1.5862 3.2852 2.7049 240 240 245
1.5749 3.3464 2.6957 240 240 245
1.5867 3.4279 2.7020 240 240 245
1.5823 3.4953 2.6962 240 240 245
1.5862 3.5830 2.6962 240 240 245
1.5862 3.6402 2.6995 240 240 245
1.5901 3.7212 2.7031 240 240 245
1.5827 3.7910 2.6969 240 240 245
1.5859 3.8627 2.7088 240 240 245
1.5854 3.9368 2.7005 240 240 245
1.5785 4.0135 2.6938 240 240 245
1.5861 4.0827 2.6990 240 240 245
1.5793 4.1537 2.7051 240 240 245
1.5800 4.2254 2.6985 240 240 245
1.5834 4.3009 2.7028 240 240 245
1.6537 0.0094 2.7012 240 240 245
1.6660 0.0835 2.6965 240 240 245
1.6501 0.1493 2.7005 240 240 245
1.6626 0.2181 2.6988 240 240 245
1.6633 0.2897 2.7029 240 240 245
1.6598 0.3710 2.7002 240 240 245
1.6500 0.4358 2.7050 240 240 245
1.6545 0.5028 2.7010 240 240 245
1.6538 0.5865 2.6985 240 240 245
1.6616 0.6565 2.6955 240 240 245
1.6559 0.7232 2.6959 240 240 245
1.6475 0.8012 2.6965 240 240 245
1.6668 0.8815 2.7011 240 240 245
1.6516 0.9418 2.6996 240 240 245
1.6571 1.0273 2.7009 240 240 245
1.6600 1.1008 2.7006 240 240 245
1.6569 1.1599 2.6933 240 240 245
1.6567 1.2481 2.6985 240 240 245
1.6610 1.3137 2.6989 240 240 245
1.6561 1.3792 2.7030 240 240 245
1.6620 1.4546 2.6992 240 240 245
1.6643 1.5261 2.6997 240 240 245
1.6639 1.5944 2.7031 240 240 245
1.6576 1.6729 2.6997 240 240 245
1.6552 1.7481 2.6957 240 240 245
1.6611 1.8200 2.6942 240 240 245
1.6548 1.9005 2.7039 240 240 245
1.6576 1.9739 2.6990 240 240 245
1.6552 2.0351 2.6994 240 240 245
1.6484 2.1131 2.7012 240 240 245
1.6637 2.1881 2.6955 240 240 245
1.6604 2.2519 2.7000 240 240 245
1.6612 2.3358 2.6983 240 240 245
1.6645 2.4091 2.7022 240 240 245
1.6560 2.4766 2.7021 240 240 245
1.6614 2.5513 2.6941 240 240 245
1.6554 2.6283 2.7008 240 240 245
1.6549 2.6932 2.7008 240 240 245
1.6546 2.7722 2.7047 240 240 245
1.6565 2.8423 2.7064 240 240 245
1.6589 2.9174 2.7073 240 240 245
1.6648 2.9903 2.6983 240 240 245
1.6598 3.0563 2.7025 240 240 245
1.6632 3.1415 2.7015 240 240 245
1.6566 3.2056 2.7013 240 240 245
1.6539 3.2774 2.6970 240 240 245
1.6533 3.3495 2.7014 240 240 245
1.6572 3.4307 2.6996 240 240 245
1.6605 3.4923 2.7037 240 240 245
1.6539 3.5674 2.6981 240 240 245
1.6535 3.6468 2.7015 240 240 245
1.6554 3.7166 2.6983 240 240 245
1.6543 3.7845 2.6980 240 240 245
1.6583 3.8611 2.7106 240 240 245
1.6563 3.9367 2.6981 240 240 245
1.6643 4.0119 2.7041 240 240 245
1.6532 4.0870 2.6990 240 240 245
1.6521 4.1553 2.7056 240 240 245
1.6606 4.2249 2.7026 240 240 245
1.6551 4.2983 2.7008 240 240 245
1.7308 -0.0036 2.7027 240 240 245
1.7371 0.0744 2.7032 240 240 245
1.7290 0.1443 2.6989 240 240 245
1.7341 0.2208 2.6996 240 240 245
1.7310 0.2826 2.7022 240 240 245
1.7331 0.3566 2.6997 240 240 245
1.7297 0.4365 2.6997 240 240 245
1.7342 0.5128 2.7067 240 240 245
1.7371 0.5754 2.7053 240 240 245
1.7236 0.6580 2.6984 240 240 245
1.7202 0.7313 2.6910 240 240 245
1.7266 0.8080 2.6987 240 240 245
1.7323 0.8701 2.6971 240 240 245
1.7321 0.9506 2.7021 240 240 245
1.7306 1.0215 2.7007 240 240 245
1.7268 1.0930 2.6985 240 240 245
1.7232 1.1609 2.6970 240 240 245
1.7397 1.2427 2.7028 240 240 245
1.7452 1.3142 2.7026 240 240 245
1.7363 1.3860 2.6984 240 240 245
1.7366 1.4550 2.7027 240 240 245
1.7414 1.5335 2.7004 240 240 245
1.7368 1.6032 2.7009 240 240 245
1.7337 1.6768 2.6970 240 240 245
1.7375 1.7478 2.6991 240 240 245
1.7322 1.8184 2.6977 240 240 245
1.7279 1.9013 2.6983 240 240 245
1.7252 1.9657 2.6975 240 240 245
1.7371 2.0400 2.6986 240 240 245
1.7343 2.1145 2.6975 240 240 245
1.7323 2.1852 2.6970 240 240 245
1.7410 2.2608 2.7048 240 240 245
1.7381 2.3242 2.7012 240 240 245
1.7410 2.4076 2.7012 240 240 245
1.7298 2.4822 2.6924 240 240 245
1.7354 2.5463 2.7008 240 240 245
1.7389 2.6303 2.6980 240 240 245
1.7411 2.6981 2.6974 240 240 245
1.7384 2.7730 2.6980 240 240 245
1.7372 2.8445 2.7005 240 240 245
1.7367 2.9121 2.7003 240 240 245
1.7347 2.9969 2.7004 240 240 245
1.7328 3.0651 2.6984 240 240 245
1.7325 3.1417 2.6955 240 240 245
1.7321 3.2097 2.7041 240 240 245
1.7389 3.2812 2.7028 240 240 245
1.7283 3.3642 2.6984 240 240 245
1.7309 3.4249 2.7049 240 240 245
1.7220 3.4944 2.7004 240 240 245
1.7255 3.5722 2.6987 240 240 245
1.7336 3.6421 2.6984 240 240 245
1.7392 3.7142 2.7026 240 240 245
1.7396 3.7944 2.6979 240 240 245
1.7325 3.8610 2.6992 240 240 245
1.7342 3.9286 2.6985 240 240 245
1.7302 4.0047 2.6976 240 240 245
1.7391 4.0727 2.6965 240 240 245
1.7265 4.1605 2.7017 240 240 245
1.7306 4.2257 2.7023 240 240 245
1.7357 4.2909 2.6989 240 240 245
1.8053 -0.0020 2.6952 240 240 245
1.8066 0.0712 2.7051 240 240 245
1.7944 0.1403 2.6971 240 240 245
1.8061 0.2193 2.6948 240 240 245
1.8086 0.2952 2.6975 240 240 245
1.8107 0.3604 2.7006 240 240 245
1.8150 0.4340 2.7011 240 240 245
1.8010 0.5147 2.6996 240 240 245
1.7988 0.5830 2.6998 240 240 245
1.8083 0.6500 2.7032 240 240 245
1.8073 0.7379 2.6949 240 240 245
1.8039 0.8071 2.6988 240 240 245
1.8039 0.8747 2.6940 240 240 245
1.8129 0.9491 2.6977 240 240 245
1.8050 1.0125 2.7010 240 240 245
1.8044 1.0920 2.6955 240 240 245
1.8008 1.1608 2.6956 240 240 245
1.8187 1.2325 2.7027 240 240 245
1.8147 1.3128 2.6964 240 240 245
1.8084 1.3761 2.6970 240 240 245
1.8025 1.4482 2.6981 240 240 245
1.8081 1.5320 2.7034 240 240 245
1.8055 1.5953 2.7022 240 240 245
1.8005 1.6899 2.6992 240 240 245
1.8129 1.7468 2.7040 240 240 245
1.8190 1.8229 2.6933 240 240 245
1.8095 1.8998 2.6982 240 240 245
1.8051 1.9655 2.6998 240 240 245
1.7992 2.0348 2.7016 240 240 245
1.8143 2.1102 2.7039 240 240 245
1.8056 2.1768 2.6966 240 240 245
1.7978 2.2584 2.7005 240 240 245
1.8133 2.3334 2.7015 240 240 245
1.8209 2.4079 2.6997 240 240 245
1.8136 2.4787 2.6988 240 240 245
1.8177 2.5526 2.7049 240 240 245
1.8118 2.6269 2.7016 240 240 245
1.8054 2.6941 2.7063 240 240 245
1.8008 2.7675 2.6993 240 240 245
1.8089 2.8436 2.7042 240 240 245
1.8067 2.9144 2.7002 240 240 245
1.8043 2.9881 2.6972 240 240 245
1.8070 3.0623 2.7006 240 240 245
1.8139 3.1288 2.7042 240 240 245
1.8088 3.1991 2.7025 240 240 245
1.8098 3.2849 2.6991 240 240 245
1.8087 3.3464 2.7027 240 240 245
1.8121 3.4199 2.7027 240 240 245
1.8076 3.4964 2.6982 240 240 245
1.8131 3.5745 2.7016 240 240 245
1.8103 3.6525 2.7000 240 240 245
1.8156 3.7155 2.6977 240 240 245
1.7984 3.7888 2.7040 240 240 245
1.8142 3.8603 2.6949 240 240 245
1.8085 3.9357 2.6974 240 240 245
1.8084 4.0075 2.6995 240 240 245
1.8128 4.0800 2.6986 240 240 245
1.7988 4.1496 2.6991 240 240 245
1.8074 4.2155 2.6989 240 240 245
1.8000 4.3089 2.7012 240 240 245
1.8889 0.0007 2.7021 240 240 245
1.8781 0.0677 2.7043 240 240 245
1.8749 0.1405 2.6991 240 240 245
1.8828 0.2283 2.6993 240 240 245
1.8858 0.2950 2.6966 240 240 245
1.8827 0.3665 2.6999 240 240 245
1.8849 0.4346 2.6990 240 240 245
1.8880 0.5077 2.6999 240 240 245
1.8744 0.5823 2.7017 240 240 245
1.8884 0.6483 2.6977 240 240 245
1.8850 0.7245 2.6958 240 240 245
1.8787 0.7942 2.6989 240 240 245
1.8876 0.8801 2.7018 240 240 245
1.8829 0.9487 2.7026 240 240 245
1.8748 1.0213 2.7002 240 240 245
1.8905 1.0931 2.7015 240 240 245
1.8841 1.1592 2.7022 240 240 245
1.8877 1.2409 2.6979 240 240 245
1.8793 1.3115 2.6986 240 240 245
1.8849 1.3859 2.6971 240 240 245
1.8895 1.4575 2.6981 240 240 245
1.8840 1.5267 2.6992 240 240 245
1.8848 1.6031 2.7022 240 240 245
1.8839 1.6792 2.6965 240 240 245
1.8795 1.7534 2.7028 240 240 245
1.8800 1.8216 2.6936 240 240 245
1.8817 1.8977 2.7069 240 240 245
1.8786 1.9619 2.7020 240 240 245
1.8882 2.0377 2.7014 240 240 245
1.8851 2.1114 2.7056 240 240 245
1.8820 2.1967 2.6973 240 240 245
1.8869 2.2592 2.7003 240 240 245
1.8948 2.3341 2.6982 240 240 245
1.8776 2.4053 2.7047 240 240 245
1.8843 2.4745 2.7004 240 240 245
1.8870 2.5433 2.6984 240 240 245
1.8808 2.6311 2.7005 240 240 245
1.8865 2.6984 2.7019 240 240 245
1.8812 2.7694 2.6983 240 240 245
1.8813 2.8376 2.7043 240 240 245
1.8855 2.9158 2.7030 240 240 245
1.8900 2.9862 2.7010 240 240 245
1.8811 3.0540 2.6993 240 240 245
1.8848 3.1364 2.6989 240 240 245
1.8848 3.2118 2.7014 240 240 245
1.8931 3.2806 2.6955 240 240 245
1.8846 3.3522 2.6968 240 240 245
1.8872 3.4325 2.7008 240 240 245
1.8809 3.4953 2.7008 240 240 245
1.8905 3.5771 2.6988 240 240 245
1.8826 3.6485 2.6999 240 240 245
1.8923 3.7288 2.7005 240 240 245
1.8830 3.7906 2.6958 240 240 245
1.8843 3.8704 2.7003 240 240 245
1.8845 3.9356 2.7033 240 240 245
1.8840 4.0121 2.6999 240 240 245
1.8835 4.0726 2.6975 240 240 245
1.8770 4.1516 2.7019 240 240 245
1.8839 4.2202 2.7014 240 240 245
1.8864 4.3004 2.7013 240 240 245
1.9511 0.0019 2.6991 240 240 245
1.9650 0.0725 2.6928 240 240 245
1.9564 0.1467 2.6993 240 240 245
1.9567 0.2150 2.7017 240 240 245
1.9674 0.2851 2.6996 240 240 245
1.9692 0.3607 2.7065 240 240 245
1.9557 0.4359 2.7058 240 240 245
1.9574 0.5044 2.6998 240 240 245
1.9591 0.5854 2.6999 240 240 245
1.9532 0.6611 2.6951 240 240 245
1.9558 0.7256 2.7047 240 240 245
1.9635 0.7931 2.6986 240 240 245
1.9562 0.8758 2.7031 240 240 245
1.9513 0.9503 2.7031 240 240 245
1.9586 1.0193 2.7015 240 240 245
1.9530 1.0946 2.7031 240 240 245
1.9695 1.1705 2.6997 240 240 245
1.9639 1.2313 2.6987 240 240 245
1.9658 1.3100 2.6986 240 240 245
1.9549 1.3811 2.6966 240 240 245
1.9595 1.4449 2.6959 240 240 245
1.9544 1.5266 2.6977 240 240 245
1.9612 1.6007 2.7015 240 240 245
1.9573 1.6748 2.6957 240 240 245
1.9665 1.7546 2.7057 240 240 245
1.9652 1.8237 2.6954 240 240 245
1.9689 1.9026 2.6961 240 240 245
1.9572 1.9656 2.7009 240 240 245
1.9579 2.0399 2.6991 240 240 245
1.9589 2.1198 2.6994 240 240 245
1.9560 2.1865 2.7011 240 240 245
1.9522 2.2571 2.7081 240 240 245
1.9668 2.3269 2.7108 240 240 245
1.9573 2.4055 2.7018 240 240 245
1.9621 2.4810 2.6992 240 240 245
1.9583 2.5525 2.6962 240 240 245
1.9508 2.6215 2.6987 240 240 245
1.9518 2.6948 2.6994 240 240 245
1.9605 2.7733 2.7013 240 240 245
1.9590 2.8422 2.6964 240 240 245
1.9683 2.9216 2.6988 240 240 245
1.9500 2.9932 2.7039 240 240 245
1.9523 3.0581 2.6985 240 240 245
1.9527 3.1333 2.7004 240 240 245
1.9564 3.2020 2.6980 240 240 245
1.9620 3.2777 2.7008 240 240 245
1.9560 3.3561 2.7045 240 240 245
1.9600 3.4244 2.7030 240 240 245
1.9552 3.4978 2.7049 240 240 245
1.9624 3.5664 2.7022 240 240 245
1.9588 3.6343 2.7005 240 240 245
1.9661 3.7171 2.6941 240 240 245
1.9582 3.7845 2.6945 240 240 245
1.9514 3.8642 2.7002 240 240 245
1.9607 3.9316 2.7046 240 240 245
1.9607 3.9984 2.6990 240 240 245
1.9577 4.0803 2.7014 240 240 245
1.9629 4.1527 2.7000 240 240 245
1.9603 4.2261 2.7036 240 240 245
1.9584 4.2944 2.6953 240 240 245
2.0370 -0.0061 2.7016 240 240 245
2.0346 0.0783 2.6987 240 240 245
2.0295 0.1455 2.6973 240 240 245
2.0367 0.2177 2.6990 240 240 245
2.0314 0.2929 2.6976 240 240 245
2.0340 0.3594 2.6990 240 240 245
2.0334 0.4473 2.6989 240 240 245
2.0357 0.5190 2.7004 240 240 245
2.0395 0.5868 2.6965 240 240 245
2.0301 0.6538 2.7024 240 240 245
2.0338 0.7329 2.7009 240 240 245
2.0235 0.8093 2.7017 240 240 245
2.0344 0.8754 2.6968 240 240 245
2.0443 0.9547 2.6916 240 240 245
2.0350 1.0177 2.7049 240 240 245
2.0317 1.0940 2.7011 240 240 245
2.0328 1.1647 2.6996 240 240 245
2.0372 1.2428 2.7021 240 240 245
2.0396 1.3164 2.7007 240 240 245
2.0411 1.3877 2.7021 240 240 245
2.0309 1.4616 2.7051 240 240 245
2.0353 1.5331 2.7040 240 240 245
2.0319 1.5940 2.6991 240 240 245
2.0426 1.6813 2.7007 240 240 245
2.0345 1.7511 2.7014 240 240 245
2.0425 1.8221 2.6970 240 240 245
2.0411 1.8813 2.7000 240 240 245
2.0350 1.9645 2.7006 240 240 245
2.0391 2.0339 2.7022 240 240 245
2.0337 2.1117 2.7012 240 240 245
2.0355 2.1779 2.7007 240 240 245
2.0383 2.2598 2.7015 240 240 245
2.0428 2.3354 2.6965 240 240 245
2.0338 2.4054 2.7012 240 240 245
2.0274 2.4791 2.6969 240 240 245
2.0362 2.5555 2.7009 240 240 245
2.0342 2.6207 2.6985 240 240 245
2.0369 2.6978 2.7016 240 240 245
2.0237 2.7676 2.6942 240 240 245
2.0340 2.8329 2.7008 240 240 245
2.0384 2.9227 2.7035 240 240 245
2.0328 2.9925 2.6945 240 240 245
2.0430 3.0563 2.7005 240 240 245
2.0370 3.1430 2.7002 240 240 245
2.0338 3.1964 2.7070 240 240 245
2.0284 3.2885 2.6985 240 240 245
2.0351 3.3533 2.7019 240 240 245
2.0365 3.4264 2.6935 240 240 245
2.0402 3.4952 2.6991 240 240 245
2.0373 3.5650 2.7042 240 240 245
2.0313 3.6434 2.7036 240 240 245
2.0327 3.7131 2.6978 240 240 245
2.0358 3.7875 2.6982 240 240 245
2.0331 3.8621 2.6930 240 240 245
2.0299 3.9258 2.6979 240 240 245
2.0336 4.0187 2.6986 240 240 245
2.0351 4.0784 2.6983 240 240 245
2.0370 4.1546 2.7040 240 240 245
2.0442 4.2386 2.7014 240 240 245
2.0295 4.2959 2.6982 240 240 245
2.1105 0.0075 2.7027 240 240 245
2.1035 0.0809 2.7012 240 240 245
2.0951 0.1444 2.6984 240 240 245
2.1119 0.2125 2.7005 240 240 245
2.1074 0.2936 2.6967 240 240 245
2.1019 0.3692 2.6969 240 240 245
2.1092 0.4432 2.7042 240 240 245
2.1037 0.5072 2.7003 240 240 245
2.1191 0.5816 2.6925 240 240 245
2.1031 0.6565 2.7039 240 240 245
2.1149 0.7248 2.6966 240 240 245
2.1115 0.8034 2.7025 240 240 245
2.1069 0.8756 2.6987 240 240 245
2.1078 0.9520 2.6996 240 240 245
2.1091 1.0213 2.6967 240 240 245
2.1082 1.0958 2.6978 240 240 245
2.1123 1.1798 2.6999 240 240 245
2.1081 1.2423 2.7031 240 240 245
2.1079 1.3098 2.6936 240 240 245
2.1062 1.3816 2.7034 240 240 245
2.1110 1.4584 2.7009 240 240 245
2.1021 1.5292 2.7041 240 240 245
2.1131 1.6052 2.7027 240 240 245
2.1060 1.6769 2.7042 240 240 245
2.1070 1.7419 2.6950 240 240 245
2.1049 1.8309 2.7043 240 240 245
2.1132 1.8959 2.7020 240 240 245
2.1138 1.9669 2.7002 240 240 245
2.1121 2.0421 2.6979 240 240 245
2.1153 2.1072 2.7017 240 240 245
2.1063 2.1723 2.7007 240 240 245
2.1060 2.2519 2.7008 240 240 245
2.1085 2.3310 2.7051 240 240 245
2.1125 2.4071 2.6945 240 240 245
2.1139 2.4899 2.6996 240 240 245
2.1038 2.5483 2.6996 240 240 245
2.1131 2.6287 2.7027 240 240 245
2.1083 2.6999 2.7033 240 240 245
2.1182 2.7654 2.6983 240 240 245
2.1079 2.8394 2.7021 240 240 245
2.1108 2.9166 2.7058 240 240 245
2.1152 2.9931 2.7010 240 240 245
2.1101 3.0613 2.6983 240 240 245
2.0994 3.1319 2.7002 240 240 245
2.1207 3.2179 2.6982 240 240 245
2.1045 3.2805 2.7060 240 240 245
2.1062 3.3598 2.6990 240 240 245
2.1113 3.4342 2.7028 240 240 245
2.1127 3.4942 2.7023 240 240 245
2.1077 3.5735 2.6999 240 240 245
2.1131 3.6420 2.7028 240 240 245
2.1022 3.7138 2.7013 240 240 245
2.1032 3.7881 2.6987 240 240 245
2.1128 3.8591 2.7023 240 240 245
2.1162 3.9338 2.6999 240 240 245
2.1128 4.0091 2.6997 240 240 245
2.1127 4.0834 2.7009 240 240 245
2.1106 4.1495 2.6992 240 240 245
2.1103 4.2288 2.6997 240 240 245
2.1037 4.2968 2.7015 240 240 245
2.1840 0.0027 2.6995 240 240 245
2.1832 0.0734 2.7030 240 240 245
2.1923 0.1464 2.7001 240 240 245
2.1787 0.2157 2.6977 240 240 245
2.1824 0.2983 2.6941 240 240 245
2.1885 0.3699 2.7030 240 240 245
2.1868 0.4407 2.7002 240 240 245
2.1867 0.5072 2.7022 240 240 245
2.1905 0.5800 2.7005 240 240 245
2.1908 0.6585 2.7016 240 240 245
2.1858 0.7236 2.7013 240 240 245
2.1818 0.8035 2.6988 240 240 245
2.1862 0.8663 2.7013 240 240 245
2.1901 0.9453 2.6987 240 240 245
2.1781 1.0213 2.7010 240 240 245
2.1895 1.0880 2.7030 240 240 245
2.1914 1.1607 2.7033 240 240 245
2.1851 1.2441 2.7027 240 240 245
2.1913 1.3089 2.6966 240 240 245
2.1801 1.3882 2.7014 240 240 245
2.1900 1.4586 2.7013 240 240 245
2.1848 1.5319 2.7062 240 240 245
2.1856 1.6013 2.6956 240 240 245
2.1926 1.6777 2.7050 240 240 245
2.1907 1.7494 2.6985 240 240 245
2.1772 1.8280 2.6966 240 240 245
2.1890 1.8872 2.7054 240 240 245
2.1865 1.9713 2.6956 240 240 245
2.1903 2.0432 2.6995 240 240 245
2.1831 2.1154 2.7009 240 240 245
2.1940 2.1866 2.6949 240 240 245
2.1828 2.2580 2.7012 240 240 245
2.1900 2.3258 2.6996 240 240 245
2.1958 2.4057 2.6984 240 240 245
2.1802 2.4750 2.6993 240 240 245
2.1833 2.5595 2.6989 240 240 245
2.1890 2.6203 2.6974 240 240 245
2.1814 2.6958 2.6983 240 240 245
2.1828 2.7663 2.6999 240 240 245
2.1902 2.8360 2.6999 240 240 245
2.1820 2.9157 2.6995 240 240 245
2.1756 2.9938 2.7004 240 240 245
2.1837 3.0610 2.7019 240 240 245
2.1894 3.1361 2.7027 240 240 245
2.1890 3.2119 2.7017 240 240 245
2.1828 3.2764 2.6980 240 240 245
2.1857 3.3570 2.7016 240 240 245
2.1839 3.4276 2.6989 240 240 245
2.1830 3.4978 2.7034 240 240 245
2.1851 3.5718 2.7009 240 240 245
2.1907 3.6331 2.7029 240 240 245
2.1836 3.7102 2.7013 240 240 245
2.1958 3.7955 2.6960 240 240 245
2.1879 3.8588 2.7015 240 240 245
2.1805 3.9448 2.7033 240 240 245
2.1805 4.0099 2.7002 240 240 245
2.1863 4.0728 2.7048 240 240 245
2.1850 4.1573 2.6992 240 240 245
2.1909 4.2334 2.6982 240 240 245
2.1845 4.2997 2.6990 240 240 245
2.2654 0.0077 2.6989 240 240 245
2.2650 0.0720 2.6999 240 240 245
2.2525 0.1446 2.6971 240 240 245
2.2544 0.2188 2.6997 240 240 245
2.2591 0.2884 2.6980 240 240 245
2.2585 0.3651 2.6985 240 240 245
2.2570 0.4377 2.6979 240 240 245
2.2615 0.5036 2.7013 240 240 245
2.2566 0.5855 2.7029 240 240 245
2.2568 0.6652 2.6940 240 240 245
2.2594 0.7329 2.6975 240 240 245
2.2630 0.8080 2.7026 240 240 245
2.2606 0.8742 2.7022 240 240 245
2.2727 0.9499 2.7010 240 240 245
2.2556 1.0207 2.6972 240 240 245
2.2535 1.0934 2.6996 240 240 245
2.2587 1.1628 2.7012 240 240 245
2.2535 1.2405 2.6988 240 240 245
2.2702 1.3101 2.7009 240 240 245
2.2614 1.3857 2.7010 240 240 245
2.2570 1.4536 2.7021 240 240 245
2.2605 1.5281 2.6993 240 240 245
2.2579 1.6048 2.6977 240 240 245
2.2647 1.6656 2.6999 240 240 245
2.2511 1.7501 2.7019 240 240 245
2.2683 1.8297 2.7017 240 240 245
2.2707 1.8903 2.6939 240 240 245
2.2556 1.9680 2.7028 240 240 245
2.2646 2.0448 2.7005 240 240 245
2.2611 2.1116 2.6964 240 240 245
2.2602 2.1898 2.6989 240 240 245
2.2666 2.2570 2.6970 240 240 245
2.2637 2.3335 2.7002 240 240 245
2.2623 2.4132 2.6990 240 240 245
2.2664 2.4795 2.7004 240 240 245
2.2586 2.5410 2.7021 240 240 245
2.2618 2.6198 2.6988 240 240 245
2.2558 2.7003 2.6986 240 240 245
2.2681 2.7679 2.6960 240 240 245
2.2656 2.8435 2.6969 240 240 245
2.2640 2.9157 2.7012 240 240 245
2.2602 2.9920 2.7055 240 240 245
2.2532 3.0653 2.7016 240 240 245
2.2735 3.1300 2.7014 240 240 245
2.2615 3.2148 2.6977 240 240 245
2.2625 3.2797 2.6990 240 240 245
2.2581 3.3507 2.6999 240 240 245
2.2679 3.4272 2.7023 240 240 245
2.2629 3.4997 2.6997 240 240 245
2.2616 3.5631 2.6966 240 240 245
2.2698 3.6421 2.7020 240 240 245
2.2629 3.7182 2.7002 240 240 245
2.2581 3.7934 2.6989 240 240 245
2.2574 3.8683 2.6972 240 240 245
2.2598 3.9415 2.6999 240 240 245
2.2553 4.0085 2.7049 240 240 245
2.2614 4.0827 2.6988 240 240 245
2.2617 4.1596 2.6988 240 240 245
2.2524 4.2255 2.6984 240 240 245
2.2655 4.3047 2.6981 240 240 245
2.3311 0.0009 2.6927 240 240 245
2.3340 0.0718 2.7012 240 240 245
2.3461 0.1453 2.6985 240 240 245
2.3378 0.2157 2.7025 240 240 245
2.3352 0.2989 2.6960 240 240 245
2.3361 0.3670 2.6978 240 240 245
2.3361 0.4380 2.6970 240 240 245
2.3286 0.5144 2.7051 240 240 245
2.3344 0.5904 2.6997 240 240 245
2.3447 0.6582 2.7018 240 240 245
2.3397 0.7437 2.6976 240 240 245
2.3330 0.8034 2.7009 240 240 245
2.3401 0.8705 2.7015 240 240 245
2.3245 0.9449 2.6982 240 240 245
2.3326 1.0130 2.6969 240 240 245
2.3356 1.0925 2.6971 240 240 245
2.3369 1.1669 2.7034 240 240 245
2.3433 1.2370 2.7014 240 240 245
2.3324 1.3078 2.7002 240 240 245
2.3330 1.3849 2.6988 240 240 245
2.3361 1.4597 2.7009 240 240 245
2.3343 1.5246 2.6952 240 240 245
2.3388 1.6049 2.7011 240 240 245
2.3429 1.6714 2.6993 240 240 245
2.3376 1.7525 2.7017 240 240 245
2.3447 1.8204 2.6996 240 240 245
2.3390 1.9017 2.7012 240 240 245
2.3359 1.9660 2.6975 240 240 245
2.3286 2.0407 2.6991 240 240 245
2.3319 2.1131 2.6948 240 240 245
2.3434 2.1870 2.7006 240 240 245
2.3341 2.2555 2.7029 240 240 245
2.3451 2.3344 2.7070 240 240 245
2.3364 2.4067 2.7074 240 240 245
2.3440 2.4776 2.7019 240 240 245
2.3417 2.5520 2.6982 240 240 245
2.3342 2.6207 2.7030 240 240 245
2.3395 2.7004 2.6996 240 240 245
2.3371 2.7712 2.6958 240 240 245
2.3322 2.8353 2.7019 240 240 245
2.3405 2.9108 2.7049 240 240 245
2.3421 2.9904 2.7010 240 240 245
2.3408 3.0511 2.7002 240 240 245
2.3347 3.1373 2.6995 240 240 245
2.3393 3.2100 2.6995 240 240 245
2.3378 3.2739 2.6963 240 240 245
2.3385 3.3580 2.7019 240 240 245
2.3411 3.4327 2.6962 240 240 245
2.3285 3.5019 2.7054 240 240 245
2.3469 3.5785 2.6996 240 240 245
2.3405 3.6470 2.6997 240 240 245
2.3360 3.7116 2.6980 240 240 245
2.3399 3.7960 2.6936 240 240 245
2.3389 3.8591 2.6977 240 240 245
2.3308 3.9396 2.7037 240 240 245
2.3394 4.0093 2.7010 240 240 245
2.3385 4.0801 2.7008 240 240 245
2.3423 4.1505 2.7050 240 240 245
2.3303 4.2306 2.6999 240 240 245
2.3331 4.3024 2.6983 240 240 245
2.4100 0.0037 2.7033 240 240 245
2.4025 0.0731 2.7030 240 240 245
2.4135 0.1478 2.7037 240 240 245
2.4123 0.2252 2.6974 240 240 245
2.4168 0.2864 2.7000 240 240 245
2.4082 0.3566 2.6976 240 240 245
2.4143 0.4325 2.6995 240 240 245
2.4091 0.5040 2.7027 240 240 245
2.4065 0.5900 2.6999 240 240 245
2.4140 0.6588 2.7003 240 240 245
2.4085 0.7240 2.6948 240 240 245
2.4135 0.8006 2.7050 240 240 245
2.4193 0.8767 2.6962 240 240 245
2.4182 0.9389 2.6996 240 240 245
2.4182 1.0237 2.7005 240 240 245
2.4179 1.0964 2.6965 240 240 245
2.4144 1.1608 2.6992 240 240 245
2.4055 1.2442 2.7060 240 240 245
2.4066 1.3100 2.6999 240 240 245
2.4132 1.3833 2.6948 240 240 245
2.4137 1.4699 2.6991 240 240 245
2.4126 1.5290 2.7015 240 240 245
2.4081 1.6126 2.6935 240 240 245
2.4128 1.6742 2.6997 240 240 245
2.4052 1.7494 2.6979 240 240 245
2.4191 1.8241 2.6985 240 240 245
2.4131 1.8971 2.6973 240 240 245
2.4184 1.9659 2.7038 240 240 245
2.4160 2.0409 2.6971 240 240 245
2.4102 2.1191 2.6916 240 240 245
2.4137 2.1880 2.7001 240 240 245
2.4103 2.2648 2.7043 240 240 245
2.4076 2.3292 2.7005 240 240 245
2.4225 2.4092 2.6971 240 240 245
2.4167 2.4824 2.6991 240 240 245
2.4145 2.5457 2.7012 240 240 245
2.4140 2.6257 2.6951 240 240 245
2.4200 2.6997 2.6958 240 240 245
2.4204 2.7780 2.7029 240 240 245
2.4101 2.8306 2.6979 240 240 245
2.4094 2.9146 2.7003 240 240 245
2.4023 2.9939 2.6954 240 240 245
2.4211 3.0535 2.6992 240 240 245
2.4098 3.1342 2.6982 240 240 245
2.4057 3.2133 2.7007 240 240 245
2.4125 3.2859 2.7028 240 240 245
2.4103 3.3430 2.6988 240 240 245
2.4050 3.4276 2.6989 240 240 245
2.4149 3.4969 2.7021 240 240 245
2.4089 3.5754 2.7034 240 240 245
2.4177 3.6471 2.7070 240 240 245
2.4049 3.7207 2.6968 240 240 245
2.4152 3.7916 2.6990 240 240 245
2.4050 3.8658 2.7001 240 240 245
2.4119 3.9400 2.7031 240 240 245
2.4051 4.0116 2.7014 240 240 245
2.4129 4.0790 2.7062 240 240 245
2.4079 4.1571 2.7013 240 240 245
2.4045 4.2199 2.6967 240 240 245
2.4176 4.2893 2.6958 240 240 245
2.4874 0.0007 2.6992 240 240 245
2.4784 0.0723 2.7009 240 240 245
2.4816 0.1484 2.7022 240 240 245
2.4871 0.2169 2.6998 240 240 245
2.4879 0.2898 2.7049 240 240 245
2.4772 0.3654 2.7021 240 240 245
2.4882 0.4425 2.7033 240 240 245
2.4900 0.5160 2.7014 240 240 245
2.4868 0.5854 2.7015 240 240 245
2.4836 0.6528 2.7023 240 240 245
2.4861 0.7346 2.6993 240 240 245
2.4947 0.8017 2.6987 240 240 245
2.4836 0.8705 2.6998 240 240 245
2.4925 0.9585 2.7029 240 240 245
2.4816 1.0226 2.7047 240 240 245
2.4852 1.0969 2.6961 240 240 245
2.4806 1.1676 2.7037 240 240 245
2.4847 1.2358 2.6999 240 240 245
2.4923 1.3174 2.7029 240 240 245
2.4828 1.3870 2.6986 240 240 245
2.4853 1.4613 2.6977 240 240 245
2.4787 1.5250 2.6995 240 240 245
2.4896 1.6043 2.6987 240 240 245
2.4887 1.6724 2.6969 240 240 245
2.4786 1.7501 2.7052 240 240 245
2.4990 1.8260 2.7017 240 240 245
2.4881 1.8864 2.7049 240 240 245
2.4882 1.9660 2.7048 240 240 245
2.4864 2.0495 2.7001 240 240 245
2.4973 2.1139 2.6996 240 240 245
2.4893 2.1912 2.7002 240 240 245
2.4923 2.2586 2.6944 240 240 245
2.4890 2.3346 2.6988 240 240 245
2.4909 2.4071 2.6972 240 240 245
2.4881 2.4797 2.7021 240 240 245
2.4854 2.5521 2.6974 240 240 245
2.4915 2.6229 2.6997 240 240 245
2.4875 2.6979 2.6968 240 240 245
2.4800 2.7659 2.6990 240 240 245
2.4886 2.8373 2.6986 240 240 245
2.4769 2.9115 2.6998 240 240 245
2.4933 2.9839 2.6951 240 240 245
2.4868 3.0649 2.7030 240 240 245
2.4911 3.1333 2.6958 240 240 245
2.4775 3.2113 2.6959 240 240 245
2.4953 3.2846 2.7017 240 240 245
2.4929 3.3606 2.7002 240 240 245
2.4907 3.4245 2.7018 240 240 245
2.4813 3.5047 2.7001 240 240 245
2.4917 3.5726 2.6995 240 240 245
2.4942 3.6477 2.6980 240 240 245
2.4789 3.7115 2.6954 240 240 245
2.4893 3.7990 2.7003 240 240 245
2.4909 3.8625 2.6986 240 240 245
2.4799 3.9247 2.6961 240 240 245
2.4919 4.0115 2.6952 240 240 245
2.4786 4.0841 2.7061 240 240 245
2.4854 4.1571 2.6961 240 240 245
2.4818 4.2210 2.7002 240 240 245
2.4950 4.3016 2.6989 240 240 245
2.5624 -0.0010 2.6998 240 240 245
2.5574 0.0758 2.7006 240 240 245
2.5652 0.1516 2.7025 240 240 245
2.5578 0.2186 2.7047 240 240 245
2.5612 0.2934 2.6977 240 240 245
2.5541 0.3659 2.6996 240 240 245
2.5583 0.4325 2.6968 240 240 245
2.5739 0.5029 2.7067 240 240 245
2.5635 0.5845 2.7049 240 240 245
2.5551 0.6582 2.6997 240 240 245
2.5718 0.7261 2.7001 240 240 245
2.5599 0.8028 2.6950 240 240 245
2.5650 0.8670 2.6962 240 240 245
2.5611 0.9484 2.6987 240 240 245
2.5687 1.0219 2.6957 240 240 245
2.5547 1.0941 2.6986 240 240 245
2.5561 1.1643 2.6968 240 240 245
2.5690 1.2396 2.6966 240 240 245
2.5603 1.3118 2.7011 240 240 245
2.5565 1.3803 2.6956 240 240 245
2.5590 1.4535 2.6996 240 240 245
2.5610 1.5316 2.7039 240 240 245
2.5567 1.6025 2.6978 240 240 245
2.5539 1.6761 2.7028 240 240 245
2.5606 1.7456 2.6992 240 240 245
2.5581 1.8190 2.6986 240 240 245
2.5681 1.8968 2.7007 240 240 245
2.5667 1.9656 2.7030 240 240 245
2.5648 2.0301 2.6994 240 240 245
2.5599 2.1130 2.7031 240 240 245
2.5617 2.1833 2.7010 240 240 245
2.5624 2.2648 2.6989 240 240 245
2.5523 2.3328 2.7032 240 240 245
2.5610 2.4113 2.6973 240 240 245
2.5647 2.4749 2.7021 240 240 245
2.5576 2.5495 2.7008 240 240 245
2.5591 2.6256 2.7006 240 240 245
2.5574 2.6936 2.7001 240 240 245
2.5592 2.7704 2.6998 240 240 245
2.5603 2.8487 2.7041 240 240 245
2.5636 2.9159 2.7005 240 240 245
2.5609 2.9819 2.7012 240 240 245
2.5680 3.0626 2.7040 240 240 245
2.5641 3.1304 2.6987 240 240 245
2.5727 3.2073 2.7054 240 240 245
2.5618 3.2708 2.7011 240 240 245
2.5623 3.3543 2.6976 240 240 245
2.5570 3.4259 2.6997 240 240 245
2.5738 3.4984 2.7013 240 240 245
2.5592 3.5664 2.6990 240 240 245
2.5623 3.6469 2.7043 240 240 245
2.5650 3.7092 2.6986 240 240 245
2.5574 3.7963 2.6984 240 240 245
2.5554 3.8635 2.7007 240 240 245
2.5626 3.9402 2.7069 240 240 245
2.5623 4.0102 2.7066 240 240 245
2.5677 4.0844 2.7015 240 240 245
2.5584 4.1589 2.6994 240 240 245
2.5636 4.2294 2.7002 240 240 245
2.5699 4.3020 2.7007 240 240 245
2.6335 -0.0140 2.7000 240 240 245
2.6261 0.0764 2.6969 240 240 245
2.6367 0.1542 2.6983 240 240 245
2.6346 0.2180 2.6970 240 240 245
2.6334 0.2975 2.7019 240 240 245
2.6371 0.3649 2.7038 240 240 245
2.6361 0.4333 2.7008 240 240 245
2.6291 0.5129 2.7019 240 240 245
2.6350 0.5883 2.6987 240 240 245
2.6349 0.6555 2.7016 240 240 245
2.6357 0.7416 2.7021 240 240 245
2.6469 0.8031 2.6989 240 240 245
2.6277 0.8733 2.7001 240 240 245
2.6378 0.9579 2.6990 240 240 245
2.6471 1.0281 2.6977 240 240 245
2.6385 1.0863 2.6970 240 240 245
2.6386 1.1760 2.6955 240 240 245
2.6348 1.2437 2.6972 240 240 245
2.6394 1.3161 2.7018 240 240 245
2.6419 1.3827 2.6975 240 240 245
2.6327 1.4559 2.6989 240 240 245
2.6375 1.5319 2.6982 240 240 245
2.6400 1.6012 2.7025 240 240 245
2.6402 1.6749 2.6972 240 240 245
2.6352 1.7510 2.6976 240 240 245
2.6327 1.8193 2.7021 240 240 245
2.6379 1.9031 2.7013 240 240 245
2.6363 1.9645 2.7031 240 240 245
2.6343 2.0445 2.7003 240 240 245
2.6318 2.1074 2.7004 240 240 245
2.6405 2.1858 2.7034 240 240 245
2.6339 2.2652 2.6937 240 240 245
2.6265 2.3344 2.6955 240 240 245
2.6421 2.4026 2.7062 240 240 245
2.6486 2.4835 2.6999 240 240 245
2.6364 2.5546 2.7007 240 240 245
2.6456 2.6175 2.7038 240 240 245
2.6379 2.6958 2.6944 240 240 245
2.6374 2.7658 2.7003 240 240 245
2.6310 2.8393 2.6997 240 240 245
2.6339 2.9186 2.7012 240 240 245
2.6282 2.9881 2.7044 240 240 245
2.6417 3.0665 2.6983 240 240 245
2.6321 3.1387 2.6962 240 240 245
2.6279 3.2114 2.7023 240 240 245
2.6387 3.2844 2.6959 240 240 245
2.6381 3.3510 2.7044 240 240 245
2.6440 3.4252 2.6956 240 240 245
2.6371 3.5014 2.7029 240 240 245
2.6355 3.5729 2.6974 240 240 245
2.6354 3.6404 2.7026 240 240 245
2.6338 3.7134 2.7021 240 240 245
2.6339 3.7843 2.6997 240 240 245
2.6323 3.8647 2.7059 240 240 245
2.6407 3.9311 2.7052 240 240 245
2.6352 4.0113 2.7004 240 240 245
2.6285 4.0810 2.6975 240 240 245
2.6351 4.1562 2.6991 240 240 245
2.6335 4.2288 2.7025 240 240 245
2.6315 4.3023 2.6975 240 240 245
2.7109 -0.0033 2.6984 240 240 245
2.7170 0.0683 2.7045 240 240 245
2.7128 0.1430 2.7031 240 240 245
2.7224 0.2127 2.6982 240 240 245
2.7087 0.2843 2.7016 240 240 245
2.7083 0.3668 2.7036 240 240 245
2.7158 0.4444 2.7022 240 240 245
2.7164 0.5017 2.6974 240 240 245
2.7105 0.5923 2.7044 240 240 245
2.7011 0.6640 2.7017 240 240 245
2.7189 0.7233 2.7019 240 240 245
2.7175 0.7944 2.7027 240 240 245
2.7181 0.8760 2.7052 240 240 245
2.7040 0.9461 2.7105 240 240 245
2.7116 1.0245 2.6984 240 240 245
2.7159 1.0971 2.7016 240 240 245
2.7027 1.1649 2.6963 240 240 245
2.7166 1.2340 2.7044 240 240 245
2.7118 1.3220 2.7010 240 240 245
2.7133 1.3839 2.6976 240 240 245
2.7153 1.4642 2.6987 240 240 245
2.7095 1.5239 2.7029 240 240 245
2.7161 1.5988 2.7053 240 240 245
2.7136 1.6711 2.6983 240 240 245
2.7038 1.7528 2.6940 240 240 245
2.7135 1.8251 2.7019 240 240 245
2.7088 1.8868 2.6984 240 240 245
2.7057 1.9645 2.6975 240 240 245
2.7067 2.0374 2.6988 240 240 245
2.7199 2.1130 2.7043 240 240 245
2.7107 2.1822 2.7011 240 240 245
2.7197 2.2621 2.6991 240 240 245
2.7238 2.3316 2.6988 240 240 245
2.7159 2.4159 2.7052 240 240 245
2.7236 2.4784 2.6979 240 240 245
2.7170 2.5485 2.6988 240 240 245
2.7154 2.6311 2.7033 240 240 245
2.7182 2.6968 2.6946 240 240 245
2.7182 2.7793 2.6996 240 240 245
2.7148 2.8391 2.6980 240 240 245
2.7095 2.9210 2.6960 240 240 245
2.7140 2.9888 2.7030 240 240 245
2.7117 3.0603 2.6997 240 240 245
2.7127 3.1251 2.6965 240 240 245
2.7250 3.2116 2.7011 240 240 245
2.7142 3.2811 2.7029 240 240 245
2.7072 3.3527 2.6944 240 240 245
2.7128 3.4234 2.6988 240 240 245
2.7074 3.5039 2.7030 240 240 245
2.7094 3.5741 2.6989 240 240 245
2.7134 3.6520 2.6961 240 240 245
2.7167 3.7070 2.6998 240 240 245
2.7099 3.7932 2.7032 240 240 245
2.7191 3.8707 2.7010 240 240 245
2.7063 3.9369 2.7000 240 240 245
2.7183 4.0133 2.7006 240 240 245
2.7036 4.0844 2.6979 240 240 245
2.7130 4.1474 2.6968 240 240 245
2.7193 4.2144 2.6986 240 240 245
2.7070 4.2990 2.7039 240 240 245
2.7965 -0.0005 2.6948 240 240 245
2.7842 0.0796 2.7023 240 240 245
2.7930 0.1417 2.7030 240 240 245
2.7881 0.2193 2.7038 240 240 245
2.7825 0.2941 2.7029 240 240 245
2.7797 0.3628 2.6978 240 240 245
2.7974 0.4447 2.6984 240 240 245
2.7879 0.5107 2.6996 240 240 245
2.7935 0.5751 2.7005 240 240 245
2.7840 0.6581 2.6993 240 240 245
2.7851 0.7242 2.7008 240 240 245
2.7890 0.8042 2.6997 240 240 245
2.7855 0.8745 2.7015 240 240 245
2.7949 0.9408 2.7011 240 240 245
2.7815 1.0232 2.6981 240 240 245
2.7992 1.0943 2.6972 240 240 245
2.7850 1.1568 2.6956 240 240 245
2.7880 1.2495 2.7064 240 240 245
2.7917 1.3163 2.6968 240 240 245
2.7914 1.3802 2.7002 240 240 245
2.7922 1.4597 2.6977 240 240 245
2.7912 1.5326 2.7032 240 240 245
2.7911 1.6002 2.7051 240 240 245
2.7896 1.6814 2.7036 240 240 245
2.7914 1.7457 2.7046 240 240 245
2.7864 1.8141 2.7061 240 240 245
2.7894 1.8996 2.7029 240 240 245
2.7929 1.9625 2.7005 240 240 245
2.7854 2.0400 2.6998 240 240 245
2.7891 2.1076 2.6976 240 240 245
2.7785 2.1816 2.6987 240 240 245
2.7859 2.2557 2.7017 240 240 245
2.7873 2.3359 2.6953 240 240 245
2.7867 2.4090 2.6966 240 240 245
2.7896 2.4790 2.7026 240 240 245
2.7915 2.5391 2.7030 240 240 245
2.7852 2.6339 2.6950 240 240 245
2.7916 2.6927 2.6993 240 240 245
2.7901 2.7693 2.6991 240 240 245
2.7935 2.8369 2.7021 240 240 245
2.7880 2.9119 2.7008 240 240 245
2.7878 2.9947 2.7015 240 240 245
2.7833 3.0668 2.7002 240 240 245
2.7931 3.1378 2.7001 240 240 245
2.7854 3.2048 2.6908 240 240 245
2.7884 3.2772 2.6938 240 240 245
2.7834 3.3500 2.7005 240 240 245
2.7854 3.4129 2.6978 240 240 245
2.7895 3.4981 2.7027 240 240 245
2.7912 3.5728 2.6963 240 240 245
2.7884 3.6393 2.6992 240 240 245
2.7826 3.7168 2.7057 240 240 245
2.7918 3.7853 2.6983 240 240 245
2.7909 3.8674 2.7040 240 240 245
2.7850 3.9336 2.7050 240 240 245
2.7896 4.0071 2.6968 240 240 245
2.7906 4.0794 2.6982 240 240 245
2.7902 4.1528 2.6953 240 240 245
2.7967 4.2284 2.7055 240 240 245
2.7899 4.2948 2.7022 240 240 245
2.8664 -0.0081 2.7004 240 240 245
2.8661 0.0739 2.6980 240 240 245
2.8673 0.1466 2.7000 240 240 245
2.8654 0.2166 2.6981 240 240 245
2.8595 0.2962 2.7030 240 240 245
2.8653 0.3676 2.6966 240 240 245
2.8594 0.4418 2.6992 240 240 245
2.8701 0.5146 2.6980 240 240 245
2.8595 0.5752 2.6997 240 240 245
2.8674 0.6562 2.6961 240 240 245
2.8779 0.7283 2.7023 240 240 245
2.8586 0.8001 2.7038 240 240 245
2.8572 0.8777 2.6916 240 240 245
2.8727 0.9370 2.7023 240 240 245
2.8612 1.0159 2.7026 240 240 245
2.8675 1.0987 2.7005 240 240 245
2.8666 1.1805 2.6996 240 240 245
2.8687 1.2392 2.6955 240 240 245
2.8605 1.3145 2.6972 240 240 245
2.8558 1.3834 2.7008 240 240 245
2.8559 1.4584 2.6973 240 240 245
2.8617 1.5288 2.6973 240 240 245
2.8610 1.5970 2.6985 240 240 245
2.8744 1.6784 2.7008 240 240 245
2.8587 1.7429 2.6991 240 240 245
2.8625 1.8239 2.7005 240 240 245
2.8687 1.8977 2.7030 240 240 245
2.8638 1.9659 2.6989 240 240 245
2.8656 2.0404 2.6998 240 240 245
2.8715 2.1101 2.7020 240 240 245
2.8587 2.1862 2.6991 240 240 245
2.8650 2.2564 2.7003 240 240 245
2.8581 2.3325 2.7062 240 240 245
2.8662 2.4016 2.6990 240 240 245
2.8612 2.4791 2.7019 240 240 245
2.8707 2.5479 2.6983 240 240 245
2.8631 2.6169 2.6943 240 240 245
2.8528 2.6871 2.7034 240 240 245
2.8572 2.7597 2.6989 240 240 245
2.8614 2.8436 2.7006 240 240 245
2.8622 2.9055 2.7000 240 240 245
2.8669 2.9804 2.6999 240 240 245
2.8583 3.0698 2.6997 240 240 245
2.8679 3.1455 2.6974 240 240 245
2.8629 3.2032 2.7024 240 240 245
2.8681 3.2726 2.7017 240 240 245
2.8638 3.3569 2.7002 240 240 245
2.8654 3.4184 2.6983 240 240 245
2.8601 3.4976 2.6971 240 240 245
2.8615 3.5802 2.7035 240 240 245
2.8601 3.6452 2.6996 240 240 245
2.8620 3.7198 2.7002 240 240 245
2.8747 3.8005 2.7036 240 240 245
2.8621 3.8569 2.7032 240 240 245
2.8628 3.9429 2.6985 240 240 245
2.8596 4.0060 2.7000 240 240 245
2.8688 4.0826 2.6977 240 240 245
2.8593 4.1505 2.6932 240 240 245
2.8630 4.2297 2.6985 240 240 245
2.8545 4.2958 2.7012 240 240 245
2.9400 -0.0063 2.7003 240 240 245
2.9431 0.0773 2.6989 240 240 245
2.9382 0.1462 2.6963 240 240 245
2.9378 0.2141 2.6982 240 240 245
2.9312 0.2900 2.6975 240 240 245
2.9384 0.3634 2.7040 240 240 245
2.9405 0.4407 2.6994 240 240 245
2.9393 0.5060 2.7038 240 240 245
2.9363 0.5905 2.7038 240 240 245
2.9330 0.6592 2.6976 240 240 245
2.9373 0.7284 2.6940 240 240 245
2.9473 0.8051 2.6963 240 240 245
2.9425 0.8763 2.7003 240 240 245
2.9377 0.9470 2.6988 240 240 245
2.9355 1.0192 2.7009 240 240 245
2.9404 1.0932 2.6963 240 240 245
2.9462 1.1687 2.7045 240 240 245
2.9441 1.2340 2.6935 240 240 245
2.9422 1.3074 2.7017 240 240 245
2.9427 1.3823 2.7053 240 240 245
2.9381 1.4615 2.6986 240 240 245
2.9379 1.5294 2.6997 240 240 245
2.9379 1.6002 2.7055 240 240 245
2.9389 1.6836 2.7013 240 240 245
2.9455 1.7438 2.6939 240 240 245
2.9403 1.8154 2.7003 240 240 245
2.9382 1.8935 2.6985 240 240 245
2.9371 1.9704 2.6992 240 240 245
2.9415 2.0539 2.7023 240 240 245
2.9374 2.1152 2.6978 240 240 245
2.9383 2.1847 2.6974 240 240 245
2.9346 2.2565 2.7078 240 240 245
2.9380 2.3274 2.6983 240 240 245
2.9399 2.3907 2.6992 240 240 245
2.9392 2.4780 2.6985 240 240 245
2.9413 2.5445 2.6991 240 240 245
2.9392 2.6164 2.6992 240 240 245
2.9329 2.6989 2.6965 240 240 245
2.9376 2.7614 2.7051 240 240 245
2.9375 2.8454 2.6968 240 240 245
2.9388 2.9088 2.6948 240 240 245
2.9365 2.9817 2.6989 240 240 245
2.9409 3.0541 2.7018 240 240 245
2.9349 3.1249 2.6999 240 240 245
2.9397 3.2095 2.6997 240 240 245
2.9365 3.2806 2.6982 240 240 245
2.9347 3.3523 2.6994 240 240 245
2.9341 3.4255 2.7032 240 240 245
2.9354 3.4935 2.6948 240 240 245
2.9356 3.5770 2.7010 240 240 245
2.9440 3.6392 2.6981 240 240 245
2.9339 3.7065 2.6999 240 240 245
2.9321 3.7963 2.7071 240 240 245
2.9274 3.8711 2.7045 240 240 245
2.9399 3.9316 2.7029 240 240 245
2.9381 4.0079 2.7034 240 240 245
2.9423 4.0796 2.7010 240 240 245
2.9478 4.1535 2.7035 240 240 245
2.9322 4.2341 2.6955 240 240 245
2.9370 4.3022 2.7021 240 240 245
3.0182 0.0026 2.7007 240 240 245
3.0254 0.0652 2.6941 240 240 245
3.0056 0.1442 2.7076 240 240 245
3.0073 0.2227 2.6997 240 240 245
3.0137 0.2917 2.6994 240 240 245
3.0192 0.3682 2.7040 240 240 245
3.0244 0.4368 2.6997 240 240 245
3.0099 0.5094 2.6944 240 240 245
3.0131 0.5779 2.7000 240 240 245
3.0120 0.6555 2.7021 240 240 245
3.0121 0.7286 2.6983 240 240 245
3.0224 0.8012 2.7042 240 240 245
3.0115 0.8775 2.7025 240 240 245
3.0227 0.9447 2.6987 240 240 245
3.0136 1.0229 2.6981 240 240 245
3.0120 1.0967 2.6969 240 240 245
3.0216 1.1729 2.7040 240 240 245
3.0218 1.2421 2.7016 240 240 245
3.0116 1.3156 2.6970 240 240 245
3.0124 1.3896 2.6975 240 240 245
3.0057 1.4576 2.7033 240 240 245
3.0169 1.5278 2.6967 240 240 245
3.0028 1.6110 2.7005 240 240 245
3.0102 1.6762 2.6995 240 240 245
3.0200 1.7499 2.7000 240 240 245
3.0150 1.8270 2.7000 240 240 245
3.0169 1.8884 2.7026 240 240 245
3.0112 1.9598 2.6965 240 240 245
3.0199 2.0423 2.7015 240 240 245
3.0183 2.1169 2.6974 240 240 245
3.0186 2.1873 2.6977 240 240 245
3.0135 2.2598 2.6966 240 240 245
3.0185 2.3309 2.7007 240 240 245
3.0163 2.3963 2.6987 240 240 245
3.0094 2.4830 2.6960 240 240 245
3.0159 2.5458 2.7027 240 240 245
3.0133 2.6247 2.6999 240 240 245
3.0108 2.7026 2.6995 240 240 245
3.0121 2.7696 2.7049 240 240 245
3.0131 2.8379 2.7000 240 240 245
3.0194 2.9179 2.6959 240 240 245
3.0063 2.9865 2.6995 240 240 245
3.0265 3.0612 2.7002 240 240 245
3.0155 3.1378 2.7002 240 240 245
3.0152 3.2119 2.6992 240 240 245
3.0123 3.2762 2.7029 240 240 245
3.0143 3.3494 2.6968 240 240 245
3.0115 3.4246 2.6959 240 240 245
3.0111 3.4893 2.6985 240 240 245
3.0100 3.5702 2.6922 240 240 245
3.0300 3.6428 2.7040 240 240 245
3.0151 3.7181 2.7011 240 240 245
3.0218 3.8010 2.6990 240 240 245
3.0196 3.8691 2.7003 240 240 245
3.0037 3.9394 2.6995 240 240 245
3.0166 4.0023 2.7005 240 240 245
3.0234 4.0887 2.7027 240 240 245
3.0176 4.1579 2.7010 240 240 245
3.0124 4.2339 2.7013 240 240 245
3.0189 4.3063 2.7039 240 240 245
3.0806 0.0028 2.6989 240 240 245
3.0934 0.0641 2.7011 240 240 245
3.0961 0.1484 2.6975 240 240 245
3.0918 0.2258 2.6985 240 240 245
3.0874 0.2907 2.7007 240 240 245
3.0889 0.3570 2.7023 240 240 245
3.0940 0.4428 2.6954 240 240 245
3.0828 0.5191 2.7023 240 240 245
3.0876 0.5857 2.6983 240 240 245
3.0864 0.6556 2.7011 240 240 245
3.0966 0.7346 2.6967 240 240 245
3.0876 0.8084 2.7007 240 240 245
3.0888 0.8707 2.6955 240 240 245
3.0955 0.9453 2.6985 240 240 245
3.0837 1.0187 2.7046 240 240 245
3.0839 1.0923 2.6994 240 240 245
3.0945 1.1630 2.7036 240 240 245
3.0860 1.2370 2.6965 240 240 245
3.0934 1.3023 2.7004 240 240 245
3.0912 1.3857 2.6970 240 240 245
3.0919 1.4578 2.6996 240 240 245
3.0973 1.5277 2.6966 240 240 245
3.0896 1.6006 2.6971 240 240 245
3.0792 1.6751 2.7053 240 240 245
3.0816 1.7412 2.6952 240 240 245
3.0858 1.8246 2.7038 240 240 245
3.0945 1.8821 2.7071 240 240 245
3.0900 1.9668 2.6998 240 240 245
3.0811 2.0410 2.6970 240 240 245
3.0860 2.1209 2.6970 240 240 245
3.0951 2.1856 2.7049 240 240 245
3.0905 2.2688 2.6992 240 240 245
3.0909 2.3275 2.6997 240 240 245
3.0908 2.4094 2.6997 240 240 245
3.0950 2.4778 2.7041 240 240 245
3.0809 2.5544 2.6985 240 240 245
3.0886 2.6236 2.7018 240 240 245
3.0907 2.6950 2.6995 240 240 245
3.0890 2.7585 2.7005 240 240 245
3.0961 2.8426 2.7049 240 240 245
3.0843 2.9147 2.7010 240 240 245
3.0887 2.9914 2.7027 240 240 245
3.0936 3.0626 2.6994 240 240 245
3.0972 3.1294 2.7032 240 240 245
3.0932 3.2008 2.6969 240 240 245
3.0824 3.2854 2.7040 240 240 245
3.0873 3.3590 2.6992 240 240 245
3.0878 3.4233 2.6958 240 240 245
3.0821 3.4914 2.6999 240 240 245
3.0786 3.5701 2.6987 240 240 245
3.0886 3.6437 2.6996 240 240 245
3.0874 3.7114 2.6950 240 240 245
3.0924 3.7890 2.6991 240 240 245
3.0816 3.8585 2.7017 240 240 245
3.0905 3.9313 2.7003 240 240 245
3.0884 4.0078 2.7002 240 240 245
3.0803 4.0861 2.7027 240 240 245
3.0940 4.1652 2.6975 240 240 245
3.0801 4.2326 2.7037 240 240 245
3.0892 4.3015 2.7029 240 240 245
3.1660 -0.0053 2.6946 240 240 245
3.1724 0.0685 2.6975 240 240 245
3.1564 0.1508 2.7022 240 240 245
3.1566 0.2211 2.7034 240 240 245
3.1726 0.2898 2.7032 240 240 245
3.1685 0.3592 2.6975 240 240 245
3.1665 0.4316 2.7049 240 240 245
3.1674 0.5089 2.7050 240 240 245
3.1691 0.5799 2.6961 240 240 245
3.1649 0.6565 2.7007 240 240 245
3.1582 0.7347 2.7031 240 240 245
3.1614 0.8046 2.7003 240 240 245
3.1675 0.8710 2.7019 240 240 245
3.1656 0.9392 2.7004 240 240 245
3.1656 1.0176 2.7030 240 240 245
3.1736 1.0875 2.7003 240 240 245
3.1580 1.1665 2.7036 240 240 245
3.1622 1.2459 2.7006 240 240 245
3.1685 1.3078 2.7003 240 240 245
3.1568 1.3832 2.7003 240 240 245
3.1719 1.4577 2.7022 240 240 245
3.1754 1.5342 2.6984 240 240 245
3.1628 1.6031 2.6976 240 240 245
3.1708 1.6846 2.6962 240 240 245
3.1746 1.7521 2.6995 240 240 245
3.1582 1.8186 2.7051 240 240 245
3.1670 1.8976 2.6975 240 240 245
3.1671 1.9673 2.7017 240 240 245
3.1644 2.0448 2.6945 240 240 245
3.1714 2.1085 2.7029 240 240 245
3.1599 2.1839 2.7011 240 240 245
3.1596 2.2656 2.6966 240 240 245
3.1710 2.3314 2.6995 240 240 245
3.1628 2.4010 2.6988 240 240 245
3.1629 2.4678 2.6941 240 240 245
3.1717 2.5553 2.7041 240 240 245
3.1638 2.6261 2.6963 240 240 245
3.1733 2.7004 2.6986 240 240 245
3.1619 2.7800 2.6997 240 240 245
3.1655 2.8371 2.6973 240 240 245
3.1638 2.9134 2.7067 240 240 245
3.1672 2.9903 2.7038 240 240 245
3.1619 3.0640 2.6984 240 240 245
3.1694 3.1283 2.7005 240 240 245
3.1618 3.2009 2.6962 240 240 245
3.1701 3.2842 2.6980 240 240 245
3.1707 3.3604 2.6970 240 240 245
3.1659 3.4182 2.7019 240 240 245
3.1621 3.4950 2.7010 240 240 245
3.1692 3.5732 2.7039 240 240 245
3.1581 3.6427 2.6984 240 240 245
3.1646 3.7169 2.7024 240 240 245
3.1582 3.8001 2.6931 240 240 245
3.1693 3.8590 2.6972 240 240 245
3.1641 3.9426 2.6999 240 240 245
3.1711 4.0049 2.6980 240 240 245
3.1654 4.0777 2.6949 240 240 245
3.1576 4.1545 2.7039 240 240 245
3.1616 4.2374 2.7035 240 240 245
3.1672 4.3049 2.7011 240 240 245
3.2403 0.0014 2.6984 240 240 245
3.2497 0.0716 2.6933 240 240 245
3.2364 0.1472 2.7032 240 240 245
3.2354 0.2173 2.6959 240 240 245
3.2303 0.2960 2.6988 240 240 245
3.2449 0.3686 2.7011 240 240 245
3.2382 0.4406 2.6962 240 240 245
3.2455 0.5123 2.7022 240 240 245
3.2371 0.5882 2.6999 240 240 245
3.2393 0.6583 2.7061 240 240 245
3.2434 0.7301 2.6973 240 240 245
3.2449 0.7997 2.7006 240 240 245
3.2322 0.8724 2.7008 240 240 245
3.2436 0.9515 2.7035 240 240 245
3.2337 1.0207 2.6975 240 240 245
3.2390 1.0919 2.7039 240 240 245
3.2423 1.1651 2.6997 240 240 245
3.2406 1.2322 2.7036 240 240 245
3.2388 1.3138 2.6979 240 240 245
3.2369 1.3885 2.7010 240 240 245
3.2364 1.4490 2.6936 240 240 245
3.2378 1.5286 2.6970 240 240 245
3.2525 1.6068 2.7013 240 240 245
3.2425 1.6751 2.7022 240 240 245
3.2476 1.7529 2.7017 240 240 245
3.2417 1.8159 2.7025 240 240 245
3.2425 1.9034 2.7031 240 240 245
3.2376 1.9689 2.7002 240 240 245
3.2357 2.0394 2.7046 240 240 245
3.2515 2.1204 2.7035 240 240 245
3.2475 2.1912 2.6987 240 240 245
3.2407 2.2607 2.6990 240 240 245
3.2310 2.3262 2.7012 240 240 245
3.2408 2.4034 2.6999 240 240 245
3.2448 2.4768 2.6990 240 240 245
3.2387 2.5527 2.7054 240 240 245
3.2417 2.6244 2.7054 240 240 245
3.2426 2.6993 2.7022 240 240 245
3.2415 2.7655 2.7041 240 240 245
3.2555 2.8348 2.6933 240 240 245
3.2421 2.9210 2.7001 240 240 245
3.2465 2.9776 2.7007 240 240 245
3.2333 3.0689 2.7035 240 240 245
3.2414 3.1373 2.7012 240 240 245
3.2347 3.2074 2.6977 240 240 245
3.2437 3.2756 2.7033 240 240 245
3.2433 3.3508 2.6944 240 240 245
3.2395 3.4166 2.7005 240 240 245
3.2321 3.5005 2.7006 240 240 245
3.2326 3.5691 2.7008 240 240 245
3.2443 3.6486 2.7029 240 240 245
3.2373 3.7199 2.6966 240 240 245
3.2427 3.7800 2.7024 240 240 245
3.2392 3.8616 2.6967 240 240 245
3.2426 3.9333 2.7044 240 240 245
3.2444 4.0086 2.7014 240 240 245
3.2451 4.0869 2.6963 240 240 245
3.2434 4.1596 2.7005 240 240 245
3.2267 4.2323 2.7029 240 240 245
3.2474 4.3015 2.7018 240 240 245
3.3167 0.0067 2.6972 240 240 245
3.3253 0.0679 2.6975 240 240 245
3.3132 0.1436 2.6991 240 240 245
3.3224 0.2145 2.6944 240 240 245
3.3175 0.2791 2.7003 240 240 245
3.3168 0.3661 2.7022 240 240 245
3.3198 0.4359 2.7018 240 240 245
3.3150 0.5060 2.6994 240 240 245
3.3167 0.5811 2.6969 240 240 245
3.3118 0.6574 2.7008 240 240 245
3.3127 0.7286 2.6967 240 240 245
3.3103 0.7922 2.7019 240 240 245
3.3181 0.8700 2.6999 240 240 245
3.3188 0.9462 2.7015 240 240 245
3.3172 1.0169 2.7066 240 240 245
3.3125 1.0863 2.6914 240 240 245
3.3214 1.1675 2.6954 240 240 245
3.3163 1.2420 2.6965 240 240 245
3.3217 1.3092 2.6976 240 240 245
3.3154 1.3873 2.7023 240 240 245
3.3166 1.4487 2.6942 240 240 245
3.3174 1.5347 2.7000 240 240 245
3.3185 1.5984 2.6980 240 240 245
3.3187 1.6784 2.6946 240 240 245
3.3143 1.7569 2.6946 240 240 245
3.3099 1.8252 2.6971 240 240 245
3.3106 1.8916 2.7002 240 240 245
3.3205 1.9687 2.7009 240 240 245
3.3122 2.0280 2.7026 240 240 245
3.3261 2.1106 2.7020 240 240 245
3.3081 2.1884 2.6975 240 240 245
3.3165 2.2644 2.6989 240 240 245
3.3165 2.3337 2.7038 240 240 245
3.3144 2.4058 2.6982 240 240 245
3.3133 2.4795 2.7023 240 240 245
3.3221 2.5574 2.7007 240 240 245
3.3138 2.6217 2.7005 240 240 245
3.3065 2.7024 2.7006 240 240 245
3.3069 2.7621 2.6968 240 240 245
3.3137 2.8372 2.7010 240 240 245
3.3143 2.9143 2.7043 240 240 245
3.3102 2.9945 2.6992 240 240 245
3.3171 3.0736 2.7022 240 240 245
3.3101 3.1289 2.6962 240 240 245
3.3226 3.2068 2.6920 240 240 245
3.3220 3.2794 2.7014 240 240 245
3.3209 3.3489 2.6968 240 240 245
3.3202 3.4285 2.6970 240 240 245
3.3193 3.4982 2.7011 240 240 245
3.3099 3.5702 2.7009 240 240 245
3.3154 3.6482 2.6968 240 240 245
3.3178 3.7132 2.7023 240 240 245
3.3142 3.7838 2.6966 240 240 245
3.3141 3.8621 2.7036 240 240 245
3.3221 3.9360 2.6978 240 240 245
3.3179 4.0060 2.6990 240 240 245
3.3150 4.0850 2.7009 240 240 245
3.3054 4.1596 2.6941 240 240 245
3.3111 4.2269 2.7004 240 240 245
3.3217 4.3063 2.6975 240 240 245
3.3870 0.0032 2.7028 240 240 245
3.3971 0.0805 2.6964 240 240 245
3.3906 0.1420 2.7073 240 240 245
3.3937 0.2217 2.7018 240 240 245
3.4036 0.2925 2.6954 240 240 245
3.3985 0.3686 2.7024 240 240 245
3.3911 0.4323 2.7035 240 240 245
3.3830 0.5207 2.6949 240 240 245
3.3925 0.5807 2.6993 240 240 245
3.3888 0.6560 2.6996 240 240 245
3.3974 0.7261 2.7044 240 240 245
3.4050 0.7960 2.6988 240 240 245
3.3885 0.8812 2.7057 240 240 245
3.3867 0.9439 2.7002 240 240 245
3.3954 1.0172 2.7044 240 240 245
3.3849 1.0955 2.7015 240 240 245
3.3951 1.1690 2.6996 240 240 245
3.3963 1.2348 2.6971 240 240 245
3.3871 1.3175 2.6962 240 240 245
3.3936 1.3745 2.7034 240 240 245
3.3861 1.4642 2.7047 240 240 245
3.3917 1.5273 2.7034 240 240 245
3.3911 1.6044 2.7038 240 240 245
3.3905 1.6764 2.6967 240 240 245
3.3887 1.7458 2.7028 240 240 245
3.3969 1.8211 2.7009 240 240 245
3.3869 1.8921 2.7035 240 240 245
3.3908 1.9690 2.7024 240 240 245
3.3897 2.0394 2.7001 240 240 245
3.3990 2.1175 2.7022 240 240 245
3.3901 2.1804 2.7018 240 240 245
3.3905 2.2561 2.7009 240 240 245
3.3952 2.3348 2.7006 240 240 245
3.3851 2.4070 2.7005 240 240 245
3.3928 2.4784 2.7007 240 240 245
3.3858 2.5393 2.6985 240 240 245
3.3834 2.6187 2.7047 240 240 245
3.3893 2.6985 2.6999 240 240 245
3.3931 2.7722 2.6962 240 240 245
3.3895 2.8364 2.7011 240 240 245
3.3941 2.9174 2.6944 240 240 245
3.3870 2.9793 2.7046 240 240 245
3.3825 3.0591 2.6994 240 240 245
3.3957 3.1330 2.7039 240 240 245
3.3937 3.2112 2.6927 240 240 245
3.3939 3.2736 2.6971 240 240 245
3.3943 3.3460 2.6962 240 240 245
3.3841 3.4201 2.6999 240 240 245
3.3903 3.4911 2.6995 240 240 245
3.3835 3.5654 2.7008 240 240 245
3.3891 3.6367 2.7038 240 240 245
3.4002 3.7154 2.6992 240 240 245
3.3961 3.7940 2.7019 240 240 245
3.3916 3.8554 2.7008 240 240 245
3.3926 3.9393 2.6993 240 240 245
3.3947 4.0012 2.7022 240 240 245
3.3868 4.0877 2.6977 240 240 245
3.3961 4.1524 2.6950 240 240 245
3.3954 4.2151 2.6976 240 240 245
3.3895 4.2990 2.7037 240 240 245
3.4623 -0.0015 2.6962 240 240 245
3.4666 0.0739 2.6929 240 240 245
3.4678 0.1379 2.7007 240 240 245
3.4639 0.2183 2.6958 240 240 245
3.4633 0.2908 2.6974 240 240 245
3.4641 0.3624 2.6995 240 240 245
3.4625 0.4351 2.7037 240 240 245
3.4735 0.5122 2.6942 240 240 245
3.4701 0.5837 2.7007 240 240 245
3.4725 0.6565 2.7001 240 240 245
3.4627 0.7236 2.7012 240 240 245
3.4689 0.7957 2.6997 240 240 245
3.4657 0.8730 2.6965 240 240 245
3.4669 0.9502 2.7022 240 240 245
3.4673 1.0213 2.7001 240 240 245
3.4694 1.0875 2.7024 240 240 245
3.4701 1.1754 2.7015 240 240 245
3.4587 1.2328 2.6923 240 240 245
3.4639 1.3052 2.6949 240 240 245
3.4610 1.3755 2.7008 240 240 245
3.4747 1.4699 2.6949 240 240 245
3.4655 1.5356 2.6994 240 240 245
3.4779 1.6059 2.6983 240 240 245
3.4670 1.6791 2.7003 240 240 245
3.4663 1.7444 2.7006 240 240 245
3.4726 1.8200 2.6985 240 240 245
3.4661 1.8969 2.7041 240 240 245
3.4599 1.9607 2.7001 240 240 245
3.4649 2.0415 2.7014 240 240 245
3.4627 2.1123 2.7022 240 240 245
3.4634 2.1848 2.7058 240 240 245
3.4639 2.2675 2.7045 240 240 245
3.4744 2.3372 2.7006 240 240 245
3.4636 2.4045 2.7014 240 240 245
3.4614 2.4760 2.6934 240 240 245
3.4663 2.5503 2.7012 240 240 245
3.4680 2.6223 2.6963 240 240 245
3.4757 2.6888 2.7015 240 240 245
3.4582 2.7661 2.6988 240 240 245
3.4738 2.8426 2.7006 240 240 245
3.4671 2.9079 2.6978 240 240 245
3.4714 2.9933 2.6970 240 240 245
3.4675 3.0620 2.6983 240 240 245
3.4695 3.1246 2.7003 240 240 245
3.4729 3.2026 2.7053 240 240 245
3.4769 3.2773 2.6986 240 240 245
3.4602 3.3614 2.7012 240 240 245
3.4598 3.4203 2.6959 240 240 245
3.4687 3.4906 2.6967 240 240 245
3.4660 3.5692 2.6984 240 240 245
3.4716 3.6453 2.7021 240 240 245
3.4703 3.7208 2.6975 240 240 245
3.4687 3.7833 2.7060 240 240 245
3.4735 3.8523 2.7052 240 240 245
3.4692 3.9432 2.7006 240 240 245
3.4687 4.0128 2.7029 240 240 245
3.4645 4.0846 2.6984 240 240 245
3.4696 4.1582 2.7029 240 240 245
3.4678 4.2170 2.6979 240 240 245
3.4592 4.3024 2.6988 240 240 245
3.5407 0.0006 2.6996 240 240 245
3.5407 0.0738 2.7046 240 240 245
3.5492 0.1369 2.7044 240 240 245
3.5477 0.2200 2.6997 240 240 245
3.5354 0.2912 2.6931 240 240 245
3.5419 0.3600 2.7025 240 240 245
3.5421 0.4378 2.7018 240 240 245
3.5376 0.5104 2.7047 240 240 245
3.5464 0.5883 2.6985 240 240 245
3.5404 0.6528 2.6980 240 240 245
3.5310 0.7230 2.6957 240 240 245
3.5384 0.7903 2.6994 240 240 245
3.5473 0.8707 2.7022 240 240 245
3.5350 0.9510 2.6963 240 240 245
3.5490 1.0184 2.7003 240 240 245
3.5449 1.0900 2.6964 240 240 245
3.5314 1.1600 2.6982 240 240 245
3.5484 1.2389 2.6989 240 240 245
3.5346 1.3190 2.6988 240 240 245
3.5526 1.3878 2.7025 240 240 245
3.5499 1.4532 2.7034 240 240 245
3.5356 1.5274 2.6987 240 240 245
3.5460 1.6096 2.7025 240 240 245
3.5429 1.6760 2.6982 240 240 245
3.5472 1.7463 2.7014 240 240 245
3.5442 1.8243 2.7062 240 240 245
3.5456 1.8986 2.6992 240 240 245
3.5385 1.9695 2.6958 240 240 245
3.5429 2.0308 2.6935 240 240 245
3.5479 2.1244 2.6947 240 240 245
3.5475 2.1995 2.7013 240 240 245
3.5473 2.2558 2.7026 240 240 245
3.5430 2.3345 2.6984 240 240 245
3.5392 2.4104 2.6955 240 240 245
3.5404 2.4797 2.6976 240 240 245
3.5350 2.5549 2.6978 240 240 245
3.5422 2.6250 2.6974 240 240 245
3.5567 2.7001 2.7013 240 240 245
3.5442 2.7657 2.7026 240 240 245
3.5424 2.8356 2.6964 240 240 245
3.5362 2.9248 2.6994 240 240 245
3.5320 2.9846 2.7005 240 240 245
3.5465 3.0561 2.7070 240 240 245
3.5422 3.1341 2.6997 240 240 245
3.5427 3.2028 2.7029 240 240 245
3.5446 3.2767 2.6970 240 240 245
3.5367 3.3428 2.6962 240 240 245
3.5435 3.4268 2.7051 240 240 245
3.5404 3.4877 2.7020 240 240 245
3.5537 3.5712 2.7043 240 240 245
3.5404 3.6531 2.6966 240 240 245
3.5486 3.7146 2.7012 240 240 245
3.5454 3.7875 2.7014 240 240 245
3.5427 3.8634 2.6942 240 240 245
3.5360 3.9307 2.7032 240 240 245
3.5425 4.0060 2.7008 240 240 245
3.5420 4.0785 2.7002 240 240 245
3.5493 4.1570 2.7007 240 240 245
3.5517 4.2347 2.6991 240 240 245
3.5422 4.2948 2.6984 240 240 245
3.6146 -0.0000 2.6984 240 240 245
3.6126 0.0721 2.6967 240 240 245
3.6268 0.1456 2.6985 240 240 245
3.6171 0.2338 2.6974 240 240 245
3.6167 0.2951 2.7030 240 240 245
3.6121 0.3614 2.6994 240 240 245
3.6202 0.4357 2.6988 240 240 245
3.6225 0.5130 2.6981 240 240 245
3.6176 0.5901 2.6942 240 240 245
3.6212 0.6585 2.6988 240 240 245
3.6193 0.7273 2.7006 240 240 245
3.6132 0.8030 2.6988 240 240 245
3.6186 0.8744 2.7025 240 240 245
3.6175 0.9551 2.7004 240 240 245
3.6210 1.0147 2.6992 240 240 245
3.6155 1.0955 2.6978 240 240 245
3.6091 1.1653 2.7000 240 240 245
3.6236 1.2412 2.7012 240 240 245
3.6240 1.3017 2.6987 240 240 245
3.6148 1.3928 2.6945 240 240 245
3.6185 1.4658 2.7017 240 240 245
3.6224 1.5339 2.7028 240 240 245
3.6154 1.6050 2.6981 240 240 245
3.6242 1.6731 2.6990 240 240 245
3.6149 1.7402 2.7027 240 240 245
3.6114 1.8299 2.7005 240 240 245
3.6237 1.8951 2.6990 240 240 245
3.6262 1.9644 2.6982 240 240 245
3.6163 2.0495 2.6973 240 240 245
3.6224 2.1268 2.6986 240 240 245
3.6210 2.1953 2.7010 240 240 245
3.6209 2.2539 2.7003 240 240 245
3.6167 2.3371 2.7031 240 240 245
3.6133 2.4091 2.6991 240 240 245
3.6200 2.4741 2.7017 240 240 245
3.6120 2.5599 2.7064 240 240 245
3.6171 2.6299 2.7023 240 240 245
3.6242 2.7036 2.7032 240 240 245
3.6202 2.7720 2.6998 240 240 245
3.6197 2.8462 2.7012 240 240 245
3.6191 2.9138 2.6983 240 240 245
3.6152 2.9908 2.7060 240 240 245
3.6156 3.0619 2.7005 240 240 245
3.6141 3.1318 2.6954 240 240 245
3.6177 3.2000 2.6989 240 240 245
3.6241 3.2794 2.6998 240 240 245
3.6122 3.3450 2.6984 240 240 245
3.6207 3.4238 2.7032 240 240 245
3.6249 3.5019 2.6992 240 240 245
3.6122 3.5640 2.6996 240 240 245
3.6196 3.6404 2.6978 240 240 245
3.6199 3.7152 2.6926 240 240 245
3.6151 3.7921 2.7022 240 240 245
3.6249 3.8657 2.7012 240 240 245
3.6145 3.9421 2.6979 240 240 245
3.6192 4.0140 2.6987 240 240 245
3.6174 4.0856 2.6994 240 240 245
3.6175 4.1613 2.7003 240 240 245
3.6200 4.2411 2.7005 240 240 245
3.6164 4.3037 2.7051 240 240 245
3.6928 0.0076 2.7027 240 240 245
3.6970 0.0879 2.7013 240 240 245
3.6919 0.1528 2.7046 240 240 245
3.6957 0.2273 2.6965 240 240 245
3.6971 0.2936 2.7084 240 240 245
3.6935 0.3613 2.6999 240 240 245
3.6920 0.4432 2.6989 240 240 245
3.6894 0.5058 2.6983 240 240 245
3.6949 0.5818 2.6984 240 240 245
3.6970 0.6629 2.6990 240 240 245
3.6955 0.7251 2.6989 240 240 245
3.7003 0.8059 2.7037 240 240 245
3.6992 0.8725 2.6985 240 240 245
3.6812 0.9456 2.6990 240 240 245
3.7005 1.0088 2.7019 240 240 245
3.6882 1.1023 2.7055 240 240 245
3.6886 1.1677 2.6993 240 240 245
3.6911 1.2408 2.6963 240 240 245
3.6865 1.3065 2.7024 240 240 245
3.6961 1.3898 2.7013 240 240 245
3.6855 1.4571 2.6963 240 240 245
3.6880 1.5259 2.7018 240 240 245
3.6896 1.5942 2.6939 240 240 245
3.7045 1.6837 2.7001 240 240 245
3.6945 1.7480 2.6937 240 240 245
3.6940 1.8137 2.6977 240 240 245
3.6999 1.8950 2.6950 240 240 245
3.6933 1.9672 2.6981 240 240 245
3.6931 2.0461 2.7026 240 240 245
3.6944 2.1209 2.7010 240 240 245
3.6909 2.1930 2.7051 240 240 245
3.6947 2.2592 2.7009 240 240 245
3.6979 2.3299 2.6994 240 240 245
3.7015 2.3990 2.7006 240 240 245
3.6927 2.4735 2.6996 240 240 245
3.6913 2.5441 2.6986 240 240 245
3.6990 2.6211 2.6970 240 240 245
3.6984 2.6998 2.7012 240 240 245
3.6956 2.7679 2.7029 240 240 245
3.6918 2.8362 2.7054 240 240 245
3.6927 2.9142 2.6989 240 240 245
3.6947 2.9852 2.7034 240 240 245
3.6967 3.0502 2.7070 240 240 245
3.6911 3.1375 2.6976 240 240 245
3.6985 3.2043 2.7017 240 240 245
3.6806 3.2831 2.7054 240 240 245
3.6870 3.3540 2.7027 240 240 245
3.6981 3.4322 2.6994 240 240 245
3.6993 3.5006 2.6982 240 240 245
3.6996 3.5700 2.6990 240 240 245
3.6936 3.6432 2.7027 240 240 245
3.6904 3.7204 2.7035 240 240 245
3.6907 3.7966 2.7047 240 240 245
3.6975 3.8589 2.6991 240 240 245
3.6936 3.9344 2.6996 240 240 245
3.7011 4.0173 2.6952 240 240 245
3.7043 4.0903 2.6978 240 240 245
3.7033 4.1545 2.6993 240 240 245
3.6893 4.2213 2.6997 240 240 245
3.6970 4.3039 2.6981 240 240 245
3.7709 0.0057 2.6964 240 240 245
3.7698 0.0692 2.6976 240 240 245
3.7633 0.1529 2.7056 240 240 245
3.7701 0.2262 2.7050 240 240 245
3.7685 0.2861 2.7015 240 240 245
3.7681 0.3629 2.7039 240 240 245
3.7706 0.4414 2.7017 240 240 245
3.7709 0.5103 2.6992 240 240 245
3.7652 0.5762 2.7005 240 240 245
3.7708 0.6592 2.7004 240 240 245
3.7693 0.7372 2.7010 240 240 245
3.7669 0.7991 2.7002 240 240 245
3.7666 0.8756 2.7034 240 240 245
3.7722 0.9451 2.6976 240 240 245
3.7697 1.0215 2.7002 240 240 245
3.7667 1.0923 2.7032 240 240 245
3.7627 1.1679 2.6994 240 240 245
3.7654 1.2340 2.7029 240 240 245
3.7722 1.3139 2.6981 240 240 245
3.7700 1.3778 2.7044 240 240 245
3.7670 1.4529 2.7035 240 240 245
3.7756 1.5361 2.6981 240 240 245
3.7656 1.5961 2.6973 240 240 245
3.7655 1.6790 2.6996 240 240 245
3.7712 1.7464 2.7000 240 240 245
3.7679 1.8131 2.6949 240 240 245
3.7747 1.8979 2.6950 240 240 245
3.7760 1.9749 2.6993 240 240 245
3.7710 2.0421 2.6953 240 240 245
3.7603 2.1140 2.6968 240 240 245
3.7630 2.1818 2.6958 240 240 245
3.7705 2.2538 2.6971 240 240 245
3.7706 2.3271 2.7030 240 240 245
3.7662 2.4110 2.6962 240 240 245
3.7736 2.4764 2.6994 240 240 245
3.7664 2.5535 2.6977 240 240 245
3.7691 2.6331 2.6951 240 240 245
3.7667 2.6868 2.7006 240 240 245
3.7769 2.7736 2.6979 240 240 245
3.7653 2.8390 2.6958 240 240 245
3.7670 2.9226 2.7014 240 240 245
3.7701 2.9813 2.6968 240 240 245
3.7717 3.0633 2.7021 240 240 245
3.7763 3.1340 2.7012 240 240 245
3.7550 3.2045 2.6967 240 240 245
3.7587 3.2805 2.6927 240 240 245
3.7707 3.3541 2.6994 240 240 245
3.7808 3.4280 2.7042 240 240 245
3.7613 3.5003 2.6996 240 240 245
3.7632 3.5714 2.6972 240 240 245
3.7658 3.6345 2.6999 240 240 245
3.7695 3.7236 2.6995 240 240 245
3.7748 3.7963 2.6980 240 240 245
3.7657 3.8598 2.6981 240 240 245
3.7637 3.9376 2.7008 240 240 245
3.7687 4.0086 2.6986 240 240 245
3.7609 4.0785 2.7039 240 240 245
3.7765 4.1563 2.7044 240 240 245
3.7742 4.2377 2.7017 240 240 245
3.7637 4.3012 2.6949 240 240 245
3.8392 -0.0106 2.7000 240 240 245
3.8535 0.0732 2.7021 240 240 245
3.8391 0.1458 2.7025 240 240 245
3.8393 0.2146 2.7025 240 240 245
3.8504 0.2947 2.7021 240 240 245
3.8440 0.3733 2.7023 240 240 245
3.8390 0.4373 2.7025 240 240 245
3.8438 0.5067 2.7016 240 240 245
3.8453 0.5845 2.7009 240 240 245
3.8433 0.6596 2.7027 240 240 245
3.8301 0.7262 2.6972 240 240 245
3.8545 0.7926 2.6999 240 240 245
3.8396 0.8712 2.7011 240 240 245
3.8448 0.9565 2.6964 240 240 245
3.8487 1.0239 2.7026 240 240 245
3.8412 1.0903 2.7010 240 240 245
3.8465 1.1607 2.7045 240 240 245
3.8537 1.2385 2.7000 240 240 245
3.8506 1.2959 2.6965 240 240 245
3.8422 1.3785 2.6990 240 240 245
3.8334 1.4620 2.7011 240 240 245
3.8381 1.5238 2.6978 240 240 245
3.8445 1.6039 2.6991 240 240 245
3.8502 1.6800 2.7017 240 240 245
3.8470 1.7465 2.6997 240 240 245
3.8353 1.8203 2.6983 240 240 245
3.8443 1.8893 2.7003 240 240 245
3.8430 1.9778 2.6979 240 240 245
3.8401 2.0383 2.6957 240 240 245
3.8452 2.1158 2.7002 240 240 245
3.8422 2.1886 2.6995 240 240 245
3.8483 2.2563 2.6986 240 240 245
3.8440 2.3284 2.7042 240 240 245
3.8445 2.3974 2.6981 240 240 245
3.8381 2.4847 2.6942 240 240 245
3.8542 2.5534 2.6949 240 240 245
3.8448 2.6160 2.7085 240 240 245
3.8536 2.6967 2.6997 240 240 245
3.8409 2.7695 2.6975 240 240 245
3.8405 2.8421 2.6976 240 240 245
3.8459 2.9170 2.7008 240 240 245
3.8433 2.9946 2.7051 240 240 245
3.8469 3.0643 2.6959 240 240 245
3.8450 3.1332 2.7034 240 240 245
3.8388 3.1998 2.6965 240 240 245
3.8329 3.2717 2.7022 240 240 245
3.8446 3.3503 2.7013 240 240 245
3.8450 3.4306 2.7032 240 240 245
3.8455 3.5001 2.6977 240 240 245
3.8546 3.5820 2.6989 240 240 245
3.8397 3.6523 2.6952 240 240 245
3.8415 3.7197 2.6982 240 240 245
3.8393 3.7963 2.6962 240 240 245
3.8469 3.8652 2.7048 240 240 245
3.8504 3.9384 2.6985 240 240 245
3.8435 4.0072 2.6950 240 240 245
3.8433 4.0803 2.7023 240 240 245
3.8462 4.1518 2.6967 240 240 245
3.8498 4.2231 2.6959 240 240 245
3.8480 4.2982 2.6988 240 240 245
3.9188 0.0038 2.7030 240 240 245
3.9241 0.0682 2.7017 240 240 245
3.9164 0.1568 2.6941 240 240 245
3.9234 0.2135 2.6969 240 240 245
3.9195 0.2875 2.6988 240 240 245
3.9218 0.3672 2.7014 240 240 245
3.9272 0.4451 2.6971 240 240 245
3.9264 0.5146 2.6975 240 240 245
3.9164 0.5738 2.6983 240 240 245
3.9193 0.6622 2.7016 240 240 245
3.9112 0.7245 2.7016 240 240 245
3.9228 0.8097 2.6990 240 240 245
3.9150 0.8752 2.7042 240 240 245
3.9066 0.9485 2.6953 240 240 245
3.9164 1.0214 2.6980 240 240 245
3.9213 1.1033 2.7036 240 240 245
3.9147 1.1635 2.6975 240 240 245
3.9193 1.2425 2.7025 240 240 245
3.9189 1.3087 2.7033 240 240 245
3.9169 1.3802 2.7023 240 240 245
3.9256 1.4575 2.7021 240 240 245
3.9179 1.5375 2.6990 240 240 245
3.9241 1.5936 2.7023 240 240 245
3.9173 1.6635 2.7016 240 240 245
3.9091 1.7539 2.7030 240 240 245
3.9173 1.8240 2.6997 240 240 245
3.9237 1.8938 2.6992 240 240 245
3.9279 1.9660 2.6978 240 240 245
3.9157 2.0388 2.6990 240 240 245
3.9169 2.1156 2.7019 240 240 245
3.9106 2.1808 2.7016 240 240 245
3.9160 2.2668 2.6966 240 240 245
3.9202 2.3301 2.7049 240 240 245
3.9214 2.4114 2.6988 240 240 245
3.9207 2.4789 2.7076 240 240 245
3.9164 2.5537 2.6962 240 240 245
3.9147 2.6242 2.7023 240 240 245
3.9156 2.6987 2.7024 240 240 245
3.9236 2.7805 2.7016 240 240 245
3.9216 2.8465 2.7012 240 240 245
3.9127 2.9280 2.6983 240 240 245
3.9189 2.9935 2.7003 240 240 245
3.9200 3.0581 2.6993 240 240 245
3.9158 3.1299 2.6958 240 240 245
3.9223 3.1986 2.6966 240 240 245
3.9239 3.2781 2.7020 240 240 245
3.9206 3.3589 2.6994 240 240 245
3.9098 3.4235 2.7035 240 240 245
3.9159 3.4990 2.6995 240 240 245
3.9240 3.5684 2.6976 240 240 245
3.9157 3.6485 2.6981 240 240 245
3.9180 3.7146 2.6981 240 240 245
3.9235 3.7929 2.6983 240 240 245
3.9176 3.8610 2.6963 240 240 245
3.9272 3.9407 2.7002 240 240 245
3.9214 4.0117 2.6989 240 240 245
3.9284 4.0766 2.6980 240 240 245
3.9170 4.1566 2.7016 240 240 245
3.9206 4.2282 2.6986 240 240 245
3.9213 4.3021 2.6957 240 240 245
3.9881 0.0032 2.6976 240 240 245
4.0012 0.0755 2.7005 240 240 245
4.0003 0.1310 2.7022 240 240 245
3.9858 0.2071 2.6970 240 240 245
3.9996 0.2918 2.7044 240 240 245
3.9886 0.3688 2.7005 240 240 245
3.9869 0.4389 2.6999 240 240 245
3.9993 0.5137 2.6991 240 240 245
3.9952 0.5732 2.7007 240 240 245
3.9966 0.6483 2.6966 240 240 245
3.9951 0.7299 2.7042 240 240 245
3.9914 0.7980 2.6988 240 240 245
3.9973 0.8754 2.6987 240 240 245
3.9814 0.9512 2.6980 240 240 245
3.9945 1.0185 2.7010 240 240 245
3.9907 1.0939 2.6996 240 240 245
3.9861 1.1704 2.6990 240 240 245
3.9898 1.2364 2.7018 240 240 245
3.9914 1.3179 2.7026 240 240 245
4.0063 1.3841 2.6969 240 240 245
3.9925 1.4602 2.7027 240 240 245
3.9932 1.5250 2.6946 240 240 245
3.9948 1.6050 2.7006 240 240 245
3.9938 1.6785 2.6997 240 240 245
4.0006 1.7547 2.6924 240 240 245
4.0004 1.8175 2.6957 240 240 245
3.9941 1.9031 2.6970 240 240 245
3.9934 1.9627 2.7015 240 240 245
3.9899 2.0399 2.7002 240 240 245
3.9980 2.1139 2.6977 240 240 245
3.9999 2.1881 2.7026 240 240 245
3.9966 2.2556 2.6990 240 240 245
3.9884 2.3285 2.7023 240 240 245
3.9973 2.4094 2.6969 240 240 245
3.9918 2.4710 2.6965 240 240 245
4.0001 2.5472 2.6986 240 240 245
3.9950 2.6240 2.7036 240 240 245
4.0045 2.6863 2.6988 240 240 245
3.9937 2.7630 2.6990 240 240 245
3.9990 2.8383 2.6984 240 240 245
3.9927 2.9121 2.6983 240 240 245
3.9894 2.9840 2.7025 240 240 245
3.9971 3.0661 2.6993 240 240 245
3.9888 3.1266 2.6968 240 240 245
3.9936 3.2138 2.6983 240 240 245
3.9871 3.2802 2.7057 240 240 245
3.9897 3.3544 2.7003 240 240 245
3.9941 3.4253 2.6959 240 240 245
3.9923 3.4926 2.7013 240 240 245
3.9996 3.5733 2.6960 240 240 245
3.9945 3.6456 2.6981 240 240 245
4.0034 3.7071 2.7014 240 240 245
3.9887 3.7889 2.6993 240 240 245
3.9968 3.8725 2.6962 240 240 245
3.9880 3.9289 2.6949 240 240 245
3.9873 4.0109 2.6952 240 240 245
3.9963 4.0795 2.7012 240 240 245
3.9971 4.1533 2.7021 240 240 245
4.0046 4.2330 2.6981 240 240 245
3.9971 4.3018 2.6989 240 240 245
4.0678 -0.0050 2.7000 240 240 245
4.0787 0.0751 2.6958 240 240 245
4.0659 0.1413 2.6979 240 240 245
4.0751 0.2162 2.6978 240 240 245
4.0705 0.2883 2.6972 240 240 245
4.0716 0.3560 2.7015 240 240 245
4.0638 0.4393 2.7061 240 240 245
4.0722 0.5096 2.6977 240 240 245
4.0688 0.5803 2.7042 240 240 245
4.0746 0.6588 2.6971 240 240 245
4.0803 0.7308 2.7007 240 240 245
4.0704 0.7951 2.7023 240 240 245
4.0729 0.8711 2.6963 240 240 245
4.0668 0.9601 2.6999 240 240 245
4.0755 1.0172 2.7012 240 240 245
4.0648 1.0923 2.7029 240 240 245
4.0783 1.1600 2.7032 240 240 245
4.0765 1.2380 2.7039 240 240 245
4.0739 1.3119 2.6990 240 240 245
4.0678 1.3823 2.7018 240 240 245
4.0709 1.4637 2.6988 240 240 245
4.0650 1.5310 2.6986 240 240 245
4.0714 1.6012 2.6987 240 240 245
4.0711 1.6667 2.6967 240 240 245
4.0722 1.7545 2.7008 240 240 245
4.0717 1.8190 2.6982 240 240 245
4.0695 1.8990 2.6948 240 240 245
4.0676 1.9738 2.7041 240 240 245
4.0594 2.0448 2.6969 240 240 245
4.0667 2.1176 2.6981 240 240 245
4.0739 2.1867 2.6932 240 240 245
4.0661 2.2589 2.7014 240 240 245
4.0692 2.3374 2.7027 240 240 245
4.0724 2.4103 2.7006 240 240 245
4.0792 2.4695 2.6979 240 240 245
4.0625 2.5527 2.7011 240 240 245
4.0711 2.6273 2.7017 240 240 245
4.0721 2.6992 2.7015 240 240 245
4.0698 2.7759 2.7013 240 240 245
4.0726 2.8440 2.7013 240 240 245
4.0651 2.9122 2.7005 240 240 245
4.0722 2.9855 2.6992 240 240 245
4.0772 3.0639 2.7050 240 240 245
4.0737 3.1330 2.7018 240 240 245
4.0679 3.2101 2.7023 240 240 245
4.0661 3.2721 2.7055 240 240 245
4.0712 3.3427 2.6986 240 240 245
4.0737 3.4236 2.7025 240 240 245
4.0637 3.5030 2.6965 240 240 245
4.0710 3.5633 2.6987 240 240 245
4.0672 3.6412 2.7083 240 240 245
4.0637 3.7227 2.6965 240 240 245
4.0681 3.7889 2.6971 240 240 245
4.0684 3.8649 2.7012 240 240 245
4.0749 3.9397 2.7027 240 240 245
4.0733 4.0095 2.6989 240 240 245
4.0813 4.0776 2.6991 240 240 245
4.0751 4.1509 2.7009 240 240 245
4.0630 4.2270 2.6995 240 240 245
4.0679 4.2982 2.6938 240 240 245
4.1484 -0.0023 2.6955 240 240 245
4.1504 0.0811 2.7054 240 240 245
4.1420 0.1504 2.6987 240 240 245
4.1394 0.2158 2.6967 240 240 245
4.1429 0.2946 2.6939 240 240 245
4.1420 0.3647 2.6967 240 240 245
4.1419 0.4353 2.7063 240 240 245
4.1406 0.5095 2.6990 240 240 245
4.1408 0.5820 2.6975 240 240 245
4.1529 0.6553 2.6995 240 240 245
4.1420 0.7230 2.7046 240 240 245
4.1383 0.8029 2.6970 240 240 245
4.1510 0.8811 2.6996 240 240 245
4.1372 0.9419 2.7032 240 240 245
4.1500 1.0241 2.7041 240 240 245
4.1418 1.0871 2.7017 240 240 245
4.1506 1.1705 2.6978 240 240 245
4.1440 1.2361 2.6995 240 240 245
4.1499 1.3185 2.6983 240 240 245
4.1497 1.3826 2.6961 240 240 245
4.1400 1.4620 2.6998 240 240 245
4.1347 1.5236 2.6990 240 240 245
4.1481 1.5981 2.7005 240 240 245
4.1498 1.6798 2.7010 240 240 245
4.1476 1.7509 2.7001 240 240 245
4.1384 1.8265 2.7022 240 240 245
4.1544 1.8905 2.7020 240 240 245
4.1381 1.9618 2.7071 240 240 245
4.1507 2.0390 2.6973 240 240 245
4.1482 2.1151 2.6999 240 240 245
4.1445 2.1902 2.7019 240 240 245
4.1494 2.2551 2.7054 240 240 245
4.1442 2.3385 2.7053 240 240 245
4.1443 2.4094 2.7011 240 240 245
4.1460 2.4826 2.6997 240 240 245
4.1490 2.5623 2.6989 240 240 245
4.1382 2.6280 2.7030 240 240 245
4.1475 2.7015 2.7023 240 240 245
4.1449 2.7713 2.6975 240 240 245
4.1460 2.8418 2.6974 240 240 245
4.1498 2.9095 2.6993 240 240 245
4.1438 2.9892 2.7010 240 240 245
4.1528 3.0617 2.7026 240 240 245
4.1458 3.1345 2.6958 240 240 245
4.1438 3.2082 2.6995 240 240 245
4.1439 3.2790 2.6998 240 240 245
4.1491 3.3553 2.6984 240 240 245
4.1428 3.4345 2.6908 240 240 245
4.1535 3.4955 2.6980 240 240 245
4.1414 3.5675 2.6962 240 240 245
4.1428 3.6421 2.7002 240 240 245
4.1303 3.7167 2.7037 240 240 245
4.1434 3.7928 2.6977 240 240 245
4.1474 3.8657 2.7001 240 240 245
4.1496 3.9398 2.7056 240 240 245
4.1532 4.0022 2.6979 240 240 245
4.1480 4.0762 2.7014 240 240 245
4.1516 4.1476 2.7007 240 240 245
4.1507 4.2167 2.6974 240 240 245
4.1381 4.3013 2.6965 240 240 245
4.2229 0.0094 2.7002 240 240 245
4.2150 0.0750 2.6985 240 240 245
4.2139 0.1411 2.7003 240 240 245
4.2141 0.2178 2.7024 240 240 245
4.2175 0.2884 2.7022 240 240 245
4.2158 0.3667 2.6978 240 240 245
4.2297 0.4285 2.6942 240 240 245
4.2133 0.5134 2.6975 240 240 245
4.2260 0.5858 2.6965 240 240 245
4.2222 0.6465 2.6997 240 240 245
4.2242 0.7289 2.7001 240 240 245
4.2189 0.8065 2.7016 240 240 245
4.2233 0.8739 2.6997 240 240 245
4.2235 0.9596 2.7011 240 240 245
4.2150 1.0107 2.7014 240 240 245
4.2093 1.0863 2.7012 240 240 245
4.2247 1.1578 2.6980 240 240 245
4.2184 1.2363 2.7005 240 240 245
4.2283 1.3145 2.6992 240 240 245
4.2077 1.3887 2.6993 240 240 245
4.2215 1.4596 2.7002 240 240 245
4.2103 1.5287 2.7014 240 240 245
4.2230 1.6101 2.7009 240 240 245
4.2164 1.6795 2.6998 240 240 245
4.2231 1.7490 2.6958 240 240 245
4.2153 1.8270 2.7000 240 240 245
4.2204 1.8905 2.6970 240 240 245
4.2208 1.9687 2.7024 240 240 245
4.2070 2.0411 2.7026 240 240 245
4.2132 2.1108 2.7019 240 240 245
4.2212 2.1941 2.7016 240 240 245
4.2250 2.2550 2.7040 240 240 245
4.2245 2.3293 2.6931 240 240 245
4.2157 2.4014 2.6991 240 240 245
4.2176 2.4741 2.6948 240 240 245
4.2214 2.5552 2.6975 240 240 245
4.2274 2.6259 2.6966 240 240 245
4.2191 2.7030 2.6980 240 240 245
4.2181 2.7735 2.6975 240 240 245
4.2210 2.8496 2.6991 240 240 245
4.2227 2.9124 2.7018 240 240 245
4.2136 2.9887 2.7022 240 240 245
4.2245 3.0646 2.7028 240 240 245
4.2177 3.1318 2.6987 240 240 245
4.2163 3.2050 2.6983 240 240 245
4.2178 3.2813 2.6959 240 240 245
4.2163 3.3510 2.6968 240 240 245
4.2205 3.4211 2.6989 240 240 245
4.2274 3.4973 2.6981 240 240 245
4.2160 3.5711 2.6979 240 240 245
4.2136 3.6508 2.6999 240 240 245
4.2141 3.7152 2.7036 240 240 245
4.2191 3.7870 2.6981 240 240 245
4.2172 3.8614 2.6959 240 240 245
4.2213 3.9514 2.7062 240 240 245
4.2129 4.0036 2.6994 240 240 245
4.2224 4.0845 2.6974 240 240 245
4.2123 4.1530 2.6988 240 240 245
4.2273 4.2246 2.7023 240 240 245
4.2190 4.3036 2.6992 240 240 245
4.2985 -0.0105 2.7001 240 240 245
4.2950 0.0667 2.7029 240 240 245
4.2955 0.1409 2.6950 240 240 245
4.2912 0.2170 2.7002 240 240 245
4.2929 0.2952 2.6971 240 240 245
4.2874 0.3665 2.6971 240 240 245
4.2979 0.4393 2.6992 240 240 245
4.2965 0.5135 2.7031 240 240 245
4.2921 0.5793 2.6972 240 240 245
4.2968 0.6545 2.7026 240 240 245
4.2956 0.7249 2.6988 240 240 245
4.2851 0.7965 2.7037 240 240 245
4.2958 0.8788 2.7030 240 240 245
4.2907 0.9474 2.7019 240 240 245
4.2972 1.0169 2.7014 240 240 245
4.2820 1.0882 2.6984 240 240 245
4.2864 1.1748 2.6982 240 240 245
4.2935 1.2380 2.7035 240 240 245
4.2932 1.3096 2.7046 240 240 245
4.2975 1.3791 2.6953 240 240 245
4.2957 1.4633 2.6996 240 240 245
4.2932 1.5280 2.7027 240 240 245
4.2957 1.6013 2.6996 240 240 245
4.3034 1.6714 2.7005 240 240 245
4.2928 1.7567 2.6995 240 240 245
4.2945 1.8304 2.7011 240 240 245
4.3000 1.9010 2.7010 240 240 245
4.3011 1.9656 2.7036 240 240 245
4.2947 2.0397 2.6946 240 240 245
4.2964 2.1179 2.6956 240 240 245
4.2983 2.1892 2.7008 240 240 245
4.2960 2.2521 2.6930 240 240 245
4.2983 2.3335 2.7002 240 240 245
4.3024 2.4029 2.6998 240 240 245
4.2965 2.4779 2.6999 240 240 245
4.3009 2.5407 2.7042 240 240 245
4.2969 2.6270 2.7006 240 240 245
4.2852 2.6926 2.6962 240 240 245
4.2962 2.7740 2.7011 240 240 245
4.3000 2.8462 2.7007 240 240 245
4.2909 2.9153 2.6943 240 240 245
4.2954 2.9821 2.7026 240 240 245
4.2921 3.0586 2.6948 240 240 245
4.3008 3.1367 2.6956 240 240 245
4.2957 3.2053 2.7000 240 240 245
4.3007 3.2805 2.7030 240 240 245
4.2978 3.3401 2.7018 240 240 245
4.3031 3.4256 2.6973 240 240 245
4.2914 3.5074 2.7055 240 240 245
4.2916 3.5743 2.7009 240 240 245
4.2951 3.6526 2.7036 240 240 245
4.2917 3.7215 2.6996 240 240 245
4.2894 3.7878 2.7041 240 240 245
4.3007 3.8645 2.6987 240 240 245
4.2917 3.9405 2.6970 240 240 245
4.2944 4.0212 2.7007 240 240 245
4.2919 4.0800 2.7017 240 240 245
4.2952 4.1574 2.6996 240 240 245
4.2899 4.2349 2.6990 240 240 245
4.3006 4.3033 2.7024 240 240 245
4.3739 -0.0091 2.6970 240 240 245
4.3652 0.0630 2.6932 240 240 245
4.3661 0.1410 2.7037 240 240 245
4.3649 0.2161 2.7066 240 240 245
4.3727 0.2896 2.6964 240 240 245
4.3703 0.3684 2.6987 240 240 245
4.3714 0.4272 2.7051 240 240 245
4.3667 0.5140 2.6970 240 240 245
4.3550 0.5875 2.7030 240 240 245
4.3732 0.6497 2.6965 240 240 245
4.3748 0.7342 2.6921 240 240 245
4.3677 0.7993 2.7003 240 240 245
4.3651 0.8708 2.6970 240 240 245
4.3700 0.9418 2.7076 240 240 245
4.3707 1.0178 2.6934 240 240 245
4.3750 1.0853 2.7020 240 240 245
4.3672 1.1609 2.7007 240 240 245
4.3673 1.2366 2.6988 240 240 245
4.3735 1.3141 2.7005 240 240 245
4.3771 1.3858 2.7018 240 240 245
4.3640 1.4539 2.7047 240 240 245
4.3665 1.5250 2.6967 240 240 245
4.3678 1.6000 2.6963 240 240 245
4.3730 1.6618 2.6980 240 240 245
4.3670 1.7500 2.6999 240 240 245
4.3755 1.8291 2.7019 240 240 245
4.3709 1.8973 2.6961 240 240 245
4.3733 1.9663 2.6967 240 240 245
4.3740 2.0350 2.7001 240 240 245
4.3793 2.1081 2.6993 240 240 245
4.3749 2.1919 2.7041 240 240 245
4.3729 2.2524 2.6988 240 240 245
4.3795 2.3394 2.7034 240 240 245
4.3667 2.3941 2.7020 240 240 245
4.3751 2.4794 2.7014 240 240 245
4.3740 2.5508 2.7053 240 240 245
4.3623 2.6240 2.7020 240 240 245
4.3664 2.6885 2.7033 240 240 245
4.3790 2.7680 2.7015 240 240 245
4.3786 2.8418 2.7016 240 240 245
4.3793 2.9173 2.7023 240 240 245
4.3693 2.9872 2.6986 240 240 245
4.3655 3.0585 2.6938 240 240 245
4.3714 3.1345 2.7012 240 240 245
4.3727 3.2044 2.7024 240 240 245
4.3730 3.2940 2.6985 240 240 245
4.3668 3.3660 2.6926 240 240 245
4.3776 3.4229 2.7008 240 240 245
4.3762 3.5000 2.7045 240 240 245
4.3745 3.5700 2.7025 240 240 245
4.3740 3.6461 2.6960 240 240 245
4.3660 3.7188 2.6988 240 240 245
4.3832 3.7950 2.7019 240 240 245
4.3699 3.8607 2.7071 240 240 245
4.3753 3.9363 2.7016 240 240 245
4.3728 4.0048 2.7004 240 240 245
4.3703 4.0845 2.6983 240 240 245
4.3804 4.1471 2.6984 240 240 245
4.3749 4.2292 2.7037 240 240 245
4.3695 4.3089 2.6983 240 240 245
4.4449 -0.0031 2.6967 240 240 245
4.4522 0.0757 2.6967 240 240 245
4.4453 0.1489 2.6999 240 240 245
4.4439 0.2157 2.7009 240 240 245
4.4508 0.2878 2.6980 240 240 245
4.4502 0.3666 2.7019 240 240 245
4.4442 0.4416 2.6999 240 240 245
4.4453 0.5116 2.6965 240 240 245
4.4311 0.5842 2.7009 240 240 245
4.4441 0.6515 2.6985 240 240 245
4.4505 0.7262 2.7017 240 240 245
4.4470 0.7975 2.6986 240 240 245
4.4496 0.8793 2.6991 240 240 245
4.4431 0.9489 2.7029 240 240 245
4.4519 1.0231 2.7025 240 240 245
4.4446 1.1025 2.7041 240 240 245
4.4398 1.1610 2.6988 240 240 245
4.4461 1.2400 2.6977 240 240 245
4.4508 1.3088 2.6934 240 240 245
4.4449 1.3866 2.6985 240 240 245
4.4424 1.4651 2.6956 240 240 245
4.4494 1.5292 2.7008 240 240 245
4.4501 1.6130 2.7011 240 240 245
4.4372 1.6730 2.6983 240 240 245
4.4457 1.7495 2.6967 240 240 245
4.4536 1.8249 2.7012 240 240 245
4.4364 1.8987 2.6999 240 240 245
4.4393 1.9753 2.6983 240 240 245
4.4472 2.0364 2.6969 240 240 245
4.4516 2.1171 2.7049 240 240 245
4.4474 2.1958 2.6996 240 240 245
4.4419 2.2560 2.7007 240 240 245
4.4435 2.3316 2.7030 240 240 245
4.4457 2.3999 2.6976 240 240 245
4.4413 2.4785 2.6949 240 240 245
4.4439 2.5490 2.6970 240 240 245
4.4457 2.6235 2.6990 240 240 245
4.4435 2.6909 2.6946 240 240 245
4.4536 2.7732 2.7035 240 240 245
4.4468 2.8450 2.6986 240 240 245
4.4486 2.9146 2.6985 240 240 245
4.4399 2.9897 2.6993 240 240 245
4.4417 3.0649 2.6977 240 240 245
4.4525 3.1295 2.6983 240 240 245
4.4487 3.2027 2.6988 240 240 245
4.4474 3.2792 2.6953 240 240 245
4.4431 3.3526 2.7009 240 240 245
4.4452 3.4244 2.6987 240 240 245
4.4473 3.5037 2.6969 240 240 245
4.4515 3.5688 2.7074 240 240 245
4.4432 3.6528 2.6974 240 240 245
4.4352 3.7194 2.7029 240 240 245
4.4398 3.7876 2.7014 240 240 245
4.4397 3.8569 2.6991 240 240 245
4.4451 3.9296 2.6987 240 240 245
4.4412 4.0072 2.7087 240 240 245
4.4361 4.0764 2.7018 240 240 245
4.4415 4.1445 2.7033 240 240 245
4.4434 4.2308 2.7003 240 240 245
4.4470 4.3023 2.6992 240 240 245
4.5184 0.0017 2.7016 240 240 245
4.5232 0.0801 2.6950 240 240 245
4.5227 0.1420 2.6955 240 240 245
4.5234 0.2175 2.6945 240 240 245
4.5336 0.2906 2.7042 240 240 245
4.5103 0.3572 2.6992 240 240 245
4.5308 0.4342 2.6959 240 240 245
4.5264 0.5084 2.6990 240 240 245
4.5236 0.5795 2.6962 240 240 245
4.5318 0.6535 2.6997 240 240 245
4.5277 0.7362 2.6992 240 240 245
4.5286 0.8035 2.7018 240 240 245
4.5343 0.8815 2.6991 240 240 245
4.5126 0.9438 2.7046 240 240 245
4.5195 1.0275 2.7004 240 240 245
4.5248 1.0995 2.6961 240 240 245
4.5241 1.1622 2.6998 240 240 245
4.5236 1.2353 2.6990 240 240 245
4.5224 1.3094 2.7019 240 240 245
4.5180 1.3951 2.6986 240 240 245
4.5102 1.4576 2.6942 240 240 245
4.5101 1.5333 2.6961 240 240 245
4.5330 1.5924 2.7005 240 240 245
4.5151 1.6824 2.7000 240 240 245
4.5209 1.7444 2.6996 240 240 245
4.5217 1.8192 2.6951 240 240 245
4.5209 1.8874 2.6985 240 240 245
4.5230 1.9638 2.6990 240 240 245
4.5117 2.0438 2.6976 240 240 245
4.5193 2.1134 2.7021 240 240 245
4.5193 2.1848 2.7003 240 240 245
4.5245 2.2520 2.7007 240 240 245
4.5141 2.3305 2.6967 240 240 245
4.5248 2.4020 2.6966 240 240 245
4.5159 2.4747 2.6996 240 240 245
4.5172 2.5543 2.7035 240 240 245
4.5241 2.6202 2.7006 240 240 245
4.5296 2.6971 2.7029 240 240 245
4.5261 2.7663 2.6992 240 240 245
4.5203 2.8435 2.7013 240 240 245
4.5255 2.9137 2.7032 240 240 245
4.5229 2.9884 2.6960 240 240 245
4.5253 3.0578 2.7027 240 240 245
4.5273 3.1192 2.7035 240 240 245
4.5250 3.1963 2.7012 240 240 245
4.5243 3.2860 2.6961 240 240 245
4.5220 3.3614 2.7031 240 240 245
4.5135 3.4247 2.6989 240 240 245
4.5227 3.4908 2.6988 240 240 245
4.5230 3.5726 2.6968 240 240 245
4.5181 3.6346 2.6986 240 240 245
4.5183 3.7136 2.6993 240 240 245
4.5340 3.7853 2.7028 240 240 245
4.5199 3.8543 2.7026 240 240 245
4.5160 3.9265 2.7059 240 240 245
4.5206 4.0092 2.7002 240 240 245
4.5205 4.0750 2.6983 240 240 245
4.5261 4.1587 2.7003 240 240 245
4.5220 4.2236 2.6990 240 240 245
4.5283 4.2972 2.6942 240 240 245
4.5897 0.0106 2.7033 240 240 245
4.5998 0.0812 2.6998 240 240 245
4.5990 0.1494 2.6998 240 240 245
4.5941 0.2212 2.7004 240 240 245
4.6060 0.2906 2.7044 240 240 245
4.5905 0.3639 2.6977 240 240 245
4.5876 0.4318 2.6980 240 240 245
4.5992 0.5097 2.6993 240 240 245
4.6035 0.5916 2.6968 240 240 245
4.5951 0.6558 2.7006 240 240 245
4.6055 0.7349 2.6969 240 240 245
4.5901 0.7951 2.7000 240 240 245
4.6018 0.8798 2.6958 240 240 245
4.5987 0.9506 2.7007 240 240 245
4.5978 1.0175 2.6982 240 240 245
4.6027 1.0932 2.7003 240 240 245
4.5982 1.1596 2.7017 240 240 245
4.6028 1.2399 2.7051 240 240 245
4.5965 1.3041 2.6999 240 240 245
4.6038 1.3904 2.7021 240 240 245
4.6015 1.4527 2.7039 240 240 245
4.6053 1.5325 2.7003 240 240 245
4.6040 1.6003 2.7013 240 240 245
4.5989 1.6776 2.6989 240 240 245
4.5942 1.7562 2.7000 240 240 245
4.6046 1.8191 2.7010 240 240 245
4.5922 1.8940 2.6958 240 240 245
4.5928 1.9690 2.7001 240 240 245
4.5942 2.0342 2.6997 240 240 245
4.5963 2.1201 2.7037 240 240 245
4.5946 2.1826 2.6982 240 240 245
4.6007 2.2544 2.6983 240 240 245
4.5935 2.3286 2.6992 240 240 245
4.6024 2.4088 2.7006 240 240 245
4.6058 2.4809 2.6974 240 240 245
4.5945 2.5548 2.7017 240 240 245
4.5971 2.6229 2.7008 240 240 245
4.5997 2.6936 2.7003 240 240 245
4.5967 2.7721 2.7012 240 240 245
4.6066 2.8516 2.7004 240 240 245
4.5951 2.9052 2.6936 240 240 245
4.5991 2.9925 2.7028 240 240 245
4.6021 3.0639 2.6979 240 240 245
4.5939 3.1283 2.7023 240 240 245
4.6028 3.2003 2.7025 240 240 245
4.5901 3.2752 2.7004 240 240 245
4.5933 3.3526 2.7022 240 240 245
4.5992 3.4343 2.6964 240 240 245
4.5977 3.5066 2.7040 240 240 245
4.6008 3.5674 2.7023 240 240 245
4.5950 3.6538 2.7005 240 240 245
4.5971 3.7110 2.7034 240 240 245
4.5968 3.7967 2.7014 240 240 245
4.5950 3.8727 2.6965 240 240 245
4.6014 3.9421 2.6989 240 240 245
4.5984 4.0128 2.7009 240 240 245
4.6016 4.0835 2.7046 240 240 245
4.5964 4.1542 2.6968 240 240 245
4.6002 4.2319 2.7049 240 240 245
4.6021 4.3032 2.7031 240 240 245
4.6683 -0.0053 2.7035 240 240 245
4.6772 0.0712 2.7001 240 240 245
4.6659 0.1517 2.7012 240 240 245
4.6752 0.2233 2.7040 240 240 245
4.6730 0.2849 2.7042 240 240 245
4.6769 0.3604 2.6983 240 240 245
4.6740 0.4415 2.6986 240 240 245
4.6678 0.5088 2.6957 240 240 245
4.6658 0.5820 2.6979 240 240 245
4.6679 0.6510 2.6963 240 240 245
4.6806 0.7382 2.7007 240 240 245
4.6641 0.8099 2.7006 240 240 245
4.6695 0.8686 2.6944 240 240 245
4.6738 0.9457 2.7040 240 240 245
4.6612 1.0258 2.6975 240 240 245
4.6782 1.0984 2.7021 240 240 245
4.6762 1.1652 2.7001 240 240 245
4.6685 1.2474 2.7017 240 240 245
4.6795 1.3190 2.7041 240 240 245
4.6733 1.3839 2.7071 240 240 245
4.6764 1.4529 2.6976 240 240 245
4.6721 1.5283 2.6983 240 240 245
4.6753 1.6096 2.6994 240 240 245
4.6749 1.6689 2.6950 240 240 245
4.6721 1.7524 2.7028 240 240 245
4.6713 1.8200 2.7011 240 240 245
4.6753 1.8886 2.7037 240 240 245
4.6745 1.9674 2.7025 240 240 245
4.6675 2.0339 2.7020 240 240 245
4.6732 2.1035 2.6998 240 240 245
4.6714 2.1848 2.6997 240 240 245
4.6755 2.2624 2.7002 240 240 245
4.6666 2.3424 2.7010 240 240 245
4.6679 2.4041 2.6968 240 240 245
4.6747 2.4757 2.7052 240 240 245
4.6787 2.5556 2.7035 240 240 245
4.6650 2.6184 2.6989 240 240 245
4.6707 2.6890 2.6998 240 240 245
4.6706 2.7730 2.7000 240 240 245
4.6710 2.8416 2.7004 240 240 245
4.6698 2.9248 2.7037 240 240 245
4.6705 2.9837 2.7001 240 240 245
4.6763 3.0621 2.7041 240 240 245
4.6711 3.1372 2.7005 240 240 245
4.6666 3.2144 2.6950 240 240 245
4.6776 3.2850 2.7048 240 240 245
4.6660 3.3548 2.6994 240 240 245
4.6736 3.4259 2.6973 240 240 245
4.6723 3.4964 2.6981 240 240 245
4.6866 3.5614 2.6999 240 240 245
4.6741 3.6427 2.6978 240 240 245
4.6621 3.7240 2.7037 240 240 245
4.6810 3.7946 2.6946 240 240 245
4.6697 3.8663 2.7021 240 240 245
4.6702 3.9297 2.7028 240 240 245
4.6745 4.0103 2.7004 240 240 245
4.6821 4.0834 2.6966 240 240 245
4.6708 4.1467 2.7008 240 240 245
4.6685 4.2261 2.6997 240 240 245
4.6768 4.3011 2.7000 240 240 245
4.7459 -0.0065 2.6975 240 240 245
4.7518 0.0777 2.7039 240 240 245
4.7513 0.1490 2.7048 240 240 245
4.7516 0.2163 2.6964 240 240 245
4.7547 0.2853 2.7065 240 240 245
4.7505 0.3651 2.7036 240 240 245
4.7484 0.4343 2.6970 240 240 245
4.7472 0.5096 2.6954 240 240 245
4.7473 0.5767 2.7057 240 240 245
4.7400 0.6554 2.7058 240 240 245
4.7430 0.7280 2.7014 240 240 245
4.7454 0.8039 2.6972 240 240 245
4.7423 0.8779 2.6999 240 240 245
4.7456 0.9455 2.7050 240 240 245
4.7481 1.0240 2.7018 240 240 245
4.7510 1.0909 2.7009 240 240 245
4.7536 1.1654 2.6983 240 240 245
4.7450 1.2380 2.6972 240 240 245
4.7517 1.3095 2.7034 240 240 245
4.7522 1.3869 2.7017 240 240 245
4.7571 1.4641 2.6952 240 240 245
4.7504 1.5275 2.7002 240 240 245
4.7412 1.5963 2.6995 240 240 245
4.7558 1.6728 2.6997 240 240 245
4.7573 1.7425 2.6974 240 240 245
4.7461 1.8244 2.7004 240 240 245
4.7398 1.8951 2.6970 240 240 245
4.7508 1.9684 2.6986 240 240 245
4.7524 2.0378 2.7018 240 240 245
4.7519 2.1120 2.6998 240 240 245
4.7395 2.1797 2.6995 240 240 245
4.7417 2.2592 2.7005 240 240 245
4.7408 2.3309 2.7005 240 240 245
4.7470 2.4055 2.7039 240 240 245
4.7480 2.4767 2.7051 240 240 245
4.7566 2.5514 2.7009 240 240 245
4.7475 2.6279 2.7029 240 240 245
4.7532 2.6995 2.6959 240 240 245
4.7496 2.7659 2.7017 240 240 245
4.7490 2.8404 2.7017 240 240 245
4.7510 2.9059 2.7023 240 240 245
4.7520 2.9834 2.6948 240 240 245
4.7359 3.0604 2.6942 240 240 245
4.7365 3.1387 2.7048 240 240 245
4.7514 3.2096 2.6982 240 240 245
4.7558 3.2874 2.7032 240 240 245
4.7450 3.3599 2.6983 240 240 245
4.7475 3.4212 2.6992 240 240 245
4.7492 3.4982 2.6935 240 240 245
4.7534 3.5757 2.6981 240 240 245
4.7443 3.6485 2.6991 240 240 245
4.7403 3.7112 2.7021 240 240 245
4.7516 3.7868 2.6972 240 240 245
4.7446 3.8706 2.7049 240 240 245
4.7405 3.9357 2.6980 240 240 245
4.7532 4.0063 2.6968 240 240 245
4.7458 4.0779 2.6941 240 240 245
4.7464 4.1515 2.6974 240 240 245
4.7547 4.2316 2.6987 240 240 245
4.7458 4.3020 2.6991 240 240 245
4.8219 0.0001 2.6985 240 240 245
4.8215 0.0763 2.7001 240 240 245
4.8321 0.1401 2.7005 240 240 245
4.8289 0.2250 2.7015 240 240 245
4.8201 0.2879 2.7023 240 240 245
4.8206 0.3677 2.6959 240 240 245
4.8221 0.4391 2.7040 240 240 245
4.8197 0.5136 2.6989 240 240 245
4.8219 0.5890 2.7035 240 240 245
4.8214 0.6531 2.6979 240 240 245
4.8182 0.7265 2.7022 240 240 245
4.8204 0.8053 2.7023 240 240 245
4.8154 0.8765 2.7043 240 240 245
4.8224 0.9553 2.7009 240 240 245
4.8144 1.0253 2.6979 240 240 245
4.8253 1.1012 2.6957 240 240 245
4.8321 1.1627 2.7067 240 240 245
4.8153 1.2401 2.6967 240 240 245
4.8202 1.3181 2.7006 240 240 245
4.8167 1.3803 2.6977 240 240 245
4.8228 1.4538 2.7037 240 240 245
4.8252 1.5227 2.7051 240 240 245
4.8246 1.6044 2.7047 240 240 245
4.8151 1.6729 2.6973 240 240 245
4.8190 1.7488 2.7080 240 240 245
4.8201 1.8267 2.6974 240 240 245
4.8110 1.8906 2.6992 240 240 245
4.8368 1.9606 2.6988 240 240 245
4.8141 2.0443 2.6996 240 240 245
4.8238 2.1128 2.6970 240 240 245
4.8143 2.1826 2.7012 240 240 245
4.8292 2.2556 2.7007 240 240 245
4.8207 2.3394 2.7000 240 240 245
4.8173 2.4011 2.6961 240 240 245
4.8206 2.4732 2.7021 240 240 245
4.8245 2.5540 2.6965 240 240 245
4.8223 2.6196 2.6951 240 240 245
4.8200 2.6919 2.6995 240 240 245
4.8293 2.7686 2.7000 240 240 245
4.8297 2.8375 2.6979 240 240 245
4.8208 2.9204 2.6999 240 240 245
4.8278 3.0029 2.7002 240 240 245
4.8221 3.0618 2.6956 240 240 245
4.8223 3.1441 2.6966 240 240 245
4.8283 3.2072 2.7004 240 240 245
4.8262 3.2751 2.7012 240 240 245
4.8258 3.3578 2.6971 240 240 245
4.8243 3.4251 2.6981 240 240 245
4.8196 3.4962 2.7010 240 240 245
4.8191 3.5591 2.6985 240 240 245
4.8229 3.6496 2.6991 240 240 245
4.8160 3.7153 2.7009 240 240 245
4.8319 3.7911 2.7022 240 240 245
4.8154 3.8692 2.6975 240 240 245
4.8201 3.9380 2.6999 240 240 245
4.8148 4.0097 2.6951 240 240 245
4.8144 4.0836 2.7024 240 240 245
4.8122 4.1596 2.7025 240 240 245
4.8296 4.2310 2.7028 240 240 245
4.8235 4.3035 2.6976 240 240 245
4.8991 0.0037 2.7002 240 240 245
4.9050 0.0763 2.7032 240 240 245
4.8945 0.1433 2.7021 240 240 245
4.8913 0.2300 2.6996 240 240 245
4.8973 0.2970 2.6940 240 240 245
4.8934 0.3724 2.6984 240 240 245
4.8956 0.4443 2.7010 240 240 245
4.8903 0.5106 2.7001 240 240 245
4.8935 0.5943 2.7017 240 240 245
4.9006 0.6435 2.6944 240 240 245
4.9151 0.7268 2.7010 240 240 245
4.9084 0.7987 2.6960 240 240 245
4.9036 0.8719 2.6957 240 240 245
4.9060 0.9422 2.6989 240 240 245
4.9032 1.0260 2.6977 240 240 245
4.8959 1.0863 2.6954 240 240 245
4.8968 1.1613 2.7002 240 240 245
4.8942 1.2412 2.6963 240 240 245
4.9015 1.3116 2.6998 240 240 245
4.9008 1.3863 2.7007 240 240 245
4.8914 1.4545 2.7010 240 240 245
4.9065 1.5226 2.6988 240 240 245
4.9007 1.6030 2.6981 240 240 245
4.8968 1.6646 2.7008 240 240 245
4.9028 1.7488 2.7047 240 240 245
4.8993 1.8204 2.7050 240 240 245
4.8999 1.8943 2.6966 240 240 245
4.8991 1.9677 2.7021 240 240 245
4.8973 2.0398 2.6995 240 240 245
4.8962 2.1081 2.7027 240 240 245
4.9056 2.1928 2.7001 240 240 245
4.9006 2.2705 2.6981 240 240 245
4.9005 2.3388 2.7017 240 240 245
4.9007 2.3989 2.7006 240 240 245
4.8980 2.4843 2.7015 240 240 245
4.8984 2.5491 2.7019 240 240 245
4.9036 2.6262 2.7037 240 240 245
4.9034 2.6959 2.7005 240 240 245
4.8988 2.7750 2.6942 240 240 245
4.8997 2.8345 2.6991 240 240 245
4.9004 2.9138 2.6973 240 240 245
4.9011 2.9856 2.7033 240 240 245
4.9061 3.0613 2.7080 240 240 245
4.9031 3.1387 2.6972 240 240 245
4.8980 3.1971 2.6982 240 240 245
4.9013 3.2766 2.6956 240 240 245
4.8924 3.3511 2.7031 240 240 245
4.8963 3.4234 2.6964 240 240 245
4.9035 3.4930 2.7038 240 240 245
4.9008 3.5703 2.7043 240 240 245
4.8919 3.6404 2.7027 240 240 245
4.9030 3.7106 2.7024 240 240 245
4.8963 3.7866 2.7000 240 240 245
4.9005 3.8554 2.6971 240 240 245
4.9067 3.9324 2.6987 240 240 245
4.8990 4.0092 2.6997 240 240 245
4.8929 4.0842 2.6972 240 240 245
4.8953 4.1624 2.7025 240 240 245
4.9041 4.2257 2.6976 240 240 245
4.9052 4.3026 2.7012 240 240 245
4.9696 -0.0079 2.7025 240 240 245
4.9745 0.0812 2.7007 240 240 245
4.9798 0.1490 2.7003 240 240 245
4.9723 0.2104 2.7002 240 240 245
4.9789 0.2921 2.7037 240 240 245
4.9676 0.3652 2.6947 240 240 245
4.9672 0.4313 2.6998 240 240 245
4.9791 0.5094 2.6996 240 240 245
4.9765 0.5824 2.7048 240 240 245
4.9762 0.6562 2.6939 240 240 245
4.9777 0.7286 2.6999 240 240 245
4.9767 0.7972 2.7034 240 240 245
4.9706 0.8698 2.6996 240 240 245
4.9693 0.9431 2.7016 240 240 245
4.9691 1.0188 2.7023 240 240 245
4.9726 1.0996 2.6971 240 240 245
4.9740 1.1707 2.6980 240 240 245
4.9735 1.2340 2.7024 240 240 245
4.9787 1.3117 2.7001 240 240 245
4.9749 1.3896 2.6960 240 240 245
4.9763 1.4601 2.7003 240 240 245
4.9703 1.5310 2.7052 240 240 245
4.9871 1.5983 2.7029 240 240 245
4.9843 1.6772 2.7004 240 240 245
4.9725 1.7468 2.6965 240 240 245
4.9797 1.8180 2.7032 240 240 245
4.9681 1.8902 2.7019 240 240 245
4.9801 1.9624 2.6967 240 240 245
4.9713 2.0386 2.6990 240 240 245
4.9677 2.1112 2.7023 240 240 245
4.9782 2.1883 2.6957 240 240 245
4.9749 2.2626 2.7005 240 240 245
4.9828 2.3318 2.6997 240 240 245
4.9769 2.4043 2.7033 240 240 245
4.9734 2.4750 2.6998 240 240 245
4.9712 2.5459 2.6984 240 240 245
4.9652 2.6309 2.6998 240 240 245
4.9775 2.6933 2.6992 240 240 245
4.9795 2.7737 2.7046 240 240 245
4.9774 2.8474 2.6979 240 240 245
4.9678 2.9166 2.7032 240 240 245
4.9699 2.9936 2.7052 240 240 245
4.9861 3.0625 2.6956 240 240 245
4.9736 3.1410 2.7005 240 240 245
4.9795 3.2071 2.6985 240 240 245
4.9782 3.2750 2.7014 240 240 245
4.9774 3.3537 2.6988 240 240 245
4.9782 3.4337 2.7023 240 240 245
4.9682 3.4957 2.7018 240 240 245
4.9667 3.5712 2.6956 240 240 245
4.9703 3.6475 2.7052 240 240 245
4.9683 3.7170 2.6992 240 240 245
4.9716 3.7856 2.6999 240 240 245
4.9754 3.8726 2.6991 240 240 245
4.9771 3.9207 2.6964 240 240 245
4.9723 4.0008 2.6983 240 240 245
4.9763 4.0743 2.7019 240 240 245
4.9776 4.1503 2.7002 240 240 245
4.9652 4.2295 2.6996 240 240 245
4.9719 4.2967 2.6977 240 240 245
5.0478 0.0063 2.6981 240 240 245
5.0516 0.0779 2.7036 240 240 245
5.0469 0.1458 2.6953 240 240 245
5.0407 0.2130 2.6987 240 240 245
5.0487 0.2879 2.6974 240 240 245
5.0517 0.3610 2.6986 240 240 245
5.0444 0.4337 2.6990 240 240 245
5.0527 0.5019 2.7025 240 240 245
5.0520 0.5814 2.6980 240 240 245
5.0523 0.6493 2.7008 240 240 245
5.0522 0.7245 2.6983 240 240 245
5.0577 0.7993 2.7039 240 240 245
5.0374 0.8687 2.7018 240 240 245
5.0482 0.9491 2.6949 240 240 245
5.0498 1.0189 2.7011 240 240 245
5.0545 1.1034 2.7028 240 240 245
5.0482 1.1690 2.6985 240 240 245
5.0524 1.2395 2.6971 240 240 245
5.0543 1.3133 2.6970 240 240 245
5.0581 1.3907 2.7007 240 240 245
5.0532 1.4574 2.6919 240 240 245
5.0502 1.5386 2.6936 240 240 245
5.0507 1.5961 2.7031 240 240 245
5.0517 1.6715 2.6990 240 240 245
5.0467 1.7492 2.7009 240 240 245
5.0341 1.8295 2.7012 240 240 245
5.0535 1.8962 2.7010 240 240 245
5.0588 1.9641 2.6987 240 240 245
5.0535 2.0485 2.6996 240 240 245
5.0474 2.1170 2.7004 240 240 245
5.0421 2.1897 2.7014 240 240 245
5.0536 2.2646 2.7053 240 240 245
5.0448 2.3318 2.6975 240 240 245
5.0524 2.3992 2.6987 240 240 245
5.0485 2.4669 2.7015 240 240 245
5.0438 2.5559 2.7019 240 240 245
5.0490 2.6231 2.7034 240 240 245
5.0500 2.6907 2.6996 240 240 245
5.0511 2.7629 2.7027 240 240 245
5.0437 2.8497 2.6953 240 240 245
5.0479 2.9174 2.7004 240 240 245
5.0462 2.9941 2.7000 240 240 245
5.0527 3.0629 2.6960 240 240 245
5.0491 3.1347 2.7020 240 240 245
5.0463 3.2052 2.7012 240 240 245
5.0577 3.2902 2.7014 240 240 245
5.0524 3.3565 2.7012 240 240 245
5.0576 3.4212 2.7004 240 240 245
5.0555 3.5056 2.6988 240 240 245
5.0434 3.5708 2.7014 240 240 245
5.0550 3.6438 2.7007 240 240 245
5.0443 3.7264 2.7006 240 240 245
5.0513 3.7871 2.7053 240 240 245
5.0477 3.8663 2.6973 240 240 245
5.0487 3.9489 2.6985 240 240 245
5.0469 4.0152 2.6997 240 240 245
5.0503 4.0694 2.6999 240 240 245
5.0448 4.1542 2.6971 240 240 245
5.0535 4.2342 2.7009 240 240 245
5.0473 4.2970 2.7044 240 240 245
5.1243 0.0009 2.6956 240 240 245
5.1260 0.0718 2.7020 240 240 245
5.1282 0.1436 2.6957 240 240 245
5.1155 0.2081 2.6960 240 240 245
5.1259 0.2877 2.6934 240 240 245
5.1239 0.3647 2.6963 240 240 245
5.1234 0.4403 2.6973 240 240 245
5.1276 0.5089 2.6984 240 240 245
5.1290 0.5935 2.7013 240 240 245
5.1295 0.6471 2.7017 240 240 245
5.1214 0.7283 2.7005 240 240 245
5.1224 0.8057 2.7030 240 240 245
5.1255 0.8792 2.6953 240 240 245
5.1228 0.9465 2.6983 240 240 245
5.1208 1.0209 2.6987 240 240 245
5.1330 1.0968 2.7026 240 240 245
5.1279 1.1610 2.7011 240 240 245
5.1181 1.2382 2.7008 240 240 245
5.1269 1.3059 2.6951 240 240 245
5.1318 1.3880 2.7014 240 240 245
5.1249 1.4604 2.6995 240 240 245
5.1210 1.5332 2.6999 240 240 245
5.1174 1.6066 2.6954 240 240 245
5.1189 1.6803 2.7037 240 240 245
5.1285 1.7507 2.6982 240 240 245
5.1324 1.8285 2.6989 240 240 245
5.1197 1.8911 2.7010 240 240 245
5.1224 1.9684 2.6956 240 240 245
5.1185 2.0396 2.6977 240 240 245
5.1256 2.1124 2.6956 240 240 245
5.1267 2.1857 2.6955 240 240 245
5.1208 2.2482 2.7061 240 240 245
5.1266 2.3269 2.6982 240 240 245
5.1301 2.4060 2.6976 240 240 245
5.1254 2.4702 2.7026 240 240 245
5.1232 2.5574 2.6970 240 240 245
5.1220 2.6245 2.7062 240 240 245
5.1279 2.7024 2.6997 240 240 245
5.1193 2.7607 2.7014 240 240 245
5.1227 2.8373 2.7015 240 240 245
5.1254 2.9223 2.6995 240 240 245
5.1244 2.9883 2.7020 240 240 245
5.1261 3.0504 2.7049 240 240 245
5.1279 3.1369 2.6962 240 240 245
5.1248 3.2150 2.6944 240 240 245
5.1231 3.2731 2.6956 240 240 245
5.1259 3.3507 2.6941 240 240 245
5.1265 3.4295 2.7053 240 240 245
5.1202 3.5014 2.7016 240 240 245
5.1252 3.5771 2.7011 240 240 245
5.1296 3.6390 2.6963 240 240 245
5.1270 3.7145 2.6959 240 240 245
5.1231 3.7878 2.6995 240 240 245
5.1245 3.8547 2.6991 240 240 245
5.1245 3.9432 2.7009 240 240 245
5.1209 4.0035 2.7018 240 240 245
5.1277 4.0840 2.6986 240 240 245
5.1218 4.1573 2.6999 240 240 245
5.1390 4.2263 2.6972 240 240 245
5.1298 4.2991 2.6994 240 240 245
5.2011 -0.0005 2.7026 240 240 245
5.1943 0.0771 2.6996 240 240 245
5.1988 0.1479 2.7024 240 240 245
5.1956 0.2180 2.6983 240 240 245
5.1996 0.2960 2.6984 240 240 245
5.1909 0.3680 2.7002 240 240 245
5.2048 0.4293 2.6917 240 240 245
5.2030 0.5128 2.7008 240 240 245
5.2018 0.5814 2.6926 240 240 245
5.1944 0.6510 2.6993 240 240 245
5.1982 0.7269 2.7022 240 240 245
5.2076 0.8039 2.6980 240 240 245
5.1911 0.8687 2.6926 240 240 245
5.2028 0.9486 2.7026 240 240 245
5.1985 1.0185 2.7010 240 240 245
5.1997 1.0918 2.7009 240 240 245
5.1940 1.1613 2.6948 240 240 245
5.1998 1.2377 2.6979 240 240 245
5.2048 1.3101 2.6973 240 240 245
5.2052 1.3878 2.7023 240 240 245
5.2003 1.4564 2.6974 240 240 245
5.2014 1.5310 2.6973 240 240 245
5.2072 1.6016 2.6935 240 240 245
5.1946 1.6768 2.6987 240 240 245
5.2062 1.7507 2.6998 240 240 245
5.1928 1.8150 2.6980 240 240 245
5.2058 1.8933 2.7021 240 240 245
5.1989 1.9681 2.7028 240 240 245
5.1979 2.0419 2.7011 240 240 245
5.2013 2.1104 2.7038 240 240 245
5.2020 2.1903 2.6981 240 240 245
5.1955 2.2612 2.7026 240 240 245
5.1951 2.3343 2.6974 240 240 245
5.2101 2.4099 2.6964 240 240 245
5.1988 2.4749 2.7045 240 240 245
5.1969 2.5539 2.6990 240 240 245
5.2027 2.6271 2.6981 240 240 245
5.2038 2.6987 2.7045 240 240 245
5.1938 2.7727 2.7006 240 240 245
5.2016 2.8432 2.7024 240 240 245
5.1973 2.9119 2.7011 240 240 245
5.2093 2.9797 2.6986 240 240 245
5.1997 3.0610 2.6982 240 240 245
5.2050 3.1406 2.7041 240 240 245
5.1947 3.2063 2.6990 240 240 245
5.1947 3.2767 2.6989 240 240 245
5.1965 3.3580 2.6994 240 240 245
5.2065 3.4276 2.7033 240 240 245
5.1964 3.4969 2.6978 240 240 245
5.1966 3.5739 2.7007 240 240 245
5.2001 3.6376 2.7027 240 240 245
5.2022 3.7197 2.6980 240 240 245
5.1990 3.7925 2.6925 240 240 245
5.1952 3.8677 2.6992 240 240 245
5.1979 3.9379 2.6976 240 240 245
5.1979 4.0040 2.7010 240 240 245
5.1988 4.0853 2.7020 240 240 245
5.2057 4.1531 2.7037 240 240 245
5.1961 4.2304 2.7038 240 240 245
5.1964 4.3103 2.6999 240 240 245
0.0027 -0.0027 0.0072 220 225 230
0.0010 0.0037 0.0532 220 225 230
0.0002 0.0014 0.1101 220 225 230
-0.0067 0.0016 0.1671 220 225 230
-0.0019 0.0074 0.2195 220 225 230
0.0019 0.0008 0.2745 220 225 230
0.0010 0.0022 0.3270 220 225 230
0.0015 -0.0038 0.3852 220 225 230
-0.0041 -0.0017 0.4383 220 225 230
-0.0015 -0.0001 0.4952 220 225 230
-0.0028 -0.0013 0.5466 220 225 230
0.0073 0.0045 0.5995 220 225 230
-0.0037 0.0066 0.6577 220 225 230
0.0035 -0.0009 0.7106 220 225 230
0.0033 0.0011 0.7795 220 225 230
-0.0091 0.0054 0.8254 220 225 230
0.0011 -0.0005 0.8846 220 225 230
-0.0008 -0.0053 0.9389 220 225 230
-0.0027 -0.0006 0.9857 220 225 230
-0.0024 -0.0022 1.0392 220 225 230
0.0058 0.0004 1.0935 220 225 230
-0.0071 -0.0046 1.1621 220 225 230
-0.0002 -0.0072 1.2148 220 225 230
-0.0035 0.0065 1.2630 220 225 230
0.0023 -0.0052 1.3149 220 225 230
0.0079 -0.0004 1.3758 220 225 230
0.0099 -0.0012 1.4364 220 225 230
0.0046 -0.0029 1.4925 220 225 230
0.0079 0.0046 1.5460 220 225 230
0.0008 -0.0038 1.5938 220 225 230
-0.0002 -0.0064 1.6575 220 225 230
-0.0006 -0.0004 1.7112 220 225 230
-0.0006 0.0028 1.7657 220 225 230
-0.0075 0.0006 1.8244 220 225 230
-0.0029 0.0056 1.8713 220 225 230
-0.0048 0.0017 1.9265 220 225 230
0.0020 0.0030 1.9824 220 225 230
0.0001 -0.0073 2.0451 220 225 230
-0.0032 -0.0001 2.0940 220 225 230
-0.0007 0.0020 2.1514 220 225 230
0.0016 -0.0028 2.2035 220 225 230
0.0021 0.0006 2.2647 220 225 230
-0.0003 0.0039 2.3022 220 225 230
-0.0013 0.0035 2.3697 220 225 230
-0.0056 -0.0066 2.4249 220 225 230
-0.0036 0.0007 2.4773 220 225 230
-0.0005 -0.0012 2.5376 220 225 230
0.0026 -0.0004 2.5870 220 225 230
0.0066 0.0008 2.6424 220 225 230
-0.0012 0.0085 2.6988 220 225 230
0.0646 -0.0032 0.0026 220 225 230
0.0696 0.0042 0.0539 220 225 230
0.0628 0.0018 0.1096 220 225 230
0.0623 -0.0047 0.1672 220 225 230
0.0650 0.0051 0.2271 220 225 230
0.0651 -0.0026 0.2725 220 225 230
0.0638 0.0056 0.3285 220 225 230
0.0577 -0.0001 0.3886 220 225 230
0.0617 0.0031 0.4372 220 225 230
0.0637 -0.0030 0.4940 220 225 230
0.0719 -0.0005 0.5480 220 225 230
0.0638 -0.0072 0.5984 220 225 230
0.0697 0.0059 0.6585 220 225 230
0.0661 0.0068 0.7230 220 225 230
0.0626 0.0019 0.7779 220 225 230
0.0654 0.0071 0.8204 220 225 230
0.0652 -0.0125 0.8884 220 225 230
0.0657 0.0023 0.9322 220 225 230
0.0641 -0.0011 0.9917 220 225 230
0.0669 -0.0044 1.0518 220 225 230
0.0661 0.0029 1.1101 220 225 230
0.0651 0.0042 1.1572 220 225 230
0.0652 0.0033 1.2102 220 225 230
0.0636 0.0023 1.2615 220 225 230
0.0587 -0.0025 1.3259 220 225 230
0.0645 0.0045 1.3729 220 225 230
0.0625 0.0073 1.4311 220 225 230
0.0616 0.0038 1.4877 220 225 230
0.0692 -0.0004 1.5467 220 225 230
0.0712 -0.0015 1.5961 220 225 230
0.0649 0.0012 1.6492 220 225 230
0.0646 -0.0040 1.7137 220 225 230
0.0668 0.0107 1.7664 220 225 230
0.0704 -0.0074 1.8196 220 225 230
0.0673 0.0013 1.8793 220 225 230
0.0757 0.0057 1.9232 220 225 230
0.0700 -0.0020 1.9846 220 225 230
0.0628 0.0023 2.0248 220 225 230
0.0655 0.0018 2.0963 220 225 230
0.0647 0.0048 2.1435 220 225 230
0.0638 0.0071 2.2050 220 225 230
0.0578 0.0038 2.2599 220 225 230
0.0596 0.0016 2.3192 220 225 230
0.0679 -0.0030 2.3703 220 225 230
0.0654 0.0037 2.4190 220 225 230
0.0552 0.0020 2.4785 220 225 230
0.0683 -0.0048 2.5317 220 225 230
0.0593 -0.0008 2.5899 220 225 230
0.0685 -0.0019 2.6410 220 225 230
0.0608 -0.0001 2.7022 220 225 230
0.1385 0.0024 -0.0063 220 225 230
0.1275 0.0046 0.0548 220 225 230
0.1296 -0.0028 0.1100 220 225 230
0.1312 -0.0033 0.1622 220 225 230
0.1253 -0.0054 0.2291 220 225 230
0.1328 0.0082 0.2818 220 225 230
0.1368 0.0012 0.3369 220 225 230
0.1324 0.0030 0.3874 220 225 230
0.1320 0.0071 0.4371 220 225 230
0.1343 0.0004 0.4950 220 225 230
0.1332 0.0062 0.5560 220 225 230
0.1316 0.0048 0.6066 220 225 230
0.1350 -0.0034 0.6705 220 225 230
0.1363 0.0069 0.7148 220 225 230
0.1298 0.0019 0.7706 220 225 230
0.1279 -0.0082 0.8282 220 225 230
0.1318 0.0034 0.8890 220 225 230
0.1294 -0.0002 0.9332 220 225 230
0.1318 -0.0040 0.9865 220 225 230
0.1376 0.0036 1.0537 220 225 230
0.1273 -0.0100 1.1018 220 225 230
0.1257 0.0062 1.1638 220 225 230
0.1347 0.0070 1.2109 220 225 230
0.1331 0.0006 1.2666 220 225 230
0.1292 0.0011 1.3264 220 225 230
0.1360 -0.0005 1.3762 220 225 230
0.1323 0.0004 1.4362 220 225 230
0.1325 -0.0032 1.4887 220 225 230
0.1363 -0.0010 1.5393 220 225 230
0.1267 0.0012 1.6030 220 225 230
0.1347 0.0008 1.6501 220 225 230
0.1347 0.0020 1.7074 220 225 230
0.1433 -0.0015 1.7650 220 225 230
0.1331 0.0051 1.8178 220 225 230
0.1386 0.0025 1.8744 220 225 230
0.1255 -0.0044 1.9351 220 225 230
0.1295 -0.0030 1.9821 220 225 230
0.1278 -0.0075 2.0413 220 225 230
0.1314 -0.0018 2.0913 220 225 230
0.1389 -0.0040 2.1495 220 225 230
0.1337 0.0003 2.2069 220 225 230
0.1299 -0.0011 2.2536 220 225 230
0.1294 0.0004 2.3195 220 225 230
0.1294 -0.0013 2.3669 220 225 230
0.1364 0.0054 2.4218 220 225 230
0.1303 -0.0022 2.4790 220 225 230
0.1314 -0.0006 2.5353 220 225 230
0.1392 0.0025 2.5911 220 225 230
0.1371 0.0031 2.6446 220 225 230
0.1367 0.0032 2.7050 220 225 230
0.2037 0.0010 -0.0044 220 225 230
0.1925 0.0062 0.0452 220 225 230
0.1980 0.0024 0.1073 220 225 230
0.1943 -0.0027 0.1645 220 225 230
0.1942 0.0049 0.2190 220 225 230
0.1998 0.0036 0.2786 220 225 230
0.1925 -0.0031 0.3284 220 225 230
0.2005 0.0033 0.3982 220 225 230
0.1902 0.0033 0.4415 220 225 230
0.1971 0.0007 0.5019 220 225 230
0.2021 0.0003 0.5529 220 225 230
0.2035 0.0018 0.6101 220 225 230
0.2003 -0.0008 0.6565 220 225 230
0.1939 -0.0078 0.7081 220 225 230
0.1992 0.0014 0.7689 220 225 230
0.1981 0.0012 0.8225 220 225 230
0.1944 -0.0027 0.8827 220 225 230
0.1987 -0.0068 0.9379 220 225 230
0.1944 -0.0024 0.9914 220 225 230
0.1914 -0.0009 1.0470 220 225 230
0.1905 0.0018 1.1007 220 225 230
0.2039 -0.0026 1.1570 220 225 230
0.1929 0.0041 1.2117 220 225 230
0.1934 0.0009 1.2649 220 225 230
0.1984 0.0030 1.3232 220 225 230
0.1987 -0.0016 1.3780 220 225 230
0.1994 0.0007 1.4338 220 225 230
0.2054 -0.0009 1.4951 220 225 230
0.1983 -0.0009 1.5441 220 225 230
0.1977 -0.0008 1.5968 220 225 230
0.1919 0.0039 1.6493 220 225 230
0.1950 -0.0027 1.7117 220 225 230
0.2012 0.0048 1.7697 220 225 230
0.1901 -0.0052 1.8182 220 225 230
0.1934 -0.0038 1.8727 220 225 230
0.1931 0.0016 1.9357 220 225 230
0.1962 0.0038 1.9830 220 225 230
0.1993 -0.0032 2.0402 220 225 230
0.2029 -0.0016 2.0978 220 225 230
0.2005 0.0013 2.1403 220 225 230
0.1963 -0.0002 2.2112 220 225 230
0.2001 -0.0031 2.2618 220 225 230
0.1981 0.0004 2.3135 220 225 230
0.1908 0.0018 2.3680 220 225 230
0.1927 -0.0029 2.4299 220 225 230
0.2019 0.0023 2.4800 220 225 230
0.1985 -0.0016 2.5344 220 225 230
0.2007 -0.0051 2.5917 220 225 230
0.2022 -0.0027 2.6511 220 225 230
0.1941 0.0036 2.7018 220 225 230
0.2654 -0.0052 -0.0014 220 225 230
0.2584 0.0065 0.0552 220 225 230
0.2655 -0.0065 0.1107 220 225 230
0.2671 -0.0082 0.1677 220 225 230
0.2671 -0.0020 0.2208 220 225 230
0.2651 0.0011 0.2771 220 225 230
0.2656 0.0034 0.3334 220 225 230
0.2626 -0.0019 0.3921 220 225 230
0.2643 0.0005 0.4345 220 225 230
0.2635 0.0038 0.4922 220 225 230
0.2684 -0.0019 0.5484 220 225 230
0.2678 0.0131 0.6027 220 225 230
0.2661 -0.0111 0.6668 220 225 230
0.2661 0.0077 0.7170 220 225 230
0.2648 0.0021 0.7734 220 225 230
0.2648 0.0020 0.8234 220 225 230
0.2632 -0.0048 0.8874 220 225 230
0.2627 0.0043 0.9387 220 225 230
0.2728 -0.0024 0.9859 220 225 230
0.2634 -0.0040 1.0398 220 225 230
0.2618 -0.0029 1.1002 220 225 230
0.2692 -0.0010 1.1600 220 225 230
0.2660 -0.0088 1.2104 220 225 230
0.2670 0.0073 1.2622 220 225 230
0.2702 -0.0090 1.3227 220 225 230
0.2683 0.0043 1.3769 220 225 230
0.2609 0.0101 1.4357 220 225 230
0.2694 0.0029 1.4920 220 225 230
0.2594 0.0065 1.5469 220 225 230
0.2639 -0.0057 1.6011 220 225 230
0.2665 0.0054 1.6612 220 225 230
0.2617 0.0076 1.7014 220 225 230
0.2633 0.0030 1.7591 220 225 230
0.2660 0.0049 1.8207 220 225 230
0.2647 -0.0028 1.8772 220 225 230
0.2575 -0.0002 1.9325 220 225 230
0.2604 0.0061 1.9811 220 225 230
0.2570 -0.0051 2.0377 220 225 230
0.2687 -0.0011 2.0970 220 225 230
0.2580 0.0023 2.1557 220 225 230
0.2620 0.0017 2.2056 220 225 230
0.2650 -0.0005 2.2611 220 225 230
0.2640 0.0025 2.3080 220 225 230
0.2616 -0.0054 2.3676 220 225 230
0.2616 0.0035 2.4175 220 225 230
0.2656 0.0028 2.4811 220 225 230
0.2655 0.0031 2.5355 220 225 230
0.2617 -0.0118 2.5935 220 225 230
0.2618 0.0022 2.6401 220 225 230
0.2696 -0.0004 2.6962 220 225 230
0.3367 0.0013 0.0006 220 225 230
0.3263 0.0004 0.0545 220 225 230
0.3261 0.0067 0.1056 220 225 230
0.3228 -0.0089 0.1654 220 225 230
0.3324 0.0031 0.2201 220 225 230
0.3282 0.0039 0.2732 220 225 230
0.3294 -0.0024 0.3301 220 225 230
0.3346 -0.0027 0.3881 220 225 230
0.3330 -0.0040 0.4447 220 225 230
0.3201 0.0012 0.4959 220 225 230
0.3349 -0.0091 0.5518 220 225 230
0.3235 0.0006 0.5946 220 225 230
0.3325 0.0013 0.6587 220 225 230
0.3288 0.0027 0.7181 220 225 230
0.3199 -0.0065 0.7657 220 225 230
0.3386 0.0015 0.8248 220 225 230
0.3313 0.0047 0.8823 220 225 230
0.3304 0.0024 0.9380 220 225 230
0.3301 0.0056 0.9886 220 225 230
0.3267 0.0047 1.0413 220 225 230
0.3341 0.0022 1.0977 220 225 230
0.3340 0.0018 1.1501 220 225 230
0.3353 0.0060 1.2128 220 225 230
0.3272 -0.0026 1.2632 220 225 230
0.3360 0.0067 1.3263 220 225 230
0.3245 -0.0016 1.3801 220 225 230
0.3305 0.0035 1.4312 220 225 230
0.3242 0.0062 1.4936 220 225 230
0.3271 -0.0004 1.5487 220 225 230
0.3298 0.0016 1.6008 220 225 230
0.3331 -0.0007 1.6523 220 225 230
0.3211 0.0079 1.7042 220 225 230
0.3222 -0.0026 1.7605 220 225 230
0.3267 -0.0008 1.8136 220 225 230
0.3377 0.0000 1.8747 220 225 230
0.3321 -0.0044 1.9267 220 225 230
0.3304 0.0003 1.9802 220 225 230
0.3250 -0.0063 2.0321 220 225 230
0.3293 -0.0035 2.0938 220 225 230
0.3330 0.0019 2.1484 220 225 230
0.3292 -0.0007 2.1979 220 225 230
0.3287 0.0010 2.2604 220 225 230
0.3296 0.0060 2.3129 220 225 230
0.3269 -0.0062 2.3730 220 225 230
0.3247 0.0013 2.4321 220 225 230
0.3356 0.0032 2.4847 220 225 230
0.3286 0.0035 2.5341 220 225 230
0.3235 0.0057 2.5901 220 225 230
0.3309 -0.0045 2.6434 220 225 230
0.3305 -0.0031 2.7014 220 225 230
0.3926 -0.0039 -0.0010 220 225 230
0.3968 0.0014 0.0618 220 225 230
0.3933 0.0027 0.1114 220 225 230
0.3926 0.0000 0.1593 220 225 230
0.3923 0.0026 0.2229 220 225 230
0.3959 0.0121 0.2773 220 225 230
0.4002 0.0014 0.3300 220 225 230
0.3875 -0.0069 0.3856 220 225 230
0.3940 -0.0049 0.4351 220 225 230
0.3921 -0.0043 0.4969 220 225 230
0.3961 0.0008 0.5508 220 225 230
0.3996 0.0020 0.6106 220 225 230
0.3907 0.0039 0.6550 220 225 230
0.4023 -0.0002 0.7124 220 225 230
0.3978 0.0015 0.7718 220 225 230
0.3955 -0.0028 0.8319 220 225 230
0.3943 -0.0021 0.8900 220 225 230
0.3895 0.0036 0.9392 220 225 230
0.3989 0.0055 0.9932 220 225 230
0.3967 0.0012 1.0431 220 225 230
0.3893 0.0070 1.0971 220 225 230
0.3980 -0.0053 1.1534 220 225 230
0.3922 0.0081 1.2123 220 225 230
0.3912 -0.0103 1.2671 220 225 230
0.3907 -0.0023 1.3239 220 225 230
0.3951 0.0032 1.3718 220 225 230
0.3943 0.0041 1.4298 220 225 230
0.3946 -0.0023 1.4949 220 225 230
0.3892 0.0025 1.5416 220 225 230
0.4007 0.0005 1.6003 220 225 230
0.3986 0.0012 1.6543 220 225 230
0.3934 0.0037 1.7152 220 225 230
0.3915 0.0022 1.7640 220 225 230
0.3932 -0.0059 1.8224 220 225 230
0.4008 0.0072 1.8667 220 225 230
0.3862 -0.0045 1.9275 220 225 230
0.4016 -0.0046 1.9882 220 225 230
0.3884 -0.0048 2.0339 220 225 230
0.3918 -0.0007 2.0912 220 225 230
0.4000 -0.0002 2.1509 220 225 230
0.3952 0.0016 2.2074 220 225 230
0.3924 -0.0062 2.2599 220 225 230
0.3929 -0.0048 2.3135 220 225 230
0.3916 -0.0017 2.3696 220 225 230
0.3884 -0.0032 2.4274 220 225 230
0.3943 -0.0066 2.4834 220 225 230
0.3876 0.0027 2.5355 220 225 230
0.3943 -0.0029 2.5928 220 225 230
0.3918 -0.0033 2.6440 220 225 230
0.3935 -0.0006 2.6987 220 225 230
0.4681 -0.0004 -0.0016 220 225 230
0.4583 -0.0064 0.0586 220 225 230
0.4657 0.0015 0.1068 220 225 230
0.4639 0.0020 0.1650 220 225 230
0.4631 -0.0001 0.2188 220 225 230
0.4655 0.0003 0.2751 220 225 230
0.4616 0.0055 0.3226 220 225 230
0.4652 -0.0071 0.3861 220 225 230
0.4627 -0.0009 0.4381 220 225 230
0.4638 -0.0008 0.4927 220 225 230
0.4574 -0.0005 0.5537 220 225 230
0.4603 0.0048 0.6119 220 225 230
0.4579 -0.0008 0.6685 220 225 230
0.4606 -0.0001 0.7201 220 225 230
0.4650 -0.0005 0.7735 220 225 230
0.4597 -0.0010 0.8286 220 225 230
0.4599 0.0023 0.8736 220 225 230
0.4572 -0.0002 0.9475 220 225 230
0.4605 0.0048 0.9883 220 225 230
0.4672 -0.0002 1.0438 220 225 230
0.4603 -0.0004 1.1062 220 225 230
0.4691 -0.0010 1.1577 220 225 230
0.4538 0.0055 1.2111 220 225 230
0.4566 -0.0051 1.2699 220 225 230
0.4641 0.0011 1.3225 220 225 230
0.4671 0.0021 1.3779 220 225 230
0.4594 0.0137 1.4356 220 225 230
0.4583 0.0018 1.4865 220 225 230
0.4585 0.0018 1.5546 220 225 230
0.4678 -0.0000 1.5952 220 225 230
0.4611 -0.0040 1.6512 220 225 230
0.4596 -0.0039 1.7120 220 225 230
0.4600 0.0007 1.7604 220 225 230
0.4625 0.0023 1.8177 220 225 230
0.4651 0.0056 1.8751 220 225 230
0.4660 -0.0034 1.9291 220 225 230
0.4657 -0.0070 1.9849 220 225 230
0.4606 -0.0015 2.0403 220 225 230
0.4633 0.0023 2.0917 220 225 230
0.4645 -0.0002 2.1450 220 225 230
0.4614 0.0035 2.1921 220 225 230
0.4614 -0.0055 2.2597 220 225 230
0.4571 0.0020 2.3124 220 225 230
0.4557 0.0026 2.3726 220 225 230
0.4653 0.0014 2.4241 220 225 230
0.4565 0.0006 2.4787 220 225 230
0.4628 -0.0010 2.5387 220 225 230
0.4585 0.0003 2.5835 220 225 230
0.4577 0.0007 2.6410 220 225 230
0.4616 -0.0022 2.7040 220 225 230
0.5333 0.0010 0.0013 220 225 230
0.5270 0.0006 0.0552 220 225 230
0.5243 0.0039 0.1095 220 225 230
0.5234 0.0040 0.1626 220 225 230
0.5231 0.0020 0.2152 220 225 230
0.5243 -0.0108 0.2744 220 225 230
0.5194 0.0068 0.3308 220 225 230
0.5214 -0.0060 0.3845 220 225 230
0.5288 0.0019 0.4455 220 225 230
0.5346 0.0009 0.4885 220 225 230
0.5291 -0.0001 0.5565 220 225 230
0.5339 0.0018 0.6080 220 225 230
0.5262 -0.0065 0.6613 220 225 230
0.5331 0.0033 0.7172 220 225 230
0.5210 0.0009 0.7640 220 225 230
0.5159 0.0031 0.8204 220 225 230
0.5279 0.0060 0.8809 220 225 230
0.5226 -0.0011 0.9369 220 225 230
0.5286 -0.0002 0.9888 220 225 230
0.5304 0.0007 1.0438 220 225 230
0.5271 0.0041 1.1037 220 225 230
0.5338 -0.0020 1.1552 220 225 230
0.5251 0.0003 1.2159 220 225 230
0.5257 -0.0066 1.2763 220 225 230
0.5270 0.0002 1.3197 220 225 230
0.5244 -0.0002 1.3718 220 225 230
0.5317 -0.0049 1.4283 220 225 230
0.5305 -0.0063 1.4838 220 225 230
0.5167 0.0019 1.5398 220 225 230
0.5284 0.0053 1.6014 220 225 230
0.5314 0.0024 1.6600 220 225 230
0.5238 0.0059 1.7017 220 225 230
0.5334 -0.0013 1.7633 220 225 230
0.5264 0.0011 1.8180 220 225 230
0.5308 0.0039 1.8771 220 225 230
0.5270 -0.0021 1.9319 220 225 230
0.5323 0.0036 1.9864 220 225 230
0.5288 0.0029 2.0400 220 225 230
0.5237 0.0044 2.0934 220 225 230
0.5270 -0.0065 2.1483 220 225 230
0.5294 0.0011 2.2073 220 225 230
0.5247 0.0030 2.2560 220 225 230
0.5241 0.0063 2.3091 220 225 230
0.5163 -0.0056 2.3773 220 225 230
0.5285 0.0015 2.4255 220 225 230
0.5335 -0.0030 2.4844 220 225 230
0.5266 -0.0020 2.5262 220 225 230
0.5279 -0.0014 2.5896 220 225 230
0.5288 -0.0049 2.6439 220 225 230
0.5276 0.0000 2.6951 220 225 230
0.5986 -0.0053 -0.0042 220 225 230
0.5852 -0.0002 0.0560 220 225 230
0.5929 0.0029 0.1087 220 225 230
0.5974 -0.0005 0.1624 220 225 230
0.6010 0.0042 0.2192 220 225 230
0.5890 0.0056 0.2731 220 225 230
0.5900 -0.0022 0.3243 220 225 230
0.5926 0.0007 0.3850 220 225 230
0.5969 -0.0016 0.4456 220 225 230
0.5923 0.0011 0.4981 220 225 230
0.5906 0.0001 0.5516 220 225 230
0.5900 -0.0037 0.6079 220 225 230
0.5904 0.0021 0.6608 220 225 230
0.5938 -0.0063 0.7184 220 225 230
0.5974 0.0016 0.7725 220 225 230
0.5885 0.0053 0.8295 220 225 230
0.5960 0.0105 0.8857 220 225 230
0.5927 -0.0022 0.9428 220 225 230
0.5931 0.0030 0.9887 220 225 230
0.5905 -0.0035 1.0485 220 225 230
0.5894 0.0042 1.1037 220 225 230
0.5935 -0.0016 1.1604 220 225 230
0.5883 -0.0011 1.2170 220 225 230
0.5874 -0.0012 1.2642 220 225 230
0.5949 -0.0012 1.3198 220 225 230
0.5929 0.0060 1.3715 220 225 230
0.5917 0.0008 1.4263 220 225 230
0.5881 0.0028 1.4927 220 225 230
0.5976 0.0022 1.5392 220 225 230
0.5910 0.0004 1.5981 220 225 230
0.6016 0.0034 1.6519 220 225 230
0.5925 0.0032 1.7099 220 225 230
0.5921 0.0014 1.7593 220 225 230
0.5944 0.0051 1.8192 220 225 230
0.5945 -0.0011 1.8701 220 225 230
0.5938 0.0041 1.9238 220 225 230
0.5872 0.0018 1.9846 220 225 230
0.5967 -0.0072 2.0355 220 225 230
0.5935 0.0053 2.0925 220 225 230
0.5926 0.0009 2.1515 220 225 230
0.5942 0.0001 2.2017 220 225 230
0.5922 0.0008 2.2520 220 225 230
0.5888 0.0058 2.3099 220 225 230
0.5923 -0.0050 2.3734 220 225 230
0.5941 -0.0053 2.4291 220 225 230
0.5919 0.0034 2.4707 220 225 230
0.5934 -0.0005 2.5359 220 225 230
0.5898 0.0067 2.5934 220 225 230
0.5957 -0.0053 2.6411 220 225 230
0.5898 -0.0004 2.6945 220 225 230
0.6670 -0.0023 -0.0068 220 225 230
0.6598 -0.0030 0.0598 220 225 230
0.6585 -0.0049 0.1141 220 225 230
0.6602 0.0014 0.1666 220 225 230
0.6611 -0.0008 0.2197 220 225 230
0.6581 0.0011 0.2758 220 225 230
0.6590 -0.0026 0.3283 220 225 230
0.6532 -0.0015 0.3884 220 225 230
0.6591 0.0054 0.4400 220 225 230
0.6605 -0.0019 0.4983 220 225 230
0.6625 -0.0001 0.5491 220 225 230
0.6563 0.0009 0.6046 220 225 230
0.6576 0.0066 0.6619 220 225 230
0.6530 0.0010 0.7165 220 225 230
0.6669 0.0033 0.7694 220 225 230
0.6548 0.0012 0.8230 220 225 230
0.6629 0.0017 0.8868 220 225 230
0.6580 -0.0073 0.9335 220 225 230
0.6622 -0.0030 0.9969 220 225 230
0.6600 -0.0024 1.0408 220 225 230
0.6613 -0.0026 1.1017 220 225 230
0.6496 -0.0008 1.1601 220 225 230
0.6629 -0.0050 1.2123 220 225 230
0.6550 -0.0047 1.2722 220 225 230
0.6616 0.0057 1.3224 220 225 230
0.6654 -0.0005 1.3778 220 225 230
0.6577 0.0011 1.4235 220 225 230
0.6638 -0.0029 1.4842 220 225 230
0.6592 0.0026 1.5462 220 225 230
0.6576 -0.0068 1.6021 220 225 230
0.6661 -0.0016 1.6503 220 225 230
0.6614 -0.0044 1.7123 220 225 230
0.6583 0.0066 1.7608 220 225 230
0.6669 0.0054 1.8222 220 225 230
0.6591 -0.0002 1.8765 220 225 230
0.6593 -0.0070 1.9319 220 225 230
0.6477 -0.0004 1.9788 220 225 230
0.6649 -0.0002 2.0421 220 225 230
0.6588 -0.0077 2.0951 220 225 230
0.6627 0.0022 2.1523 220 225 230
0.6621 0.0081 2.2045 220 225 230
0.6637 0.0042 2.2516 220 225 230
0.6609 0.0024 2.3054 220 225 230
0.6535 0.0030 2.3725 220 225 230
0.6498 -0.0006 2.4231 220 225 230
0.6553 -0.0057 2.4817 220 225 230
0.6605 -0.0044 2.5299 220 225 230
0.6572 0.0029 2.5986 220 225 230
0.6615 0.0049 2.6445 220 225 230
0.6565 -0.0062 2.6983 220 225 230
0.7282 0.0020 0.0010 220 225 230
0.7255 -0.0087 0.0557 220 225 230
0.7248 0.0057 0.1180 220 225 230
0.7259 -0.0042 0.1676 220 225 230
0.7230 -0.0031 0.2179 220 225 230
0.7297 -0.0107 0.2751 220 225 230
0.7240 -0.0007 0.3265 220 225 230
0.7236 -0.0050 0.3800 220 225 230
0.7187 0.0000 0.4429 220 225 230
0.7265 0.0008 0.4946 220 225 230
0.7229 0.0022 0.5461 220 225 230
0.7246 0.0024 0.6098 220 225 230
0.7225 -0.0018 0.6680 220 225 230
0.7191 0.0035 0.7232 220 225 230
0.7238 -0.0001 0.7674 220 225 230
0.7300 0.0004 0.8246 220 225 230
0.7235 0.0015 0.8836 220 225 230
0.7209 0.0013 0.9333 220 225 230
0.7246 -0.0041 0.9872 220 225 230
0.7178 0.0017 1.0483 220 225 230
0.7249 -0.0008 1.1007 220 225 230
0.7257 0.0023 1.1570 220 225 230
0.7211 0.0001 1.2104 220 225 230
0.7208 -0.0049 1.2649 220 225 230
0.7244 -0.0041 1.3215 220 225 230
0.7249 -0.0043 1.3801 220 225 230
0.7167 -0.0029 1.4314 220 225 230
0.7248 0.0046 1.4844 220 225 230
0.7249 0.0004 1.5419 220 225 230
0.7277 0.0030 1.5957 220 225 230
0.7150 -0.0060 1.6494 220 225 230
0.7233 -0.0020 1.7132 220 225 230
0.7242 0.0012 1.7694 220 225 230
0.7259 0.0008 1.8208 220 225 230
0.7295 0.0006 1.8739 220 225 230
0.7301 -0.0001 1.9289 220 225 230
0.7165 -0.0015 1.9858 220 225 230
0.7245 0.0006 2.0402 220 225 230
0.7253 0.0003 2.0970 220 225 230
0.7232 0.0020 2.1470 220 225 230
0.7264 0.0011 2.2045 220 225 230
0.7254 0.0058 2.2638 220 225 230
0.7213 -0.0089 2.3201 220 225 230
0.7247 0.0004 2.3663 220 225 230
0.7186 -0.0031 2.4184 220 225 230
0.7211 -0.0031 2.4791 220 225 230
0.7254 0.0034 2.5310 220 225 230
0.7226 0.0007 2.5849 220 225 230
0.7232 -0.0028 2.6484 220 225 230
0.7194 -0.0045 2.7005 220 225 230
0.7889 0.0020 -0.0086 220 225 230
0.7910 0.0027 0.0576 220 225 230
0.7899 0.0090 0.1137 220 225 230
0.7879 -0.0027 0.1703 220 225 230
0.7880 -0.0007 0.2155 220 225 230
0.7887 0.0029 0.2678 220 225 230
0.7953 0.0046 0.3330 220 225 230
0.7882 -0.0052 0.3928 220 225 230
0.7881 -0.0030 0.4434 220 225 230
0.7899 0.0033 0.4933 220 225 230
0.7905 0.0041 0.5546 220 225 230
0.7945 0.0004 0.6109 220 225 230
0.7881 -0.0017 0.6649 220 225 230
0.7920 0.0022 0.7162 220 225 230
0.7914 0.0096 0.7716 220 225 230
0.7942 0.0006 0.8256 220 225 230
0.7837 0.0008 0.8864 220 225 230
0.7868 -0.0047 0.9384 220 225 230
0.7947 0.0018 0.9946 220 225 230
0.7924 0.0000 1.0507 220 225 230
0.7964 0.0047 1.1131 220 225 230
0.7924 0.0009 1.1601 220 225 230
0.7896 -0.0005 1.2174 220 225 230
0.7907 -0.0018 1.2716 220 225 230
0.7863 0.0067 1.3238 220 225 230
0.7913 0.0030 1.3756 220 225 230
0.7941 -0.0053 1.4302 220 225 230
0.7925 0.0041 1.4917 220 225 230
0.7877 0.0058 1.5404 220 225 230
0.8002 -0.0046 1.6003 220 225 230
0.7957 -0.0002 1.6509 220 225 230
0.7926 -0.0033 1.7078 220 225 230
0.7874 0.0033 1.7677 220 225 230
0.7924 0.0064 1.8166 220 225 230
0.7905 -0.0009 1.8690 220 225 230
0.7942 0.0010 1.9302 220 225 230
0.7890 0.0036 1.9794 220 225 230
0.7936 0.0028 2.0410 220 225 230
0.7963 -0.0015 2.0906 220 225 230
0.7972 -0.0042 2.1426 220 225 230
0.7939 0.0018 2.1941 220 225 230
0.7945 -0.0013 2.2620 220 225 230
0.7854 -0.0049 2.3188 220 225 230
0.7893 -0.0028 2.3727 220 225 230
0.7902 0.0012 2.4206 220 225 230
0.7922 -0.0005 2.4748 220 225 230
0.7876 0.0046 2.5438 220 225 230
0.7920 -0.0024 2.5897 220 225 230
0.7857 0.0003 2.6474 220 225 230
0.7910 0.0036 2.6962 220 225 230
0.8517 -0.0013 -0.0051 220 225 230
0.8496 -0.0038 0.0570 220 225 230
0.8587 -0.0045 0.1147 220 225 230
0.8501 -0.0059 0.1621 220 225 230
0.8574 0.0032 0.2227 220 225 230
0.8524 0.0037 0.2772 220 225 230
0.8543 -0.0024 0.3301 220 225 230
0.8496 0.0015 0.3884 220 225 230
0.8543 -0.0001 0.4421 220 225 230
0.8565 0.0059 0.4967 220 225 230
0.8547 0.0008 0.5477 220 225 230
0.8547 -0.0011 0.6021 220 225 230
0.8554 0.0017 0.6623 220 225 230
0.8547 -0.0050 0.7166 220 225 230
0.8560 0.0042 0.7640 220 225 230
0.8558 0.0022 0.8374 220 225 230
0.8535 -0.0019 0.8831 220 225 230
0.8554 -0.0021 0.9399 220 225 230
0.8523 0.0014 0.9958 220 225 230
0.8553 -0.0022 1.0424 220 225 230
0.8544 0.0015 1.1021 220 225 230
0.8616 -0.0030 1.1627 220 225 230
0.8519 -0.0000 1.2145 220 225 230
0.8557 -0.0017 1.2707 220 225 230
0.8575 0.0026 1.3230 220 225 230
0.8541 0.0030 1.3749 220 225 230
0.8674 -0.0011 1.4298 220 225 230
0.8431 0.0065 1.4940 220 225 230
0.8687 0.0068 1.5329 220 225 230
0.8580 -0.0008 1.5970 220 225 230
0.8587 -0.0004 1.6599 220 225 230
0.8490 -0.0008 1.7061 220 225 230
0.8477 -0.0021 1.7629 220 225 230
0.8589 0.0017 1.8231 220 225 230
0.8551 0.0033 1.8756 220 225 230
0.8601 0.0000 1.9269 220 225 230
0.8693 -0.0019 1.9786 220 225 230
0.8599 0.0015 2.0355 220 225 230
0.8555 0.0083 2.0950 220 225 230
0.8543 -0.0030 2.1510 220 225 230
0.8583 -0.0052 2.2032 220 225 230
0.8554 -0.0071 2.2604 220 225 230
0.8629 0.0015 2.3147 220 225 230
0.8563 -0.0032 2.3643 220 225 230
0.8504 0.0018 2.4186 220 225 230
0.8606 -0.0067 2.4777 220 225 230
0.8557 -0.0023 2.5326 220 225 230
0.8515 0.0025 2.5839 220 225 230
0.8594 0.0020 2.6461 220 225 230
0.8619 -0.0029 2.6997 220 225 230
0.9230 0.0066 0.0001 220 225 230
0.9235 -0.0074 0.0561 220 225 230
0.9181 0.0100 0.1112 220 225 230
0.9237 0.0021 0.1713 220 225 230
0.9249 -0.0038 0.2219 220 225 230
0.9193 -0.0013 0.2760 220 225 230
0.9240 0.0001 0.3269 220 225 230
0.9259 0.0108 0.3835 220 225 230
0.9239 -0.0001 0.4499 220 225 230
0.9224 0.0041 0.4921 220 225 230
0.9165 -0.0017 0.5521 220 225 230
0.9195 -0.0040 0.6053 220 225 230
0.9235 -0.0008 0.6584 220 225 230
0.9241 0.0039 0.7162 220 225 230
0.9230 0.0023 0.7654 220 225 230
0.9182 -0.0002 0.8330 220 225 230
0.9240 0.0012 0.8840 220 225 230
0.9258 0.0086 0.9376 220 225 230
0.9245 -0.0014 0.9887 220 225 230
0.9237 -0.0014 1.0435 220 225 230
0.9192 -0.0022 1.0969 220 225 230
0.9248 0.0018 1.1531 220 225 230
0.9198 -0.0048 1.2110 220 225 230
0.9243 0.0068 1.2736 220 225 230
0.9224 0.0061 1.3269 220 225 230
0.9197 -0.0046 1.3802 220 225 230
0.9298 -0.0043 1.4360 220 225 230
0.9169 -0.0036 1.4860 220 225 230
0.9138 0.0035 1.5394 220 225 230
0.9205 0.0025 1.6007 220 225 230
0.9192 -0.0043 1.6579 220 225 230
0.9208 -0.0042 1.7077 220 225 230
0.9202 0.0007 1.7637 220 225 230
0.9208 0.0023 1.8164 220 225 230
0.9191 0.0015 1.8726 220 225 230
0.9157 -0.0030 1.9286 220 225 230
0.9231 -0.0002 1.9835 220 225 230
0.9236 -0.0038 2.0413 220 225 230
0.9194 0.0025 2.0905 220 225 230
0.9172 0.0018 2.1437 220 225 230
0.9251 0.0028 2.2068 220 225 230
0.9179 0.0010 2.2624 220 225 230
0.9296 -0.0013 2.3109 220 225 230
0.9214 -0.0006 2.3653 220 225 230
0.9173 -0.0081 2.4299 220 225 230
0.9220 -0.0117 2.4754 220 225 230
0.9162 -0.0089 2.5341 220 225 230
0.9209 0.0017 2.5910 220 225 230
0.9237 -0.0007 2.6455 220 225 230
0.9191 -0.0006 2.6967 220 225 230
0.9847 -0.0004 0.0091 220 225 230
0.9891 -0.0071 0.0525 220 225 230
0.9923 0.0017 0.1116 220 225 230
0.9894 0.0004 0.1655 220 225 230
0.9893 -0.0008 0.2223 220 225 230
0.9878 -0.0068 0.2737 220 225 230
0.9825 0.0030 0.3351 220 225 230
0.9839 -0.0004 0.3858 220 225 230
0.9902 0.0108 0.4365 220 225 230
0.9837 -0.0027 0.4969 220 225 230
0.9878 0.0026 0.5534 220 225 230
0.9812 -0.0011 0.6049 220 225 230
0.9912 -0.0013 0.6667 220 225 230
0.9852 -0.0012 0.7136 220 225 230
0.9880 0.0003 0.7773 220 225 230
0.9861 -0.0015 0.8309 220 225 230
0.9845 0.0012 0.8765 220 225 230
0.9842 -0.0037 0.9361 220 225 230
0.9841 0.0017 0.9931 220 225 230
0.9844 0.0003 1.0454 220 225 230
0.9915 -0.0062 1.1027 220 225 230
0.9895 0.0025 1.1604 220 225 230
0.9808 0.0055 1.2097 220 225 230
0.9882 -0.0066 1.2650 220 225 230
0.9886 0.0013 1.3183 220 225 230
0.9864 0.0031 1.3807 220 225 230
0.9890 -0.0025 1.4294 220 225 230
0.9860 -0.0096 1.4823 220 225 230
0.9852 0.0029 1.5439 220 225 230
0.9909 -0.0027 1.5985 220 225 230
0.9920 0.0016 1.6522 220 225 230
0.9947 -0.0001 1.7094 220 225 230
0.9845 0.0082 1.7623 220 225 230
0.9827 0.0069 1.8135 220 225 230
0.9910 0.0023 1.8677 220 225 230
0.9920 -0.0015 1.9338 220 225 230
0.9893 -0.0030 1.9934 220 225 230
0.9930 0.0011 2.0374 220 225 230
0.9862 0.0006 2.0992 220 225 230
0.9823 0.0041 2.1513 220 225 230
0.9843 0.0053 2.2064 220 225 230
0.9842 -0.0012 2.2620 220 225 230
0.9926 -0.0053 2.3184 220 225 230
0.9875 0.0044 2.3675 220 225 230
0.9895 0.0007 2.4207 220 225 230
0.9832 -0.0054 2.4782 220 225 230
0.9913 -0.0034 2.5251 220 225 230
0.9850 0.0100 2.5803 220 225 230
0.9849 0.0030 2.6449 220 225 230
0.9927 -0.0018 2.7053 220 225 230
1.0579 0.0042 -0.0022 220 225 230
1.0567 0.0033 0.0540 220 225 230
1.0524 -0.0022 0.1120 220 225 230
1.0415 -0.0050 0.1614 220 225 230
1.0571 0.0025 0.2200 220 225 230
1.0516 -0.0022 0.2797 220 225 230
1.0520 -0.0042 0.3356 220 225 230
1.0539 -0.0064 0.3786 220 225 230
1.0522 -0.0013 0.4346 220 225 230
1.0609 0.0109 0.4912 220 225 230
1.0496 0.0105 0.5527 220 225 230
1.0516 -0.0020 0.6121 220 225 230
1.0501 0.0046 0.6515 220 225 230
1.0525 -0.0035 0.7189 220 225 230
1.0541 0.0038 0.7701 220 225 230
1.0543 -0.0012 0.8246 220 225 230
1.0446 -0.0003 0.8829 220 225 230
1.0495 -0.0040 0.9341 220 225 230
1.0508 0.0027 0.9928 220 225 230
1.0506 0.0022 1.0407 220 225 230
1.0561 0.0095 1.1061 220 225 230
1.0487 -0.0030 1.1518 220 225 230
1.0570 0.0002 1.2123 220 225 230
1.0539 0.0047 1.2647 220 225 230
1.0467 0.0034 1.3218 220 225 230
1.0466 0.0023 1.3790 220 225 230
1.0494 -0.0044 1.4367 220 225 230
1.0541 -0.0028 1.4878 220 225 230
1.0521 0.0029 1.5457 220 225 230
1.0484 0.0036 1.5867 220 225 230
1.0544 0.0011 1.6501 220 225 230
1.0455 0.0008 1.7090 220 225 230
1.0517 0.0011 1.7589 220 225 230
1.0475 0.0046 1.8215 220 225 230
1.0577 -0.0113 1.8796 220 225 230
1.0532 0.0050 1.9296 220 225 230
1.0515 -0.0031 1.9777 220 225 230
1.0567 -0.0079 2.0369 220 225 230
1.0564 -0.0058 2.0951 220 225 230
1.0524 -0.0039 2.1498 220 225 230
1.0460 0.0022 2.2065 220 225 230
1.0532 -0.0057 2.2572 220 225 230
1.0569 -0.0029 2.3217 220 225 230
1.0540 -0.0016 2.3702 220 225 230
1.0565 0.0013 2.4235 220 225 230
1.0587 -0.0048 2.4840 220 225 230
1.0495 0.0017 2.5286 220 225 230
1.0577 0.0012 2.5844 220 225 230
1.0531 -0.0041 2.6455 220 225 230
1.0560 -0.0078 2.6994 220 225 230
1.1172 0.0034 0.0010 220 225 230
1.1141 0.0009 0.0542 220 225 230
1.1169 -0.0038 0.1081 220 225 230
1.1166 0.0032 0.1719 220 225 230
1.1143 -0.0026 0.2190 220 225 230
1.1227 0.0044 0.2724 220 225 230
1.1154 -0.0037 0.3302 220 225 230
1.1118 -0.0024 0.3868 220 225 230
1.1169 -0.0037 0.4448 220 225 230
1.1208 -0.0010 0.4987 220 225 230
1.1142 -0.0078 0.5502 220 225 230
1.1139 -0.0044 0.6018 220 225 230
1.1149 0.0028 0.6631 220 225 230
1.1172 -0.0037 0.7132 220 225 230
1.1106 -0.0014 0.7774 220 225 230
1.1188 0.0056 0.8209 220 225 230
1.1116 -0.0042 0.8791 220 225 230
1.1331 -0.0017 0.9341 220 225 230
1.1178 0.0017 0.9862 220 225 230
1.1219 -0.0027 1.0406 220 225 230
1.1165 0.0010 1.1013 220 225 230
1.1133 -0.0027 1.1587 220 225 230
1.1243 0.0015 1.2117 220 225 230
1.1233 0.0058 1.2614 220 225 230
1.1175 0.0056 1.3219 220 225 230
1.1152 0.0000 1.3718 220 225 230
1.1140 -0.0054 1.4360 220 225 230
1.1189 0.0012 1.4902 220 225 230
1.1260 0.0067 1.5442 220 225 230
1.1259 0.0020 1.5973 220 225 230
1.1154 0.0015 1.6521 220 225 230
1.1149 -0.0044 1.7125 220 225 230
1.1171 -0.0080 1.7662 220 225 230
1.1255 -0.0025 1.8084 220 225 230
1.1226 0.0012 1.8746 220 225 230
1.1219 0.0013 1.9252 220 225 230
1.1128 -0.0117 1.9813 220 225 230
1.1234 -0.0023 2.0286 220 225 230
1.1231 -0.0018 2.0919 220 225 230
1.1169 0.0012 2.1467 220 225 230
1.1213 0.0017 2.2107 220 225 230
1.1211 0.0027 2.2548 220 225 230
1.1247 -0.0019 2.3123 220 225 230
1.1204 0.0000 2.3688 220 225 230
1.1199 0.0025 2.4261 220 225 230
1.1155 -0.0007 2.4791 220 225 230
1.1198 0.0028 2.5348 220 225 230
1.1184 -0.0001 2.5858 220 225 230
1.1180 -0.0014 2.6456 220 225 230
1.1138 -0.0001 2.6974 220 225 230
1.1854 0.0030 -0.0029 220 225 230
1.1829 -0.0019 0.0592 220 225 230
1.1822 -0.0028 0.1093 220 225 230
1.1868 0.0044 0.1648 220 225 230
1.1860 0.0020 0.2191 220 225 230
1.1833 -0.0046 0.2770 220 225 230
1.1811 0.0039 0.3265 220 225 230
1.1870 0.0095 0.3857 220 225 230
1.1788 -0.0021 0.4394 220 225 230
1.1816 -0.0002 0.4970 220 225 230
1.1776 0.0027 0.5507 220 225 230
1.1838 -0.0036 0.6134 220 225 230
1.1809 -0.0022 0.6628 220 225 230
1.1919 0.0022 0.7187 220 225 230
1.1890 -0.0015 0.7684 220 225 230
1.1973 0.0060 0.8284 220 225 230
1.1876 0.0003 0.8789 220 225 230
1.1971 0.0010 0.9389 220 225 230
1.1840 -0.0041 0.9935 220 225 230
1.1812 -0.0022 1.0529 220 225 230
1.1874 0.0018 1.1004 220 225 230
1.1846 0.0021 1.1584 220 225 230
1.1832 -0.0024 1.2091 220 225 230
1.1856 0.0030 1.2712 220 225 230
1.1889 0.0017 1.3241 220 225 230
1.1807 0.0015 1.3707 220 225 230
1.1911 0.0042 1.4343 220 225 230
1.1862 0.0012 1.4873 220 225 230
1.1861 0.0003 1.5387 220 225 230
1.1875 0.0083 1.5985 220 225 230
1.1824 0.0014 1.6535 220 225 230
1.1876 0.0077 1.7095 220 225 230
1.1811 0.0019 1.7590 220 225 230
1.1817 -0.0018 1.8143 220 225 230
1.1811 0.0048 1.8810 220 225 230
1.1857 -0.0016 1.9221 220 225 230
1.1859 -0.0056 1.9831 220 225 230
1.1852 0.0016 2.0420 220 225 230
1.1790 0.0056 2.0897 220 225 230
1.1789 -0.0023 2.1525 220 225 230
1.1871 -0.0002 2.2069 220 225 230
1.1838 -0.0029 2.2630 220 225 230
1.1791 0.0007 2.3112 220 225 230
1.1781 0.0046 2.3684 220 225 230
1.1897 0.0041 2.4251 220 225 230
1.1814 -0.0047 2.4759 220 225 230
1.1758 -0.0007 2.5369 220 225 230
1.1811 0.0014 2.5935 220 225 230
1.1856 -0.0032 2.6451 220 225 230
1.1877 -0.0024 2.6933 220 225 230
1.2459 0.0032 0.0128 220 225 230
1.2515 -0.0025 0.0520 220 225 230
1.2438 -0.0036 0.1053 220 225 230
1.2526 -0.0054 0.1647 220 225 230
1.2523 0.0029 0.2174 220 225 230
1.2578 -0.0046 0.2737 220 225 230
1.2434 -0.0015 0.3389 220 225 230
1.2570 0.0027 0.3850 220 225 230
1.2521 -0.0030 0.4440 220 225 230
1.2553 0.0080 0.4910 220 225 230
1.2456 0.0006 0.5576 220 225 230
1.2539 0.0014 0.6047 220 225 230
1.2470 -0.0005 0.6606 220 225 230
1.2558 -0.0020 0.7163 220 225 230
1.2513 0.0040 0.7671 220 225 230
1.2485 0.0042 0.8366 220 225 230
1.2585 -0.0012 0.8790 220 225 230
1.2464 -0.0092 0.9365 220 225 230
1.2489 0.0036 0.9970 220 225 230
1.2437 0.0007 1.0465 220 225 230
1.2553 -0.0026 1.1007 220 225 230
1.2590 -0.0034 1.1570 220 225 230
1.2481 -0.0019 1.2183 220 225 230
1.2524 0.0025 1.2652 220 225 230
1.2587 0.0079 1.3166 220 225 230
1.2500 0.0028 1.3862 220 225 230
1.2537 0.0016 1.4324 220 225 230
1.2541 0.0032 1.4853 220 225 230
1.2538 -0.0056 1.5490 220 225 230
1.2505 -0.0003 1.5981 220 225 230
1.2518 -0.0005 1.6547 220 225 230
1.2534 -0.0004 1.7072 220 225 230
1.2506 -0.0003 1.7570 220 225 230
1.2488 0.0049 1.8180 220 225 230
1.2549 -0.0058 1.8782 220 225 230
1.2527 -0.0004 1.9276 220 225 230
1.2465 -0.0057 1.9767 220 225 230
1.2441 0.0048 2.0408 220 225 230
1.2586 -0.0024 2.0873 220 225 230
1.2506 0.0031 2.1539 220 225 230
1.2553 -0.0030 2.2053 220 225 230
1.2511 -0.0042 2.2545 220 225 230
1.2490 0.0004 2.3145 220 225 230
1.2492 -0.0032 2.3697 220 225 230
1.2474 -0.0018 2.4241 220 225 230
1.2537 -0.0102 2.4805 220 225 230
1.2517 -0.0000 2.5419 220 225 230
1.2518 0.0019 2.5939 220 225 230
1.2538 0.0121 2.6487 220 225 230
1.2542 -0.0038 2.7011 220 225 230
1.3255 0.0041 -0.0039 220 225 230
1.3146 0.0041 0.0533 220 225 230
1.3145 -0.0001 0.1074 220 225 230
1.3150 0.0059 0.1636 220 225 230
1.3131 -0.0035 0.2120 220 225 230
1.3190 -0.0036 0.2779 220 225 230
1.3134 -0.0000 0.3382 220 225 230
1.3146 -0.0002 0.3816 220 225 230
1.3218 -0.0072 0.4524 220 225 230
1.3119 -0.0001 0.4978 220 225 230
1.3114 -0.0034 0.5452 220 225 230
1.3169 -0.0018 0.5993 220 225 230
1.3144 0.0024 0.6658 220 225 230
1.3163 0.0026 0.7161 220 225 230
1.3111 -0.0045 0.7773 220 225 230
1.3096 -0.0075 0.8222 220 225 230
1.3178 0.0064 0.8799 220 225 230
1.3181 0.0024 0.9362 220 225 230
1.3125 0.0094 0.9860 220 225 230
1.3130 -0.0086 1.0447 220 225 230
1.3203 -0.0011 1.0894 220 225 230
1.3151 -0.0056 1.1554 220 225 230
1.3189 -0.0082 1.2096 220 225 230
1.3216 -0.0065 1.2674 220 225 230
1.3216 -0.0012 1.3208 220 225 230
1.3203 -0.0021 1.3818 220 225 230
1.3178 0.0024 1.4365 220 225 230
1.3143 0.0055 1.4858 220 225 230
1.3226 0.0032 1.5440 220 225 230
1.3187 0.0007 1.5917 220 225 230
1.3166 -0.0010 1.6455 220 225 230
1.3131 -0.0007 1.7066 220 225 230
1.3213 -0.0055 1.7617 220 225 230
1.3156 -0.0050 1.8196 220 225 230
1.3194 -0.0008 1.8778 220 225 230
1.3185 -0.0007 1.9255 220 225 230
1.3148 -0.0041 1.9815 220 225 230
1.3119 -0.0048 2.0389 220 225 230
1.3100 -0.0008 2.0970 220 225 230
1.3174 0.0004 2.1532 220 225 230
1.3174 -0.0011 2.2023 220 225 230
1.3213 -0.0031 2.2560 220 225 230
1.3176 0.0000 2.3088 220 225 230
1.3190 -0.0006 2.3660 220 225 230
1.3128 0.0014 2.4232 220 225 230
1.3175 -0.0028 2.4777 220 225 230
1.3143 -0.0026 2.5393 220 225 230
1.3145 0.0012 2.5865 220 225 230
1.3177 0.0009 2.6423 220 225 230
1.3147 0.0038 2.6902 220 225 230
1.3807 -0.0023 -0.0030 220 225 230
1.3749 -0.0033 0.0578 220 225 230
1.3839 -0.0012 0.1065 220 225 230
1.3814 -0.0004 0.1640 220 225 230
1.3887 0.0040 0.2257 220 225 230
1.3906 0.0011 0.2733 220 225 230
1.3864 -0.0023 0.3402 220 225 230
1.3813 0.0048 0.3862 220 225 230
1.3845 -0.0004 0.4379 220 225 230
1.3837 -0.0005 0.4997 220 225 230
1.3856 -0.0035 0.5496 220 225 230
1.3900 -0.0032 0.6031 220 225 230
1.3828 -0.0029 0.6656 220 225 230
1.3765 0.0080 0.7175 220 225 230
1.3813 0.0022 0.7736 220 225 230
1.3745 -0.0033 0.8228 220 225 230
1.3856 -0.0026 0.8776 220 225 230
1.3818 -0.0040 0.9337 220 225 230
1.3818 -0.0001 0.9931 220 225 230
1.3793 0.0040 1.0470 220 225 230
1.3796 -0.0017 1.1009 220 225 230
1.3856 -0.0063 1.1509 220 225 230
1.3794 0.0026 1.2127 220 225 230
1.3810 0.0052 1.2653 220 225 230
1.3815 -0.0057 1.3193 220 225 230
1.3845 0.0038 1.3813 220 225 230
1.3840 0.0005 1.4290 220 225 230
1.3812 -0.0001 1.4908 220 225 230
1.3851 -0.0007 1.5378 220 225 230
1.3804 -0.0043 1.6003 220 225 230
1.3831 0.0071 1.6569 220 225 230
1.3874 0.0027 1.7074 220 225 230
1.3757 0.0011 1.7630 220 225 230
1.3809 -0.0025 1.8235 220 225 230
1.3791 0.0039 1.8711 220 225 230
1.3880 0.0051 1.9359 220 225 230
1.3749 -0.0035 1.9834 220 225 230
1.3850 0.0045 2.0368 220 225 230
1.3741 -0.0001 2.0887 220 225 230
1.3761 -0.0018 2.1507 220 225 230
1.3850 -0.0046 2.2053 220 225 230
1.3752 -0.0011 2.2637 220 225 230
1.3823 -0.0065 2.3099 220 225 230
1.3841 -0.0076 2.3713 220 225 230
1.3875 -0.0023 2.4274 220 225 230
1.3786 -0.0016 2.4809 220 225 230
1.3801 -0.0043 2.5354 220 225 230
1.3817 0.0002 2.5907 220 225 230
1.3777 0.0042 2.6466 220 225 230
1.3896 0.0026 2.6954 220 225 230
1.4439 0.0060 0.0016 220 225 230
1.4458 0.0032 0.0618 220 225 230
1.4460 0.0038 0.1155 220 225 230
1.4545 0.0025 0.1623 220 225 230
1.4480 0.0063 0.2129 220 225 230
1.4424 0.0000 0.2791 220 225 230
1.4545 -0.0068 0.3350 220 225 230
1.4439 -0.0027 0.3949 220 225 230
1.4458 -0.0061 0.4375 220 225 230
1.4536 0.0016 0.4999 220 225 230
1.4493 -0.0042 0.5445 220 225 230
1.4465 0.0015 0.6065 220 225 230
1.4480 -0.0031 0.6645 220 225 230
1.4518 0.0085 0.7151 220 225 230
1.4449 0.0043 0.7748 220 225 230
1.4490 0.0031 0.8273 220 225 230
1.4526 0.0068 0.8832 220 225 230
1.4510 -0.0072 0.9335 220 225 230
1.4509 -0.0006 0.9819 220 225 230
1.4395 -0.0046 1.0500 220 225 230
1.4532 0.0042 1.1018 220 225 230
1.4454 0.0035 1.1556 220 225 230
1.4521 -0.0063 1.2082 220 225 230
1.4530 0.0066 1.2684 220 225 230
1.4485 -0.0053 1.3268 220 225 230
1.4499 0.0010 1.3819 220 225 230
1.4408 0.0083 1.4285 220 225 230
1.4475 0.0046 1.4919 220 225 230
1.4448 0.0079 1.5405 220 225 230
1.4509 -0.0034 1.6054 220 225 230
1.4511 -0.0047 1.6531 220 225 230
1.4434 -0.0099 1.7073 220 225 230
1.4452 0.0007 1.7615 220 225 230
1.4509 -0.0009 1.8191 220 225 230
1.4441 0.0065 1.8755 220 225 230
1.4476 0.0031 1.9266 220 225 230
1.4507 -0.0009 1.9802 220 225 230
1.4452 -0.0043 2.0421 220 225 230
1.4399 0.0025 2.0867 220 225 230
1.4469 -0.0010 2.1481 220 225 230
1.4504 -0.0005 2.2065 220 225 230
1.4455 0.0003 2.2546 220 225 230
1.4531 -0.0050 2.3187 220 225 230
1.4502 0.0061 2.3710 220 225 230
1.4487 -0.0021 2.4222 220 225 230
1.4510 -0.0006 2.4822 220 225 230
1.4423 0.0031 2.5453 220 225 230
1.4455 0.0016 2.5992 220 225 230
1.4413 0.0015 2.6408 220 225 230
1.4504 0.0037 2.7020 220 225 230
1.5121 -0.0004 2.0954 220 225 230
1.5164 -0.0030 2.1426 220 225 230
1.5156 0.0065 2.2048 220 225 230
1.5125 0.0014 2.2509 220 225 230
1.5159 0.0022 2.3110 220 225 230
1.5188 0.0016 2.3789 220 225 230
1.5136 0.0033 2.4226 220 225 230
1.5075 -0.0001 2.4780 220 225 230
1.5113 0.0011 2.5391 220 225 230
1.5101 0.0068 2.5939 220 225 230
1.5157 0.0036 2.6387 220 225 230
1.5147 0.0003 2.7039 220 225 230
1.5882 0.0009 2.1038 220 225 230
1.5739 0.0002 2.1453 220 225 230
1.5769 -0.0020 2.2061 220 225 230
1.5788 0.0070 2.2639 220 225 230
1.5801 0.0096 2.3169 220 225 230
1.5822 0.0003 2.3703 220 225 230
1.5838 0.0036 2.4267 220 225 230
1.5824 0.0010 2.4770 220 225 230
1.5771 -0.0020 2.5350 220 225 230
1.5722 0.0045 2.5859 220 225 230
1.5783 -0.0004 2.6481 220 225 230
1.5719 -0.0045 2.6941 220 225 230
1.6440 0.0020 2.0994 220 225 230
1.6502 0.0070 2.1517 220 225 230
1.6374 -0.0029 2.2092 220 225 230
1.6445 -0.0017 2.2596 220 225 230
1.6452 -0.0053 2.3158 220 225 230
1.6424 -0.0017 2.3733 220 225 230
1.6463 0.0028 2.4252 220 225 230
1.6433 0.0011 2.4770 220 225 230
1.6357 0.0007 2.5294 220 225 230
1.6443 0.0005 2.5837 220 225 230
1.6490 -0.0033 2.6511 220 225 230
1.6408 0.0045 2.7055 220 225 230
1.7135 0.0002 2.0968 220 225 230
1.7194 0.0007 2.1477 220 225 230
1.7194 0.0003 2.1957 220 225 230
1.7160 -0.0064 2.2620 220 225 230
1.7082 0.0062 2.3179 220 225 230
1.7137 0.0060 2.3693 220 225 230
1.7104 0.0074 2.4258 220 225 230
1.7134 -0.0004 2.4826 220 225 230
1.7129 -0.0056 2.5288 220 225 230
1.7124 -0.0025 2.5904 220 225 230
1.7121 -0.0029 2.6386 220 225 230
1.7086 0.0001 2.6994 220 225 230
1.7861 -0.0010 2.0939 220 225 230
1.7774 -0.0003 2.1465 220 225 230
1.7747 0.0021 2.2058 220 225 230
1.7814 0.0048 2.2622 220 225 230
1.7815 -0.0024 2.3038 220 225 230
1.7777 -0.0043 2.3705 220 225 230
1.7768 -0.0021 2.4245 220 225 230
1.7744 0.0065 2.4863 220 225 230
1.7748 0.0020 2.5334 220 225 230
1.7790 -0.0001 2.5799 220 225 230
1.7738 -0.0020 2.6439 220 225 230
1.7804 0.0002 2.7032 220 225 230
1.8428 -0.0047 2.0969 220 225 230
1.8418 0.0047 2.1407 220 225 230
1.8470 -0.0078 2.2081 220 225 230
1.8422 0.0007 2.2635 220 225 230
1.8436 -0.0018 2.3130 220 225 230
1.8447 0.0015 2.3723 220 225 230
1.8471 0.0019 2.4213 220 225 230
1.8448 -0.0071 2.4718 220 225 230
1.8467 0.0004 2.5345 220 225 230
1.8406 0.0019 2.5905 220 225 230
1.8493 0.0029 2.6424 220 225 230
1.8458 -0.0010 2.6993 220 225 230
1.9096 -0.0014 2.0854 220 225 230
1.9091 0.0044 2.1457 220 225 230
1.9099 0.0047 2.2005 220 225 230
1.9098 0.0035 2.2546 220 225 230
1.9066 0.0038 2.3074 220 225 230
1.9099 0.0016 2.3613 220 225 230
1.9072 0.0062 2.4244 220 225 230
1.9178 -0.0021 2.4818 220 225 230
1.9126 -0.0060 2.5343 220 225 230
1.9090 0.0003 2.5896 220 225 230
1.9073 -0.0003 2.6449 220 225 230
1.9145 0.0026 2.6966 220 225 230
1.9747 0.0033 2.0912 220 225 230
1.9763 -0.0030 2.1488 220 225 230
1.9754 -0.0020 2.2022 220 225 230
1.9757 0.0028 2.2570 220 225 230
1.9715 -0.0012 2.3202 220 225 230
1.9741 -0.0048 2.3723 220 225 230
1.9718 0.0030 2.4260 220 225 230
1.9677 0.0000 2.4803 220 225 230
1.9728 0.0021 2.5358 220 225 230
1.9775 0.0017 2.5916 220 225 230
1.9753 0.0039 2.6512 220 225 230
1.9794 -0.0056 2.6991 220 225 230
2.0456 0.0025 2.0933 220 225 230
2.0348 -0.0058 2.1493 220 225 230
2.0423 0.0047 2.1968 220 225 230
2.0372 0.0059 2.2615 220 225 230
2.0381 -0.0035 2.3143 220 225 230
2.0433 -0.0021 2.3693 220 225 230
2.0450 0.0010 2.4215 220 225 230
2.0474 0.0002 2.4773 220 225 230
2.0401 0.0035 2.5361 220 225 230
2.0418 -0.0074 2.5864 220 225 230
2.0373 0.0007 2.6389 220 225 230
2.0349 -0.0037 2.7057 220 225 230
2.1053 0.0000 2.0908 220 225 230
2.1047 0.0001 2.1513 220 225 230
2.1096 0.0006 2.2032 220 225 230
2.1019 0.0066 2.2568 220 225 230
2.1015 0.0012 2.3168 220 225 230
2.0991 -0.0013 2.3690 220 225 230
2.1081 -0.0021 2.4189 220 225 230
2.1078 0.0020 2.4795 220 225 230
2.1030 0.0004 2.5280 220 225 230
2.1065 -0.0015 2.5888 220 225 230
2.1023 0.0007 2.6393 220 225 230
2.1002 0.0082 2.7015 220 225 230
2.1727 0.0024 2.0995 220 225 230
2.1672 -0.0059 2.1484 220 225 230
2.1664 0.0045 2.2030 220 225 230
2.1688 0.0013 2.2658 220 225 230
2.1684 0.0021 2.3129 220 225 230
2.1729 0.0025 2.3729 220 225 230
2.1683 -0.0047 2.4237 220 225 230
2.1689 0.0025 2.4774 220 225 230
2.1640 -0.0002 2.5318 220 225 230
2.1684 0.0040 2.5917 220 225 230
2.1746 0.0034 2.6352 220 225 230
2.1743 0.0054 2.6956 220 225 230
2.2433 0.0018 2.0852 220 225 230
2.2409 0.0040 2.1414 220 225 230
2.2432 -0.0056 2.2005 220 225 230
2.2359 -0.0006 2.2569 220 225 230
2.2379 -0.0009 2.3111 220 225 230
2.2340 -0.0009 2.3693 220 225 230
2.2409 0.0044 2.4214 220 225 230
2.2430 0.0027 2.4776 220 225 230
2.2397 -0.0092 2.5257 220 225 230
2.2370 0.0029 2.5937 220 225 230
2.2432 0.0031 2.6429 220 225 230
2.2332 -0.0031 2.7041 220 225 230
2.3009 0.0048 2.0944 220 225 230
2.3015 -0.0022 2.1468 220 225 230
2.2989 0.0019 2.2068 220 225 230
2.3050 -0.0023 2.2587 220 225 230
2.3049 0.0026 2.3176 220 225 230
2.3112 -0.0009 2.3721 220 225 230
2.3030 0.0048 2.4270 220 225 230
2.2999 0.0006 2.4755 220 225 230
2.3015 -0.0012 2.5363 220 225 230
2.3008 -0.0009 2.5896 220 225 230
2.2984 -0.0000 2.6448 220 225 230
2.3003 -0.0010 2.6980 220 225 230
2.3710 0.0015 0.0033 220 225 230
2.3703 -0.0061 0.0518 220 225 230
2.3737 -0.0002 0.1168 220 225 230
2.3602 0.0046 0.1663 220 225 230
2.3660 0.0035 0.2191 220 225 230
2.3681 0.0002 0.2769 220 225 230
2.3766 0.0032 0.3311 220 225 230
2.3639 0.0066 0.3833 220 225 230
2.3667 0.0019 0.4375 220 225 230
2.3646 0.0014 0.4941 220 225 230
2.3680 0.0007 0.5467 220 225 230
2.3688 0.0052 0.6007 220 225 230
2.3713 0.0017 0.6637 220 225 230
2.3662 -0.0021 0.7177 220 225 230
2.3657 0.0011 0.7733 220 225 230
2.3678 -0.0015 0.8240 220 225 230
2.3688 -0.0039 0.8745 220 225 230
2.3665 -0.0035 0.9334 220 225 230
2.3667 0.0018 0.9846 220 225 230
2.3706 -0.0013 1.0500 220 225 230
2.3751 -0.0001 1.0954 220 225 230
2.3671 -0.0059 1.1585 220 225 230
2.3636 0.0090 1.2101 220 225 230
2.3682 0.0012 1.2649 220 225 230
2.3690 -0.0055 1.3194 220 225 230
2.3662 0.0061 1.3737 220 225 230
2.3704 0.0017 1.4332 220 225 230
2.3655 0.0011 1.4818 220 225 230
2.3774 -0.0039 1.5435 220 225 230
2.3720 0.0012 1.5957 220 225 230
2.3622 0.0090 1.6488 220 225 230
2.3791 -0.0024 1.7025 220 225 230
2.3808 -0.0073 1.7619 220 225 230
2.3709 -0.0051 1.8147 220 225 230
2.3661 0.0046 1.8725 220 225 230
2.3781 -0.0044 1.9287 220 225 230
2.3792 0.0011 1.9870 220 225 230
2.3653 -0.0035 2.0413 220 225 230
2.3616 -0.0016 2.0964 220 225 230
2.3771 0.0016 2.1536 220 225 230
2.3732 0.0003 2.2008 220 225 230
2.3710 0.0072 2.2532 220 225 230
2.3685 0.0009 2.3116 220 225 230
2.3647 -0.0018 2.3726 220 225 230
2.3707 -0.0065 2.4223 220 225 230
2.3729 0.0003 2.4787 220 225 230
2.3671 -0.0022 2.5383 220 225 230
2.3762 -0.0052 2.5950 220 225 230
2.3706 -0.0089 2.6452 220 225 230
2.3744 0.0006 2.6939 220 225 230
2.4347 0.0050 -0.0022 220 225 230
2.4337 -0.0052 0.0597 220 225 230
2.4405 -0.0011 0.1152 220 225 230
2.4361 -0.0002 0.1689 220 225 230
2.4324 -0.0010 0.2213 220 225 230
2.4326 -0.0072 0.2730 220 225 230
2.4366 0.0014 0.3304 220 225 230
2.4326 0.0008 0.3881 220 225 230
2.4338 0.0049 0.4383 220 225 230
2.4353 -0.0039 0.4984 220 225 230
2.4336 -0.0017 0.5570 220 225 230
2.4336 0.0008 0.6015 220 225 230
2.4419 -0.0036 0.6553 220 225 230
2.4409 0.0042 0.7154 220 225 230
2.4340 -0.0032 0.7672 220 225 230
2.4430 -0.0003 0.8337 220 225 230
2.4361 0.0073 0.8828 220 225 230
2.4436 -0.0003 0.9352 220 225 230
2.4359 -0.0080 0.9932 220 225 230
2.4287 0.0022 1.0423 220 225 230
2.4344 -0.0056 1.1069 220 225 230
2.4421 0.0012 1.1594 220 225 230
2.4353 -0.0020 1.2107 220 225 230
2.4330 0.0015 1.2645 220 225 230
2.4299 -0.0003 1.3238 220 225 230
2.4332 -0.0052 1.3784 220 225 230
2.4340 -0.0008 1.4254 220 225 230
2.4363 -0.0027 1.4811 220 225 230
2.4448 -0.0006 1.5390 220 225 230
2.4381 0.0007 1.6003 220 225 230
2.4360 0.0024 1.6533 220 225 230
2.4358 0.0028 1.7087 220 225 230
2.4349 0.0029 1.7630 220 225 230
2.4344 0.0048 1.8275 220 225 230
2.4397 -0.0059 1.8770 220 225 230
2.4332 0.0004 1.9312 220 225 230
2.4423 0.0090 1.9849 220 225 230
2.4355 0.0005 2.0411 220 225 230
2.4391 0.0035 2.0942 220 225 230
2.4392 0.0007 2.1580 220 225 230
2.4313 0.0022 2.2057 220 225 230
2.4321 -0.0036 2.2613 220 225 230
2.4334 0.0000 2.3125 220 225 230
2.4312 0.0029 2.3717 220 225 230
2.4393 -0.0072 2.4294 220 225 230
2.4305 -0.0050 2.4838 220 225 230
2.4390 0.0010 2.5411 220 225 230
2.4396 0.0003 2.5854 220 225 230
2.4279 0.0042 2.6453 220 225 230
2.4263 -0.0002 2.7021 220 225 230
2.5023 0.0042 0.0062 220 225 230
2.4945 0.0018 0.0575 220 225 230
2.4976 -0.0046 0.1052 220 225 230
2.5023 0.0043 0.1642 220 225 230
2.5019 0.0012 0.2194 220 225 230
2.5046 0.0090 0.2739 220 225 230
2.5044 -0.0009 0.3345 220 225 230
2.5005 0.0012 0.3904 220 225 230
2.4943 -0.0041 0.4360 220 225 230
2.5004 -0.0044 0.4972 220 225 230
2.4974 -0.0029 0.5507 220 225 230
2.5020 -0.0002 0.6132 220 225 230
2.4996 0.0028 0.6508 220 225 230
2.4950 -0.0004 0.7138 220 225 230
2.5049 0.0014 0.7715 220 225 230
2.5057 -0.0043 0.8240 220 225 230
2.4994 -0.0016 0.8814 220 225 230
2.4981 -0.0066 0.9384 220 225 230
2.5096 0.0006 0.9937 220 225 230
2.5032 0.0057 1.0451 220 225 230
2.5012 -0.0026 1.0981 220 225 230
2.4987 -0.0017 1.1634 220 225 230
2.5036 -0.0012 1.2089 220 225 230
2.5054 0.0016 1.2689 220 225 230
2.5053 -0.0017 1.3221 220 225 230
2.5020 -0.0000 1.3729 220 225 230
2.4974 0.0007 1.4327 220 225 230
2.5000 0.0069 1.4847 220 225 230
2.5065 -0.0085 1.5444 220 225 230
2.5016 -0.0043 1.6050 220 225 230
2.5005 -0.0066 1.6577 220 225 230
2.4979 0.0008 1.7049 220 225 230
2.5076 -0.0063 1.7600 220 225 230
2.5033 -0.0020 1.8162 220 225 230
2.4998 0.0022 1.8778 220 225 230
2.5018 -0.0047 1.9263 220 225 230
2.5004 0.0028 1.9823 220 225 230
2.5024 0.0057 2.0483 220 225 230
2.4989 -0.0020 2.0958 220 225 230
2.4945 0.0009 2.1467 220 225 230
2.5081 0.0062 2.2005 220 225 230
2.5019 0.0035 2.2568 220 225 230
2.4958 0.0033 2.3115 220 225 230
2.5085 0.0051 2.3761 220 225 230
2.5081 0.0029 2.4227 220 225 230
2.5024 0.0000 2.4884 220 225 230
2.5005 -0.0079 2.5365 220 225 230
2.5001 -0.0039 2.5879 220 225 230
2.5009 -0.0021 2.6391 220 225 230
2.5019 0.0003 2.7058 220 225 230
2.5680 0.0041 -0.0021 220 225 230
2.5669 0.0004 0.0563 220 225 230
2.5692 0.0027 0.1096 220 225 230
2.5623 0.0003 0.1626 220 225 230
2.5650 0.0071 0.2295 220 225 230
2.5646 -0.0050 0.2762 220 225 230
2.5705 0.0040 0.3346 220 225 230
2.5655 0.0036 0.3771 220 225 230
2.5712 -0.0049 0.4468 220 225 230
2.5682 0.0088 0.4921 220 225 230
2.5676 0.0000 0.5549 220 225 230
2.5608 0.0094 0.6025 220 225 230
2.5668 -0.0012 0.6575 220 225 230
2.5619 -0.0030 0.7167 220 225 230
2.5648 -0.0024 0.7757 220 225 230
2.5687 -0.0009 0.8264 220 225 230
2.5637 -0.0106 0.8802 220 225 230
2.5671 0.0037 0.9346 220 225 230
2.5665 0.0004 0.9929 220 225 230
2.5707 0.0005 1.0525 220 225 230
2.5705 0.0108 1.1000 220 225 230
2.5620 0.0024 1.1539 220 225 230
2.5688 -0.0012 1.2130 220 225 230
2.5636 -0.0024 1.2637 220 225 230
2.5684 -0.0013 1.3162 220 225 230
2.5674 0.0009 1.3722 220 225 230
2.5726 0.0051 1.4263 220 225 230
2.5705 -0.0091 1.4838 220 225 230
2.5710 -0.0063 1.5438 220 225 230
2.5652 -0.0014 1.5962 220 225 230
2.5601 -0.0006 1.6537 220 225 230
2.5708 -0.0061 1.7080 220 225 230
2.5620 -0.0005 1.7689 220 225 230
2.5588 0.0050 1.8205 220 225 230
2.5715 -0.0015 1.8735 220 225 230
2.5697 -0.0016 1.9292 220 225 230
2.5687 -0.0002 1.9829 220 225 230
2.5655 -0.0028 2.0422 220 225 230
2.5651 -0.0016 2.0926 220 225 230
2.5690 0.0034 2.1489 220 225 230
2.5666 -0.0003 2.1937 220 225 230
2.5664 -0.0043 2.2585 220 225 230
2.5656 -0.0039 2.3160 220 225 230
2.5674 -0.0026 2.3735 220 225 230
2.5665 -0.0054 2.4242 220 225 230
2.5637 0.0031 2.4801 220 225 230
2.5665 -0.0021 2.5390 220 225 230
2.5662 -0.0062 2.5911 220 225 230
2.5659 -0.0015 2.6512 220 225 230
2.5652 -0.0036 2.6999 220 225 230
2.6278 -0.0023 0.0023 220 225 230
2.6349 -0.0025 0.0571 220 225 230
2.6310 -0.0058 0.1141 220 225 230
2.6301 -0.0010 0.1679 220 225 230
2.6351 -0.0013 0.2212 220 225 230
2.6352 -0.0038 0.2768 220 225 230
2.6303 -0.0024 0.3280 220 225 230
2.6281 0.0062 0.3836 220 225 230
2.6302 0.0021 0.4339 220 225 230
2.6268 -0.0051 0.4993 220 225 230
2.6303 0.0062 0.5549 220 225 230
2.6326 0.0016 0.6057 220 225 230
2.6354 0.0052 0.6646 220 225 230
2.6317 0.0014 0.7160 220 225 230
2.6341 -0.0053 0.7733 220 225 230
2.6365 0.0013 0.8247 220 225 230
2.6235 -0.0043 0.8745 220 225 230
2.6326 -0.0024 0.9479 220 225 230
2.6317 -0.0047 0.9934 220 225 230
2.6261 -0.0018 1.0419 220 225 230
2.6343 0.0045 1.0976 220 225 230
2.6386 0.0044 1.1524 220 225 230
2.6418 0.0018 1.2109 220 225 230
2.6261 0.0035 1.2681 220 225 230
2.6389 -0.0043 1.3248 220 225 230
2.6338 -0.0011 1.3765 220 225 230
2.6348 -0.0042 1.4379 220 225 230
2.6298 0.0037 1.4818 220 225 230
2.6278 -0.0020 1.5336 220 225 230
2.6317 0.0028 1.5935 220 225 230
2.6337 0.0040 1.6512 220 225 230
2.6418 -0.0012 1.7155 220 225 230
2.6353 0.0031 1.7643 220 225 230
2.6312 0.0024 1.8176 220 225 230
2.6269 0.0017 1.8750 220 225 230
2.6330 0.0005 1.9318 220 225 230
2.6351 -0.0048 1.9798 220 225 230
2.6335 0.0067 2.0319 220 225 230
2.6340 -0.0029 2.0898 220 225 230
2.6389 0.0021 2.1486 220 225 230
2.6350 0.0015 2.2018 220 225 230
2.6333 -0.0024 2.2692 220 225 230
2.6301 -0.0009 2.3155 220 225 230
2.6330 0.0002 2.3684 220 225 230
2.6317 0.0002 2.4241 220 225 230
2.6238 0.0045 2.4748 220 225 230
2.6333 -0.0029 2.5328 220 225 230
2.6319 -0.0006 2.5877 220 225 230
2.6344 -0.0003 2.6529 220 225 230
2.6337 0.0020 2.7032 220 225 230
2.7044 -0.0022 0.0002 220 225 230
2.6960 0.0009 0.0570 220 225 230
2.7004 0.0064 0.1104 220 225 230
2.6951 0.0040 0.1691 220 225 230
2.6958 -0.0068 0.2159 220 225 230
2.6970 -0.0043 0.2756 220 225 230
2.7031 0.0031 0.3287 220 225 230
2.6991 -0.0049 0.3841 220 225 230
2.6970 -0.0005 0.4400 220 225 230
2.6975 -0.0018 0.4996 220 225 230
2.7026 -0.0022 0.5446 220 225 230
2.6969 -0.0019 0.6041 220 225 230
2.7047 0.0018 0.6645 220 225 230
2.6964 0.0016 0.7172 220 225 230
2.6968 -0.0017 0.7735 220 225 230
2.6932 -0.0009 0.8258 220 225 230
2.6931 -0.0018 0.8849 220 225 230
2.6969 -0.0001 0.9368 220 225 230
2.7028 0.0031 0.9900 220 225 230
2.7034 -0.0004 1.0417 220 225 230
2.6961 -0.0033 1.1035 220 225 230
2.7020 0.0041 1.1534 220 225 230
2.7036 0.0045 1.2106 220 225 230
2.6923 -0.0036 1.2698 220 225 230
2.6965 0.0019 1.3277 220 225 230
2.6909 0.0004 1.3808 220 225 230
2.6969 -0.0045 1.4302 220 225 230
2.7000 0.0013 1.4858 220 225 230
2.6986 -0.0010 1.5427 220 225 230
2.6970 0.0024 1.5951 220 225 230
2.7039 -0.0058 1.6520 220 225 230
2.6958 0.0049 1.7101 220 225 230
2.7047 -0.0033 1.7574 220 225 230
2.6971 0.0013 1.8153 220 225 230
2.6985 -0.0015 1.8698 220 225 230
2.6981 -0.0038 1.9332 220 225 230
2.7060 0.0019 1.9788 220 225 230
2.6968 0.0007 2.0426 220 225 230
2.7030 0.0022 2.0950 220 225 230
2.7009 -0.0034 2.1530 220 225 230
2.7009 -0.0000 2.2091 220 225 230
2.6944 -0.0059 2.2622 220 225 230
2.7040 0.0026 2.3108 220 225 230
2.6988 0.0005 2.3654 220 225 230
2.7000 -0.0008 2.4258 220 225 230
2.6963 -0.0047 2.4874 220 225 230
2.6941 -0.0046 2.5429 220 225 230
2.7064 0.0042 2.5862 220 225 230
2.7048 0.0018 2.6406 220 225 230
2.7015 0.0020 2.7086 220 225 230
2.7658 0.0040 0.0038 220 225 230
2.7652 -0.0012 0.0558 220 225 230
2.7619 0.0020 0.1152 220 225 230
2.7579 -0.0061 0.1657 220 225 230
2.7655 -0.0034 0.2226 220 225 230
2.7643 0.0055 0.2761 220 225 230
2.7618 0.0031 0.3313 220 225 230
2.7627 0.0021 0.3867 220 225 230
2.7604 0.0046 0.4485 220 225 230
2.7706 0.0007 0.4974 220 225 230
2.7584 -0.0005 0.5477 220 225 230
2.7636 -0.0067 0.6055 220 225 230
2.7612 0.0032 0.6597 220 225 230
2.7748 0.0047 0.7160 220 225 230
2.7621 -0.0011 0.7765 220 225 230
2.7612 -0.0023 0.8258 220 225 230
2.7585 -0.0041 0.8782 220 225 230
2.7530 -0.0003 0.9360 220 225 230
2.7643 -0.0009 0.9936 220 225 230
2.7531 -0.0057 1.0486 220 225 230
2.7701 0.0036 1.1048 220 225 230
2.7623 0.0007 1.1582 220 225 230
2.7668 -0.0023 1.2132 220 225 230
2.7704 -0.0064 1.2774 220 225 230
2.7681 -0.0057 1.3175 220 225 230
2.7606 -0.0034 1.3746 220 225 230
2.7745 0.0043 1.4378 220 225 230
2.7689 0.0021 1.4953 220 225 230
2.7589 -0.0086 1.5402 220 225 230
2.7610 0.0007 1.5954 220 225 230
2.7653 -0.0015 1.6474 220 225 230
2.7624 -0.0011 1.7084 220 225 230
2.7631 0.0021 1.7634 220 225 230
2.7597 0.0043 1.8192 220 225 230
2.7638 -0.0021 1.8735 220 225 230
2.7678 -0.0067 1.9266 220 225 230
2.7621 0.0101 1.9866 220 225 230
2.7653 0.0101 2.0363 220 225 230
2.7591 -0.0042 2.0936 220 225 230
2.7550 0.0003 2.1543 220 225 230
2.7660 -0.0041 2.2019 220 225 230
2.7677 -0.0049 2.2587 220 225 230
2.7614 -0.0038 2.3158 220 225 230
2.7605 -0.0038 2.3716 220 225 230
2.7637 -0.0060 2.4275 220 225 230
2.7682 0.0003 2.4820 220 225 230
2.7695 0.0074 2.5302 220 225 230
2.7593 0.0010 2.5868 220 225 230
2.7661 0.0030 2.6422 220 225 230
2.7592 0.0034 2.6968 220 225 230
2.8260 0.0011 -0.0037 220 225 230
2.8330 -0.0026 0.0578 220 225 230
2.8296 -0.0045 0.1085 220 225 230
2.8337 -0.0044 0.1602 220 225 230
2.8290 0.0002 0.2232 220 225 230
2.8309 -0.0038 0.2775 220 225 230
2.8374 -0.0005 0.3223 220 225 230
2.8285 -0.0034 0.3848 220 225 230
2.8287 0.0014 0.4433 220 225 230
2.8331 0.0004 0.4869 220 225 230
2.8203 -0.0027 0.5530 220 225 230
2.8311 -0.0018 0.6055 220 225 230
2.8261 0.0016 0.6578 220 225 230
2.8273 0.0013 0.7219 220 225 230
2.8349 0.0010 0.7703 220 225 230
2.8292 -0.0032 0.8271 220 225 230
2.8285 0.0015 0.8815 220 225 230
2.8364 0.0029 0.9340 220 225 230
2.8267 0.0084 0.9955 220 225 230
2.8326 0.0016 1.0433 220 225 230
2.8254 0.0050 1.1012 220 225 230
2.8295 0.0049 1.1487 220 225 230
2.8304 0.0019 1.2158 220 225 230
2.8339 0.0050 1.2668 220 225 230
2.8281 0.0005 1.3269 220 225 230
2.8316 -0.0003 1.3764 220 225 230
2.8319 0.0013 1.4289 220 225 230
2.8369 0.0033 1.4824 220 225 230
2.8292 0.0017 1.5499 220 225 230
2.8325 0.0013 1.6017 220 225 230
2.8321 0.0003 1.6510 220 225 230
2.8367 -0.0012 1.7160 220 225 230
2.8333 0.0027 1.7552 220 225 230
2.8225 -0.0018 1.8120 220 225 230
2.8273 0.0012 1.8685 220 225 230
2.8299 0.0032 1.9378 220 225 230
2.8328 0.0078 1.9850 220 225 230
2.8307 0.0014 2.0320 220 225 230
2.8343 -0.0021 2.0861 220 225 230
2.8274 0.0034 2.1468 220 225 230
2.8353 0.0002 2.1983 220 225 230
2.8341 -0.0020 2.2559 220 225 230
2.8294 0.0030 2.3154 220 225 230
2.8309 -0.0007 2.3699 220 225 230
2.8309 0.0021 2.4209 220 225 230
2.8288 0.0022 2.4815 220 225 230
2.8274 -0.0006 2.5368 220 225 230
2.8259 -0.0065 2.5848 220 225 230
2.8311 -0.0053 2.6379 220 225 230
2.8283 0.0026 2.7050 220 225 230
2.8968 -0.0053 0.0041 220 225 230
2.8864 0.0044 0.0525 220 225 230
2.8945 -0.0083 0.1092 220 225 230
2.8932 -0.0030 0.1653 220 225 230
2.8952 -0.0072 0.2218 220 225 230
2.8979 -0.0033 0.2747 220 225 230
2.8977 0.0009 0.3336 220 225 230
2.8981 0.0016 0.3833 220 225 230
2.8913 -0.0056 0.4339 220 225 230
2.9000 -0.0031 0.4921 220 225 230
2.8882 -0.0017 0.5501 220 225 230
2.8994 -0.0022 0.6014 220 225 230
2.8978 -0.0044 0.6596 220 225 230
2.9012 -0.0023 0.7124 220 225 230
2.8913 0.0056 0.7711 220 225 230
2.8970 -0.0022 0.8301 220 225 230
2.9017 0.0002 0.8868 220 225 230
2.8871 0.0037 0.9355 220 225 230
2.8984 0.0067 0.9941 220 225 230
2.8961 0.0010 1.0416 220 225 230
2.8903 0.0062 1.1047 220 225 230
2.8940 0.0054 1.1586 220 225 230
2.8899 0.0018 1.2098 220 225 230
2.8991 -0.0089 1.2715 220 225 230
2.8926 0.0060 1.3211 220 225 230
2.9024 0.0010 1.3816 220 225 230
2.8948 0.0014 1.4301 220 225 230
2.8980 -0.0004 1.4912 220 225 230
2.8956 -0.0087 1.5424 220 225 230
2.8974 -0.0013 1.6023 220 225 230
2.8950 0.0001 1.6525 220 225 230
2.8988 -0.0046 1.7117 220 225 230
2.8945 -0.0020 1.7681 220 225 230
2.8935 0.0003 1.8183 220 225 230
2.8971 0.0014 1.8764 220 225 230
2.8967 0.0063 1.9215 220 225 230
2.8972 -0.0031 1.9785 220 225 230
2.8923 0.0066 2.0362 220 225 230
2.8932 0.0018 2.0906 220 225 230
2.8941 0.0046 2.1529 220 225 230
2.8950 0.0006 2.2044 220 225 230
2.8952 0.0028 2.2649 220 225 230
2.9022 -0.0029 2.3157 220 225 230
2.9003 -0.0050 2.3682 220 225 230
2.8941 -0.0027 2.4254 220 225 230
2.9015 0.0048 2.4763 220 225 230
2.9028 0.0007 2.5300 220 225 230
2.8946 0.0018 2.5837 220 225 230
2.8981 -0.0007 2.6445 220 225 230
2.9006 -0.0040 2.6991 220 225 230
2.9655 0.0033 -0.0018 220 225 230
2.9658 -0.0013 0.0574 220 225 230
2.9644 0.0051 0.1065 220 225 230
2.9672 -0.0003 0.1665 220 225 230
2.9650 0.0001 0.2172 220 225 230
2.9599 0.0015 0.2736 220 225 230
2.9576 -0.0062 0.3248 220 225 230
2.9658 -0.0024 0.3857 220 225 230
2.9518 0.0006 0.4432 220 225 230
2.9550 -0.0031 0.4962 220 225 230
2.9661 0.0026 0.5572 220 225 230
2.9636 -0.0027 0.6058 220 225 230
2.9646 -0.0003 0.6680 220 225 230
2.9588 0.0022 0.7105 220 225 230
2.9585 0.0005 0.7706 220 225 230
2.9634 0.0081 0.8245 220 225 230
2.9642 -0.0028 0.8766 220 225 230
2.9570 0.0011 0.9403 220 225 230
2.9597 -0.0016 0.9940 220 225 230
2.9658 0.0027 1.0458 220 225 230
2.9566 0.0013 1.0978 220 225 230
2.9559 0.0060 1.1566 220 225 230
2.9680 -0.0010 1.2127 220 225 230
2.9545 0.0025 1.2744 220 225 230
2.9591 0.0054 1.3228 220 225 230
2.9608 -0.0011 1.3757 220 225 230
2.9588 0.0012 1.4321 220 225 230
2.9521 0.0002 1.4923 220 225 230
2.9601 0.0027 1.5405 220 225 230
2.9620 -0.0014 1.6006 220 225 230
2.9563 -0.0012 1.6583 220 225 230
2.9665 -0.0044 1.7094 220 225 230
2.9685 -0.0018 1.7623 220 225 230
2.9674 0.0062 1.8200 220 225 230
2.9605 -0.0093 1.8813 220 225 230
2.9621 -0.0041 1.9220 220 225 230
2.9557 0.0067 1.9841 220 225 230
2.9657 -0.0008 2.0424 220 225 230
2.9676 0.0011 2.1011 220 225 230
2.9552 -0.0015 2.1544 220 225 230
2.9647 -0.0037 2.2002 220 225 230
2.9570 -0.0033 2.2601 220 225 230
2.9634 0.0082 2.3143 220 225 230
2.9626 0.0038 2.3677 220 225 230
2.9615 -0.0039 2.4302 220 225 230
2.9581 0.0010 2.4787 220 225 230
2.9593 -0.0042 2.5381 220 225 230
2.9678 -0.0019 2.5898 220 225 230
2.9656 0.0019 2.6415 220 225 230
2.9593 0.0026 2.7045 220 225 230
3.0302 -0.0008 0.0018 220 225 230
3.0258 0.0042 0.0558 220 225 230
3.0285 0.0036 0.1089 220 225 230
3.0308 0.0032 0.1672 220 225 230
3.0227 0.0021 0.2116 220 225 230
3.0292 -0.0058 0.2729 220 225 230
3.0240 0.0005 0.3389 220 225 230
3.0278 0.0050 0.3769 220 225 230
3.0257 -0.0070 0.4387 220 225 230
3.0195 0.0020 0.4919 220 225 230
3.0270 0.0002 0.5499 220 225 230
3.0304 -0.0043 0.6141 220 225 230
3.0333 0.0027 0.6695 220 225 230
3.0244 -0.0050 0.7202 220 225 230
3.0209 0.0013 0.7749 220 225 230
3.0294 0.0040 0.8202 220 225 230
3.0291 -0.0004 0.8811 220 225 230
3.0244 -0.0036 0.9384 220 225 230
3.0316 0.0066 0.9940 220 225 230
3.0204 -0.0025 1.0426 220 225 230
3.0309 0.0039 1.1050 220 225 230
3.0243 -0.0044 1.1614 220 225 230
3.0239 0.0002 1.2113 220 225 230
3.0338 -0.0002 1.2626 220 225 230
3.0351 -0.0034 1.3203 220 225 230
3.0312 -0.0060 1.3807 220 225 230
3.0323 0.0016 1.4367 220 225 230
3.0299 -0.0008 1.4848 220 225 230
3.0327 0.0029 1.5478 220 225 230
3.0337 -0.0050 1.5972 220 225 230
3.0264 0.0031 1.6566 220 225 230
3.0337 -0.0101 1.7081 220 225 230
3.0234 0.0023 1.7705 220 225 230
3.0257 -0.0020 1.8233 220 225 230
3.0227 0.0015 1.8729 220 225 230
3.0306 -0.0042 1.9228 220 225 230
3.0306 0.0035 1.9823 220 225 230
3.0267 0.0003 2.0371 220 225 230
3.0240 0.0107 2.0967 220 225 230
3.0298 0.0071 2.1488 220 225 230
3.0253 0.0003 2.1989 220 225 230
3.0249 0.0026 2.2621 220 225 230
3.0264 -0.0047 2.3174 220 225 230
3.0315 -0.0109 2.3661 220 225 230
3.0332 0.0013 2.4193 220 225 230
3.0236 0.0035 2.4860 220 225 230
3.0282 0.0057 2.5345 220 225 230
3.0262 0.0006 2.5881 220 225 230
3.0275 0.0002 2.6406 220 225 230
3.0226 -0.0089 2.6996 220 225 230
3.0930 0.0032 -0.0034 220 225 230
3.0947 -0.0017 0.0493 220 225 230
3.0966 -0.0027 0.1151 220 225 230
3.0913 -0.0032 0.1659 220 225 230
3.0961 0.0088 0.2199 220 225 230
3.0930 -0.0056 0.2694 220 225 230
3.0920 -0.0004 0.3262 220 225 230
3.0907 -0.0055 0.3926 220 225 230
3.0860 0.0013 0.4443 220 225 230
3.0932 -0.0011 0.5007 220 225 230
3.0968 -0.0054 0.5486 220 225 230
3.1009 0.0019 0.6005 220 225 230
3.0914 -0.0041 0.6597 220 225 230
3.0941 -0.0128 0.7136 220 225 230
3.0916 -0.0063 0.7675 220 225 230
3.0911 0.0023 0.8227 220 225 230
3.0886 -0.0017 0.8835 220 225 230
3.0969 -0.0019 0.9273 220 225 230
3.0934 0.0031 0.9830 220 225 230
3.0966 0.0069 1.0460 220 225 230
3.0956 -0.0007 1.1020 220 225 230
3.0961 0.0005 1.1599 220 225 230
3.0957 0.0018 1.2052 220 225 230
3.0901 0.0008 1.2636 220 225 230
3.0969 0.0044 1.3247 220 225 230
3.1000 -0.0008 1.3810 220 225 230
3.0900 0.0011 1.4330 220 225 230
3.0963 -0.0004 1.4890 220 225 230
3.0912 -0.0021 1.5389 220 225 230
3.0887 -0.0020 1.5948 220 225 230
3.0928 0.0018 1.6518 220 225 230
3.1022 -0.0049 1.7098 220 225 230
3.0947 -0.0029 1.7667 220 225 230
3.0903 0.0053 1.8204 220 225 230
3.0979 -0.0004 1.8702 220 225 230
3.0963 -0.0017 1.9285 220 225 230
3.0987 0.0046 1.9765 220 225 230
3.0863 -0.0017 2.0342 220 225 230
3.0871 -0.0036 2.0952 220 225 230
3.0876 0.0045 2.1452 220 225 230
3.1004 -0.0054 2.1966 220 225 230
3.0978 0.0008 2.2578 220 225 230
3.0924 -0.0085 2.3192 220 225 230
3.0899 0.0026 2.3680 220 225 230
3.0939 -0.0018 2.4257 220 225 230
3.0921 0.0011 2.4816 220 225 230
3.0925 -0.0058 2.5342 220 225 230
3.0917 -0.0001 2.5976 220 225 230
3.0973 -0.0019 2.6449 220 225 230
3.0993 -0.0033 2.7029 220 225 230
3.1601 0.0016 -0.0016 220 225 230
3.1634 0.0012 0.0553 220 225 230
3.1615 0.0037 0.1058 220 225 230
3.1581 -0.0070 0.1713 220 225 230
3.1581 0.0033 0.2182 220 225 230
3.1568 -0.0015 0.2670 220 225 230
3.1567 -0.0024 0.3290 220 225 230
3.1665 0.0043 0.3840 220 225 230
3.1571 -0.0089 0.4423 220 225 230
3.1563 -0.0004 0.4964 220 225 230
3.1573 -0.0054 0.5423 220 225 230
3.1597 -0.0030 0.6018 220 225 230
3.1624 -0.0030 0.6624 220 225 230
3.1707 0.0025 0.7164 220 225 230
3.1605 -0.0014 0.7713 220 225 230
3.1593 0.0019 0.8252 220 225 230
3.1606 0.0003 0.8720 220 225 230
3.1571 -0.0023 0.9447 220 225 230
3.1573 -0.0069 0.9955 220 225 230
3.1616 0.0024 1.0429 220 225 230
3.1624 0.0021 1.1030 220 225 230
3.1634 0.0033 1.1567 220 225 230
3.1628 -0.0023 1.2122 220 225 230
3.1626 -0.0055 1.2660 220 225 230
3.1561 0.0008 1.3278 220 225 230
3.1640 -0.0010 1.3749 220 225 230
3.1602 -0.0011 1.4290 220 225 230
3.1595 -0.0041 1.4907 220 225 230
3.1668 -0.0006 1.5465 220 225 230
3.1563 -0.0083 1.6028 220 225 230
3.1572 -0.0002 1.6503 220 225 230
3.1593 -0.0006 1.7030 220 225 230
3.1596 0.0008 1.7645 220 225 230
3.1587 0.0077 1.8191 220 225 230
3.1604 0.0069 1.8749 220 225 230
3.1540 -0.0043 1.9276 220 225 230
3.1639 -0.0014 1.9879 220 225 230
3.1584 -0.0002 2.0353 220 225 230
3.1547 0.0058 2.0893 220 225 230
3.1575 -0.0007 2.1442 220 225 230
3.1568 -0.0017 2.2098 220 225 230
3.1623 -0.0003 2.2566 220 225 230
3.1562 0.0006 2.3167 220 225 230
3.1665 -0.0034 2.3678 220 225 230
3.1649 -0.0075 2.4285 220 225 230
3.1608 -0.0016 2.4806 220 225 230
3.1646 -0.0056 2.5362 220 225 230
3.1618 -0.0007 2.5817 220 225 230
3.1655 0.0033 2.6377 220 225 230
3.1634 0.0078 2.7067 220 225 230
3.2236 0.0016 0.0006 220 225 230
3.2271 -0.0001 0.0611 220 225 230
3.2262 -0.0007 0.1187 220 225 230
3.2219 -0.0003 0.1657 220 225 230
3.2292 0.0020 0.2160 220 225 230
3.2229 0.0030 0.2822 220 225 230
3.2252 -0.0000 0.3341 220 225 230
3.2207 -0.0022 0.3828 220 225 230
3.2283 0.0005 0.4447 220 225 230
3.2241 -0.0026 0.4997 220 225 230
3.2216 -0.0017 0.5527 220 225 230
3.2293 -0.0028 0.6055 220 225 230
3.2277 -0.0038 0.6605 220 225 230
3.2260 -0.0031 0.7121 220 225 230
3.2224 -0.0045 0.7756 220 225 230
3.2269 0.0038 0.8243 220 225 230
3.2251 -0.0023 0.8858 220 225 230
3.2334 0.0036 0.9376 220 225 230
3.2211 -0.0050 0.9908 220 225 230
3.2246 -0.0087 1.0509 220 225 230
3.2207 -0.0073 1.0988 220 225 230
3.2266 0.0081 1.1560 220 225 230
3.2234 0.0058 1.2082 220 225 230
3.2195 -0.0007 1.2587 220 225 230
3.2305 0.0041 1.3253 220 225 230
3.2239 0.0023 1.3786 220 225 230
3.2274 0.0056 1.4302 220 225 230
3.2302 -0.0013 1.4938 220 225 230
3.2235 0.0025 1.5419 220 225 230
3.2254 0.0005 1.5977 220 225 230
3.2295 0.0004 1.6464 220 225 230
3.2225 -0.0023 1.7036 220 225 230
3.2220 -0.0043 1.7608 220 225 230
3.2264 0.0003 1.8169 220 225 230
3.2217 -0.0015 1.8818 220 225 230
3.2271 0.0077 1.9323 220 225 230
3.2235 0.0016 1.9773 220 225 230
3.2298 0.0013 2.0368 220 225 230
3.2282 0.0010 2.0910 220 225 230
3.2240 0.0014 2.1513 220 225 230
3.2265 -0.0036 2.2059 220 225 230
3.2266 0.0010 2.2587 220 225 230
3.2286 0.0033 2.3092 220 225 230
3.2273 -0.0019 2.3722 220 225 230
3.2274 -0.0050 2.4238 220 225 230
3.2238 0.0036 2.4834 220 225 230
3.2246 0.0017 2.5328 220 225 230
3.2384 -0.0017 2.5877 220 225 230
3.2263 -0.0058 2.6509 220 225 230
3.2291 -0.0017 2.6976 220 225 230
3.2884 -0.0014 0.0014 220 225 230
3.2908 -0.0014 0.0563 220 225 230
3.2937 -0.0047 0.1106 220 225 230
3.2907 0.0082 0.1633 220 225 230
3.2854 0.0005 0.2214 220 225 230
3.2880 -0.0021 0.2752 220 225 230
3.2883 0.0057 0.3272 220 225 230
3.2859 -0.0019 0.3804 220 225 230
3.2899 0.0009 0.4373 220 225 230
3.2897 0.0007 0.4922 220 225 230
3.2891 -0.0012 0.5524 220 225 230
3.2872 -0.0001 0.6007 220 225 230
3.2912 0.0018 0.6573 220 225 230
3.2856 -0.0058 0.7178 220 225 230
3.2877 -0.0013 0.7735 220 225 230
3.2888 0.0018 0.8270 220 225 230
3.2898 0.0075 0.8805 220 225 230
3.2952 0.0022 0.9468 220 225 230
3.2846 -0.0050 0.9924 220 225 230
3.2893 0.0023 1.0508 220 225 230
3.2828 -0.0010 1.1010 220 225 230
3.2943 -0.0011 1.1539 220 225 230
3.2845 0.0003 1.2090 220 225 230
3.2819 0.0006 1.2694 220 225 230
3.2973 0.0022 1.3210 220 225 230
3.2844 -0.0017 1.3765 220 225 230
3.2939 -0.0014 1.4309 220 225 230
3.2839 0.0019 1.4905 220 225 230
3.2943 0.0028 1.5490 220 225 230
3.2876 0.0038 1.5991 220 225 230
3.2897 -0.0030 1.6534 220 225 230
3.2950 -0.0039 1.7022 220 225 230
3.2892 0.0072 1.7626 220 225 230
3.2889 0.0021 1.8122 220 225 230
3.2936 -0.0005 1.8697 220 225 230
3.2946 -0.0038 1.9279 220 225 230
3.2980 -0.0016 1.9838 220 225 230
3.2994 0.0060 2.0336 220 225 230
3.2931 -0.0071 2.0976 220 225 230
3.2856 -0.0060 2.1534 220 225 230
3.2855 -0.0035 2.2004 220 225 230
3.2945 0.0040 2.2599 220 225 230
3.2884 0.0006 2.3191 220 225 230
3.2915 0.0045 2.3699 220 225 230
3.2870 0.0028 2.4258 220 225 230
3.2903 0.0056 2.4748 220 225 230
3.2823 0.0014 2.5320 220 225 230
3.2816 -0.0046 2.5926 220 225 230
3.2966 -0.0064 2.6503 220 225 230
3.2939 0.0005 2.6994 220 225 230
3.3595 0.0017 0.0047 220 225 230
3.3630 -0.0033 0.0534 220 225 230
3.3571 -0.0014 0.1129 220 225 230
3.3640 0.0049 0.1646 220 225 230
3.3611 -0.0027 0.2230 220 225 230
3.3566 -0.0046 0.2771 220 225 230
3.3499 -0.0055 0.3350 220 225 230
3.3613 0.0025 0.3814 220 225 230
3.3582 0.0019 0.4386 220 225 230
3.3558 -0.0046 0.4929 220 225 230
3.3581 0.0013 0.5554 220 225 230
3.3626 0.0000 0.6091 220 225 230
3.3507 -0.0030 0.6560 220 225 230
3.3588 -0.0054 0.7186 220 225 230
3.3570 -0.0010 0.7710 220 225 230
3.3576 0.0016 0.8268 220 225 230
3.3511 -0.0034 0.8844 220 225 230
3.3498 -0.0038 0.9401 220 225 230
3.3509 -0.0055 0.9913 220 225 230
3.3604 -0.0007 1.0420 220 225 230
3.3610 -0.0017 1.1008 220 225 230
3.3578 0.0020 1.1586 220 225 230
3.3605 -0.0052 1.2164 220 225 230
3.3563 0.0000 1.2731 220 225 230
3.3543 0.0049 1.3307 220 225 230
3.3542 -0.0025 1.3759 220 225 230
3.3518 -0.0005 1.4274 220 225 230
3.3550 -0.0003 1.4915 220 225 230
3.3614 0.0063 1.5382 220 225 230
3.3573 -0.0049 1.5913 220 225 230
3.3576 -0.0017 1.6557 220 225 230
3.3539 0.0053 1.7061 220 225 230
3.3572 -0.0029 1.7645 220 225 230
3.3558 -0.0051 1.8213 220 225 230
3.3617 -0.0034 1.8833 220 225 230
3.3606 0.0017 1.9335 220 225 230
3.3508 -0.0037 1.9793 220 225 230
3.3545 0.0014 2.0373 220 225 230
3.3534 0.0054 2.1001 220 225 230
3.3494 -0.0009 2.1480 220 225 230
3.3587 -0.0052 2.2110 220 225 230
3.3609 0.0002 2.2533 220 225 230
3.3504 -0.0002 2.3151 220 225 230
3.3533 -0.0010 2.3754 220 225 230
3.3614 -0.0048 2.4263 220 225 230
3.3536 -0.0010 2.4835 220 225 230
3.3590 -0.0018 2.5268 220 225 230
3.3517 -0.0046 2.5920 220 225 230
3.3596 -0.0057 2.6480 220 225 230
3.3477 -0.0004 2.6970 220 225 230
3.4248 0.0001 -0.0005 220 225 230
3.4246 -0.0038 0.0554 220 225 230
3.4262 0.0012 0.1085 220 225 230
3.4248 -0.0008 0.1612 220 225 230
3.4185 -0.0030 0.2290 220 225 230
3.4233 0.0043 0.2804 220 225 230
3.4167 0.0017 0.3356 220 225 230
3.4265 -0.0002 0.3861 220 225 230
3.4195 0.0105 0.4391 220 225 230
3.4264 -0.0064 0.4954 220 225 230
3.4206 0.0014 0.5509 220 225 230
3.4279 -0.0002 0.6046 220 225 230
3.4234 0.0012 0.6604 220 225 230
3.4265 0.0031 0.7158 220 225 230
3.4233 -0.0069 0.7767 220 225 230
3.4216 -0.0063 0.8312 220 225 230
3.4201 -0.0014 0.8690 220 225 230
3.4273 0.0017 0.9375 220 225 230
3.4273 0.0004 0.9854 220 225 230
3.4190 0.0001 1.0524 220 225 230
3.4173 -0.0039 1.0991 220 225 230
3.4206 -0.0001 1.1589 220 225 230
3.4214 0.0049 1.2101 220 225 230
3.4220 -0.0021 1.2717 220 225 230
3.4254 -0.0039 1.3190 220 225 230
3.4249 -0.0014 1.3752 220 225 230
3.4252 0.0003 1.4318 220 225 230
3.4245 0.0072 1.4849 220 225 230
3.4281 -0.0030 1.5407 220 225 230
3.4197 0.0083 1.5895 220 225 230
3.4192 -0.0016 1.6537 220 225 230
3.4170 -0.0026 1.7040 220 225 230
3.4287 -0.0008 1.7693 220 225 230
3.4198 0.0028 1.8194 220 225 230
3.4252 0.0027 1.8725 220 225 230
3.4164 -0.0015 1.9309 220 225 230
3.4158 0.0027 1.9723 220 225 230
3.4210 -0.0014 2.0382 220 225 230
3.4208 0.0023 2.0952 220 225 230
3.4189 0.0001 2.1577 220 225 230
3.4270 -0.0006 2.1947 220 225 230
3.4247 0.0057 2.2564 220 225 230
3.4274 -0.0036 2.3166 220 225 230
3.4237 -0.0076 2.3651 220 225 230
3.4223 -0.0011 2.4202 220 225 230
3.4209 0.0015 2.4739 220 225 230
3.4228 0.0051 2.5334 220 225 230
3.4297 -0.0040 2.5909 220 225 230
3.4194 -0.0006 2.6380 220 225 230
3.4216 0.0101 2.6939 220 225 230
3.4941 0.0036 0.0009 220 225 230
3.4851 -0.0016 0.0558 220 225 230
3.4847 0.0070 0.1116 220 225 230
3.4883 -0.0016 0.1642 220 225 230
3.4889 0.0017 0.2275 220 225 230
3.4853 0.0015 0.2749 220 225 230
3.4829 -0.0028 0.3374 220 225 230
3.4833 0.0047 0.3793 220 225 230
3.4839 0.0008 0.4414 220 225 230
3.4882 -0.0053 0.4999 220 225 230
3.4865 0.0002 0.5544 220 225 230
3.4876 -0.0056 0.6043 220 225 230
3.4882 0.0068 0.6569 220 225 230
3.4885 0.0052 0.7184 220 225 230
3.4823 -0.0009 0.7770 220 225 230
3.4883 -0.0042 0.8258 220 225 230
3.4930 0.0047 0.8847 220 225 230
3.4865 0.0007 0.9416 220 225 230
3.4872 -0.0006 0.9919 220 225 230
3.4841 -0.0021 1.0469 220 225 230
3.4910 -0.0042 1.1036 220 225 230
3.4851 -0.0064 1.1546 220 225 230
3.4895 -0.0062 1.2115 220 225 230
3.4906 -0.0061 1.2686 220 225 230
3.4807 -0.0005 1.3265 220 225 230
3.4980 -0.0031 1.3806 220 225 230
3.4870 0.0039 1.4420 220 225 230
3.4899 0.0005 1.4904 220 225 230
3.4903 -0.0011 1.5439 220 225 230
3.4912 -0.0015 1.5958 220 225 230
3.4913 -0.0014 1.6487 220 225 230
3.4948 0.0025 1.7011 220 225 230
3.4898 0.0005 1.7617 220 225 230
3.4880 -0.0019 1.8235 220 225 230
3.4849 0.0046 1.8744 220 225 230
3.4922 0.0001 1.9276 220 225 230
3.4824 0.0017 1.9877 220 225 230
3.4893 -0.0038 2.0410 220 225 230
3.4963 -0.0015 2.0851 220 225 230
3.4866 -0.0026 2.1441 220 225 230
3.4904 -0.0028 2.1973 220 225 230
3.4943 -0.0040 2.2557 220 225 230
3.4914 -0.0044 2.3146 220 225 230
3.4914 0.0019 2.3623 220 225 230
3.4867 -0.0040 2.4239 220 225 230
3.4819 -0.0109 2.4745 220 225 230
3.4926 -0.0047 2.5390 220 225 230
3.4787 0.0026 2.5962 220 225 230
3.4831 0.0064 2.6462 220 225 230
3.4863 -0.0007 2.7015 220 225 230
3.5529 -0.0023 -0.0007 220 225 230
3.5535 0.0052 0.0512 220 225 230
3.5500 -0.0004 0.1036 220 225 230
3.5557 -0.0095 0.1656 220 225 230
3.5575 0.0004 0.2149 220 225 230
3.5472 0.0016 0.2815 220 225 230
3.5568 0.0054 0.3296 220 225 230
3.5581 0.0003 0.3850 220 225 230
3.5494 -0.0022 0.4444 220 225 230
3.5477 0.0007 0.4945 220 225 230
3.5512 0.0018 0.5503 220 225 230
3.5517 0.0029 0.6023 220 225 230
3.5591 -0.0010 0.6626 220 225 230
3.5556 0.0056 0.7168 220 225 230
3.5600 0.0015 0.7714 220 225 230
3.5480 -0.0048 0.8243 220 225 230
3.5545 0.0036 0.8770 220 225 230
3.5526 0.0037 0.9335 220 225 230
3.5474 -0.0033 0.9896 220 225 230
3.5567 -0.0031 1.0571 220 225 230
3.5535 -0.0016 1.1094 220 225 230
3.5559 0.0005 1.1631 220 225 230
3.5595 0.0020 1.2147 220 225 230
3.5509 -0.0025 1.2682 220 225 230
3.5523 0.0014 1.3214 220 225 230
3.5507 0.0000 1.3850 220 225 230
3.5592 -0.0031 1.4356 220 225 230
3.5600 -0.0035 1.4951 220 225 230
3.5520 -0.0028 1.5465 220 225 230
3.5512 -0.0038 1.6024 220 225 230
3.5534 -0.0030 1.6573 220 225 230
3.5594 0.0011 1.7040 220 225 230
3.5511 -0.0016 1.7608 220 225 230
3.5552 -0.0035 1.8172 220 225 230
3.5498 0.0047 1.8692 220 225 230
3.5509 0.0042 1.9290 220 225 230
3.5659 0.0054 1.9881 220 225 230
3.5574 -0.0046 2.0414 220 225 230
3.5471 0.0026 2.0929 220 225 230
3.5529 -0.0029 2.1492 220 225 230
3.5573 -0.0011 2.2022 220 225 230
3.5579 0.0019 2.2578 220 225 230
3.5558 0.0013 2.3159 220 225 230
3.5529 0.0028 2.3640 220 225 230
3.5570 -0.0009 2.4298 220 225 230
3.5522 -0.0034 2.4801 220 225 230
3.5600 -0.0005 2.5284 220 225 230
3.5481 -0.0018 2.5915 220 225 230
3.5552 0.0044 2.6442 220 225 230
3.5541 0.0024 2.6979 220 225 230
3.6258 0.0010 -0.0078 220 225 230
3.6146 -0.0031 0.0480 220 225 230
3.6160 -0.0013 0.1187 220 225 230
3.6208 0.0034 0.1608 220 225 230
3.6266 -0.0021 0.2288 220 225 230
3.6249 0.0077 0.2802 220 225 230
3.6251 -0.0039 0.3307 220 225 230
3.6146 0.0026 0.3879 220 225 230
3.6164 -0.0003 0.4390 220 225 230
3.6209 -0.0013 0.4957 220 225 230
3.6199 0.0033 0.5526 220 225 230
3.6146 -0.0027 0.5998 220 225 230
3.6205 -0.0066 0.6560 220 225 230
3.6172 -0.0043 0.7123 220 225 230
3.6210 0.0006 0.7695 220 225 230
3.6197 0.0031 0.8321 220 225 230
3.6169 -0.0003 0.8813 220 225 230
3.6188 0.0006 0.9437 220 225 230
3.6181 -0.0061 0.9879 220 225 230
3.6239 -0.0022 1.0461 220 225 230
3.6211 -0.0004 1.1056 220 225 230
3.6181 0.0045 1.1537 220 225 230
3.6260 0.0042 1.2093 220 225 230
3.6153 0.0009 1.2679 220 225 230
3.6170 -0.0070 1.3230 220 225 230
3.6256 -0.0042 1.3753 220 225 230
3.6304 0.0074 1.4304 220 225 230
3.6218 -0.0008 1.4875 220 225 230
3.6230 0.0016 1.5471 220 225 230
3.6226 -0.0032 1.5990 220 225 230
3.6243 -0.0112 1.6645 220 225 230
3.6190 0.0026 1.7022 220 225 230
3.6260 -0.0000 1.7659 220 225 230
3.6270 0.0027 1.8172 220 225 230
3.6194 0.0068 1.8754 220 225 230
3.6225 -0.0037 1.9273 220 225 230
3.6207 0.0026 1.9839 220 225 230
3.6174 0.0029 2.0318 220 225 230
3.6233 0.0060 2.0875 220 225 230
3.6198 0.0062 2.1420 220 225 230
3.6148 -0.0011 2.2084 220 225 230
3.6214 -0.0034 2.2527 220 225 230
3.6232 0.0060 2.3166 220 225 230
3.6187 -0.0050 2.3761 220 225 230
3.6182 0.0018 2.4226 220 225 230
3.6260 -0.0009 2.4746 220 225 230
3.6221 -0.0003 2.5302 220 225 230
3.6201 -0.0019 2.5957 220 225 230
3.6239 -0.0012 2.6517 220 225 230
3.6194 -0.0012 2.6960 220 225 230
3.6883 -0.0052 0.0011 220 225 230
3.6886 -0.0108 0.0491 220 225 230
3.6825 0.0063 0.1108 220 225 230
3.6863 -0.0055 0.1679 220 225 230
3.6808 -0.0087 0.2229 220 225 230
3.6830 0.0044 0.2831 220 225 230
3.6880 0.0009 0.3245 220 225 230
3.6788 -0.0006 0.3925 220 225 230
3.6829 0.0026 0.4383 220 225 230
3.6811 0.0007 0.4918 220 225 230
3.6862 -0.0043 0.5512 220 225 230
3.6838 -0.0011 0.6056 220 225 230
3.6820 -0.0003 0.6643 220 225 230
3.6813 0.0061 0.7175 220 225 230
3.6881 -0.0086 0.7716 220 225 230
3.6831 0.0016 0.8278 220 225 230
3.6837 -0.0042 0.8829 220 225 230
3.6846 0.0021 0.9398 220 225 230
3.6845 0.0015 0.9937 220 225 230
3.6834 -0.0030 1.0482 220 225 230
3.6816 -0.0041 1.1063 220 225 230
3.6882 0.0013 1.1532 220 225 230
3.6845 0.0053 1.2100 220 225 230
3.6822 -0.0007 1.2687 220 225 230
3.6873 0.0141 1.3218 220 225 230
3.6874 -0.0029 1.3757 220 225 230
3.6848 -0.0025 1.4374 220 225 230
3.6838 -0.0049 1.4884 220 225 230
3.6953 0.0047 1.5383 220 225 230
3.6834 0.0011 1.5949 220 225 230
3.6842 -0.0008 1.6548 220 225 230
3.6900 -0.0093 1.7121 220 225 230
3.6880 0.0053 1.7615 220 225 230
3.6856 -0.0036 1.8183 220 225 230
3.6890 0.0014 1.8686 220 225 230
3.6855 -0.0084 1.9246 220 225 230
3.6904 0.0032 1.9839 220 225 230
3.6751 0.0012 2.0416 220 225 230
3.6860 0.0061 2.0904 220 225 230
3.6874 0.0014 2.1480 220 225 230
3.6850 -0.0029 2.2059 220 225 230
3.6824 0.0006 2.2552 220 225 230
3.6840 0.0036 2.3129 220 225 230
3.6863 0.0127 2.3751 220 225 230
3.6875 -0.0033 2.4279 220 225 230
3.6862 -0.0002 2.4770 220 225 230
3.6850 -0.0034 2.5323 220 225 230
3.6885 0.0046 2.5812 220 225 230
3.6906 0.0023 2.6479 220 225 230
3.6876 0.0052 2.6950 220 225 230
3.7519 0.0021 0.0021 220 225 230
3.7536 -0.0036 0.0548 220 225 230
3.7515 0.0056 0.1139 220 225 230
3.7498 0.0072 0.1617 220 225 230
3.7454 -0.0001 0.2224 220 225 230
3.7509 0.0039 0.2783 220 225 230
3.7425 -0.0004 0.3238 220 225 230
3.7525 -0.0032 0.3869 220 225 230
3.7508 0.0026 0.4515 220 225 230
3.7461 -0.0061 0.4944 220 225 230
3.7530 -0.0000 0.5517 220 225 230
3.7549 0.0049 0.6131 220 225 230
3.7509 -0.0025 0.6590 220 225 230
3.7497 0.0004 0.7209 220 225 230
3.7602 -0.0017 0.7730 220 225 230
3.7535 -0.0036 0.8187 220 225 230
3.7528 0.0040 0.8804 220 225 230
3.7569 0.0027 0.9460 220 225 230
3.7561 0.0027 0.9910 220 225 230
3.7506 -0.0033 1.0476 220 225 230
3.7512 0.0033 1.1049 220 225 230
3.7470 0.0057 1.1590 220 225 230
3.7581 -0.0024 1.2159 220 225 230
3.7523 0.0031 1.2676 220 225 230
3.7482 0.0017 1.3283 220 225 230
3.7527 -0.0033 1.3706 220 225 230
3.7513 0.0013 1.4361 220 225 230
3.7491 0.0024 1.4903 220 225 230
3.7519 0.0058 1.5437 220 225 230
3.7510 0.0055 1.5992 220 225 230
3.7472 -0.0059 1.6474 220 225 230
3.7569 -0.0021 1.7031 220 225 230
3.7521 -0.0002 1.7592 220 225 230
3.7512 0.0086 1.8208 220 225 230
3.7547 -0.0045 1.8742 220 225 230
3.7516 0.0079 1.9282 220 225 230
3.7569 -0.0014 1.9812 220 225 230
3.7585 0.0009 2.0438 220 225 230
3.7561 0.0011 2.0851 220 225 230
3.7492 0.0007 2.1449 220 225 230
3.7551 0.0037 2.2111 220 225 230
3.7543 0.0005 2.2635 220 225 230
3.7556 0.0016 2.3153 220 225 230
3.7506 0.0025 2.3728 220 225 230
3.7595 -0.0001 2.4270 220 225 230
3.7447 -0.0018 2.4730 220 225 230
3.7487 -0.0060 2.5395 220 225 230
3.7542 0.0014 2.5913 220 225 230
3.7514 0.0038 2.6387 220 225 230
3.7575 -0.0073 2.7058 220 225 230
3.8149 0.0075 0.0009 220 225 230
3.8174 -0.0066 0.0541 220 225 230
3.8226 0.0085 0.1097 220 225 230
3.8121 -0.0055 0.1607 220 225 230
3.8215 -0.0036 0.2198 220 225 230
3.8128 -0.0013 0.2760 220 225 230
3.8137 0.0012 0.3334 220 225 230
3.8124 0.0051 0.3797 220 225 230
3.8131 0.0021 0.4409 220 225 230
3.8264 -0.0014 0.4940 220 225 230
3.8126 -0.0002 0.5550 220 225 230
3.8168 -0.0018 0.6084 220 225 230
3.8165 -0.0026 0.6625 220 225 230
3.8200 0.0014 0.7122 220 225 230
3.8130 0.0045 0.7787 220 225 230
3.8172 0.0042 0.8281 220 225 230
3.8151 -0.0052 0.8823 220 225 230
3.8158 0.0031 0.9332 220 225 230
3.8145 -0.0010 0.9892 220 225 230
3.8121 0.0048 1.0493 220 225 230
3.8161 0.0009 1.1024 220 225 230
3.8225 0.0027 1.1545 220 225 230
3.8125 0.0107 1.2119 220 225 230
3.8223 0.0073 1.2718 220 225 230
3.8151 -0.0015 1.3253 220 225 230
3.8121 -0.0014 1.3788 220 225 230
3.8195 -0.0036 1.4384 220 225 230
3.8162 0.0038 1.4880 220 225 230
3.8173 0.0038 1.5494 220 225 230
3.8108 0.0048 1.6007 220 225 230
3.8102 -0.0029 1.6477 220 225 230
3.8231 0.0018 1.7165 220 225 230
3.8204 0.0032 1.7627 220 225 230
3.8173 -0.0034 1.8201 220 225 230
3.8147 -0.0010 1.8797 220 225 230
3.8228 0.0028 1.9245 220 225 230
3.8196 0.0004 1.9828 220 225 230
3.8264 0.0042 2.0387 220 225 230
3.8203 0.0030 2.0915 220 225 230
3.8107 -0.0031 2.1458 220 225 230
3.8179 0.0032 2.2030 220 225 230
3.8179 -0.0011 2.2629 220 225 230
3.8188 -0.0012 2.3092 220 225 230
3.8204 0.0046 2.3650 220 225 230
3.8190 0.0029 2.4196 220 225 230
3.8145 -0.0017 2.4757 220 225 230
3.8125 0.0051 2.5344 220 225 230
3.8179 -0.0044 2.5930 220 225 230
3.8220 0.0062 2.6458 220 225 230
3.8148 -0.0014 2.7054 220 225 230
3.8819 -0.0032 0.0010 220 225 230
3.8840 0.0005 0.0531 220 225 230
3.8844 -0.0041 0.1128 220 225 230
3.8881 0.0045 0.1605 220 225 230
3.8871 0.0058 0.2221 220 225 230
3.8872 -0.0044 0.2737 220 225 230
3.8878 0.0006 0.3284 220 225 230
3.8827 0.0042 0.3887 220 225 230
3.8820 0.0013 0.4399 220 225 230
3.8711 0.0012 0.4913 220 225 230
3.8730 -0.0068 0.5492 220 225 230
3.8790 -0.0020 0.5997 220 225 230
3.8837 0.0001 0.6553 220 225 230
3.8834 -0.0047 0.7146 220 225 230
3.8845 0.0011 0.7756 220 225 230
3.8849 -0.0034 0.8228 220 225 230
3.8847 0.0001 0.8866 220 225 230
3.8753 -0.0011 0.9396 220 225 230
3.8841 0.0003 0.9892 220 225 230
3.8863 0.0009 1.0491 220 225 230
3.8802 -0.0032 1.1013 220 225 230
3.8830 0.0038 1.1609 220 225 230
3.8847 0.0018 1.2089 220 225 230
3.8815 -0.0003 1.2662 220 225 230
3.8820 0.0007 1.3245 220 225 230
3.8851 0.0042 1.3780 220 225 230
3.8810 0.0018 1.4238 220 225 230
3.8889 0.0064 1.4851 220 225 230
3.8839 -0.0036 1.5457 220 225 230
3.8849 -0.0025 1.5983 220 225 230
3.8808 0.0048 1.6474 220 225 230
3.8799 0.0032 1.7045 220 225 230
3.8849 0.0074 1.7669 220 225 230
3.8834 0.0034 1.8176 220 225 230
3.8853 0.0014 1.8748 220 225 230
3.8803 0.0002 1.9314 220 225 230
3.8816 -0.0036 1.9856 220 225 230
3.8785 -0.0018 2.0305 220 225 230
3.8856 0.0084 2.0926 220 225 230
3.8824 -0.0009 2.1437 220 225 230
3.8901 0.0014 2.2082 220 225 230
3.8810 0.0003 2.2608 220 225 230
3.8809 -0.0018 2.3134 220 225 230
3.8837 -0.0036 2.3665 220 225 230
3.8849 -0.0063 2.4248 220 225 230
3.8821 0.0010 2.4736 220 225 230
3.8847 -0.0080 2.5418 220 225 230
3.8860 0.0001 2.5859 220 225 230
3.8812 -0.0004 2.6437 220 225 230
3.8859 -0.0061 2.6991 220 225 230
3.9489 -0.0018 0.0002 220 225 230
3.9434 -0.0014 0.0566 220 225 230
3.9490 -0.0024 0.1140 220 225 230
3.9514 0.0005 0.1643 220 225 230
3.9438 -0.0061 0.2223 220 225 230
3.9532 0.0020 0.2672 220 225 230
3.9503 -0.0018 0.3293 220 225 230
3.9551 0.0002 0.3897 220 225 230
3.9411 0.0014 0.4442 220 225 230
3.9436 -0.0070 0.4953 220 225 230
3.9466 0.0018 0.5557 220 225 230
3.9488 -0.0017 0.6032 220 225 230
3.9504 0.0010 0.6658 220 225 230
3.9489 -0.0006 0.7216 220 225 230
3.9506 0.0061 0.7663 220 225 230
3.9566 -0.0019 0.8223 220 225 230
3.9505 -0.0016 0.8822 220 225 230
3.9569 -0.0011 0.9468 220 225 230
3.9523 -0.0005 0.9857 220 225 230
3.9433 0.0005 1.0449 220 225 230
3.9533 0.0053 1.1011 220 225 230
3.9521 0.0050 1.1681 220 225 230
3.9497 0.0030 1.2096 220 225 230
3.9480 -0.0094 1.2640 220 225 230
3.9525 -0.0012 1.3222 220 225 230
3.9470 0.0023 1.3785 220 225 230
3.9545 -0.0018 1.4305 220 225 230
3.9474 0.0046 1.4830 220 225 230
3.9528 -0.0019 1.5447 220 225 230
3.9426 -0.0005 1.5973 220 225 230
3.9455 -0.0025 1.6565 220 225 230
3.9552 -0.0007 1.7075 220 225 230
3.9438 0.0002 1.7636 220 225 230
3.9468 0.0054 1.8198 220 225 230
3.9523 0.0036 1.8697 220 225 230
3.9466 0.0011 1.9345 220 225 230
3.9416 -0.0026 1.9886 220 225 230
3.9565 0.0028 2.0400 220 225 230
3.9523 0.0029 2.0916 220 225 230
3.9478 -0.0013 2.1476 220 225 230
3.9454 -0.0049 2.2048 220 225 230
3.9489 -0.0003 2.2546 220 225 230
3.9502 -0.0082 2.3152 220 225 230
3.9510 -0.0033 2.3757 220 225 230
3.9435 0.0017 2.4222 220 225 230
3.9513 -0.0004 2.4814 220 225 230
3.9525 -0.0044 2.5327 220 225 230
3.9460 -0.0003 2.5920 220 225 230
3.9520 0.0070 2.6392 220 225 230
3.9582 0.0013 2.6945 220 225 230
4.0090 0.0012 -0.0008 220 225 230
4.0214 0.0009 0.0537 220 225 230
4.0109 0.0035 0.1166 220 225 230
4.0122 -0.0031 0.1641 220 225 230
4.0141 -0.0042 0.2202 220 225 230
4.0125 -0.0052 0.2804 220 225 230
4.0179 -0.0024 0.3183 220 225 230
4.0154 -0.0020 0.3876 220 225 230
4.0111 -0.0027 0.4420 220 225 230
4.0118 0.0023 0.4873 220 225 230
4.0186 0.0094 0.5463 220 225 230
4.0209 -0.0018 0.6041 220 225 230
4.0167 0.0047 0.6580 220 225 230
4.0163 -0.0028 0.7105 220 225 230
4.0182 -0.0055 0.7690 220 225 230
4.0147 0.0010 0.8238 220 225 230
4.0187 0.0027 0.8797 220 225 230
4.0157 0.0022 0.9409 220 225 230
4.0156 0.0031 0.9910 220 225 230
4.0133 -0.0001 1.0434 220 225 230
4.0159 -0.0022 1.0994 220 225 230
4.0073 -0.0001 1.1521 220 225 230
4.0197 0.0041 1.2169 220 225 230
4.0189 -0.0011 1.2650 220 225 230
4.0244 0.0016 1.3231 220 225 230
4.0198 -0.0038 1.3689 220 225 230
4.0179 0.0021 1.4279 220 225 230
4.0133 -0.0015 1.4886 220 225 230
4.0180 -0.0006 1.5384 220 225 230
4.0188 -0.0059 1.5948 220 225 230
4.0131 0.0054 1.6563 220 225 230
4.0137 -0.0023 1.7048 220 225 230
4.0161 0.0021 1.7647 220 225 230
4.0197 -0.0012 1.8118 220 225 230
4.0212 -0.0058 1.8783 220 225 230
4.0183 0.0004 1.9348 220 225 230
4.0181 -0.0061 1.9833 220 225 230
4.0127 0.0019 2.0400 220 225 230
4.0080 -0.0050 2.0965 220 225 230
4.0158 -0.0017 2.1498 220 225 230
4.0083 0.0007 2.1949 220 225 230
4.0157 0.0012 2.2604 220 225 230
4.0137 0.0009 2.3079 220 225 230
4.0168 0.0044 2.3654 220 225 230
4.0117 -0.0024 2.4222 220 225 230
4.0169 -0.0012 2.4749 220 225 230
4.0157 -0.0036 2.5365 220 225 230
4.0185 0.0089 2.5978 220 225 230
4.0147 -0.0012 2.6425 220 225 230
4.0173 -0.0056 2.6939 220 225 230
4.0709 0.0114 -0.0019 220 225 230
4.0839 -0.0051 0.0498 220 225 230
4.0802 -0.0047 0.1100 220 225 230
4.0871 -0.0015 0.1607 220 225 230
4.0762 -0.0012 0.2266 220 225 230
4.0861 0.0031 0.2856 220 225 230
4.0857 0.0022 0.3330 220 225 230
4.0880 0.0058 0.3813 220 225 230
4.0818 0.0031 0.4403 220 225 230
4.0816 0.0030 0.4989 220 225 230
4.0797 0.0026 0.5507 220 225 230
4.0806 0.0052 0.6097 220 225 230
4.0841 0.0015 0.6604 220 225 230
4.0759 -0.0012 0.7175 220 225 230
4.0873 0.0027 0.7674 220 225 230
4.0933 0.0042 0.8225 220 225 230
4.0799 0.0035 0.8815 220 225 230
4.0781 0.0042 0.9409 220 225 230
4.0835 0.0022 0.9928 220 225 230
4.0801 0.0037 1.0494 220 225 230
4.0838 0.0055 1.1041 220 225 230
4.0853 -0.0036 1.1629 220 225 230
4.0736 0.0005 1.2100 220 225 230
4.0797 0.0019 1.2665 220 225 230
4.0820 -0.0030 1.3217 220 225 230
4.0803 -0.0079 1.3774 220 225 230
4.0785 -0.0011 1.4293 220 225 230
4.0810 0.0004 1.4927 220 225 230
4.0797 -0.0066 1.5366 220 225 230
4.0853 0.0046 1.6030 220 225 230
4.0793 0.0036 1.6561 220 225 230
4.0826 -0.0024 1.7050 220 225 230
4.0777 -0.0031 1.7650 220 225 230
4.0771 -0.0039 1.8168 220 225 230
4.0907 -0.0021 1.8734 220 225 230
4.0784 0.0023 1.9316 220 225 230
4.0865 0.0031 1.9820 220 225 230
4.0832 0.0017 2.0297 220 225 230
4.0778 0.0050 2.0955 220 225 230
4.0820 -0.0008 2.1470 220 225 230
4.0850 0.0019 2.2051 220 225 230
4.0744 0.0041 2.2599 220 225 230
4.0770 -0.0007 2.3177 220 225 230
4.0835 -0.0042 2.3744 220 225 230
4.0785 -0.0003 2.4272 220 225 230
4.0835 0.0001 2.4740 220 225 230
4.0765 -0.0069 2.5268 220 225 230
4.0811 0.0054 2.5958 220 225 230
4.0744 -0.0006 2.6430 220 225 230
4.0844 -0.0000 2.7020 220 225 230
4.1504 0.0024 -0.0077 220 225 230
4.1428 0.0033 0.0573 220 225 230
4.1462 -0.0047 0.1105 220 225 230
4.1445 0.0007 0.1659 220 225 230
4.1504 -0.0072 0.2195 220 225 230
4.1453 0.0074 0.2827 220 225 230
4.1528 0.0014 0.3291 220 225 230
4.1441 -0.0066 0.3880 220 225 230
4.1502 -0.0001 0.4399 220 225 230
4.1417 0.0032 0.4976 220 225 230
4.1445 0.0023 0.5503 220 225 230
4.1490 0.0034 0.6049 220 225 230
4.1456 0.0023 0.6601 220 225 230
4.1475 -0.0033 0.7110 220 225 230
4.1482 0.0023 0.7728 220 225 230
4.1479 0.0003 0.8263 220 225 230
4.1417 -0.0002 0.8738 220 225 230
4.1513 0.0070 0.9361 220 225 230
4.1492 -0.0007 0.9924 220 225 230
4.1402 -0.0016 1.0477 220 225 230
4.1495 0.0074 1.1020 220 225 230
4.1456 -0.0004 1.1581 220 225 230
4.1523 -0.0023 1.2137 220 225 230
4.1483 -0.0018 1.2635 220 225 230
4.1491 -0.0042 1.3251 220 225 230
4.1386 -0.0038 1.3801 220 225 230
4.1501 -0.0012 1.4335 220 225 230
4.1411 -0.0008 1.4792 220 225 230
4.1389 -0.0092 1.5308 220 225 230
4.1526 0.0027 1.5951 220 225 230
4.1490 -0.0031 1.6579 220 225 230
4.1487 -0.0046 1.7110 220 225 230
4.1482 -0.0009 1.7671 220 225 230
4.1427 -0.0012 1.8208 220 225 230
4.1472 -0.0060 1.8789 220 225 230
4.1513 -0.0020 1.9283 220 225 230
4.1440 0.0027 1.9849 220 225 230
4.1471 0.0023 2.0390 220 225 230
4.1477 0.0009 2.0994 220 225 230
4.1476 0.0002 2.1463 220 225 230
4.1508 -0.0073 2.2015 220 225 230
4.1467 -0.0049 2.2662 220 225 230
4.1510 -0.0071 2.3146 220 225 230
4.1494 -0.0062 2.3759 220 225 230
4.1531 -0.0004 2.4216 220 225 230
4.1423 -0.0044 2.4817 220 225 230
4.1502 -0.0025 2.5376 220 225 230
4.1483 -0.0025 2.5857 220 225 230
4.1382 -0.0024 2.6456 220 225 230
4.1551 0.0081 2.6998 220 225 230
4.2136 0.0023 -0.0056 220 225 230
4.2118 -0.0016 0.0565 220 225 230
4.2123 0.0024 0.1077 220 225 230
4.2136 0.0003 0.1640 220 225 230
4.2213 -0.0020 0.2196 220 225 230
4.2051 0.0039 0.2747 220 225 230
4.2174 -0.0058 0.3269 220 225 230
4.2164 -0.0031 0.3952 220 225 230
4.2188 -0.0021 0.4373 220 225 230
4.2126 -0.0051 0.4985 220 225 230
4.2084 0.0033 0.5496 220 225 230
4.2178 0.0009 0.6044 220 225 230
4.2104 -0.0009 0.6620 220 225 230
4.2138 -0.0046 0.7167 220 225 230
4.2131 0.0052 0.7788 220 225 230
4.2070 0.0003 0.8271 220 225 230
4.2085 0.0019 0.8819 220 225 230
4.2212 0.0039 0.9364 220 225 230
4.2202 -0.0014 0.9882 220 225 230
4.2112 -0.0006 1.0429 220 225 230
4.2103 0.0039 1.0983 220 225 230
4.2073 -0.0053 1.1624 220 225 230
4.2145 -0.0065 1.2172 220 225 230
4.2084 0.0028 1.2673 220 225 230
4.2057 0.0085 1.3192 220 225 230
4.2112 -0.0022 1.3736 220 225 230
4.2166 -0.0009 1.4275 220 225 230
4.2151 -0.0076 1.4868 220 225 230
4.2063 -0.0067 1.5443 220 225 230
4.2136 0.0027 1.5973 220 225 230
4.2132 -0.0010 1.6459 220 225 230
4.2084 0.0063 1.7065 220 225 230
4.2115 -0.0014 1.7637 220 225 230
4.2093 0.0010 1.8183 220 225 230
4.2151 0.0057 1.8713 220 225 230
4.2103 0.0045 1.9367 220 225 230
4.2070 0.0035 1.9815 220 225 230
4.2118 0.0029 2.0381 220 225 230
4.2121 -0.0073 2.0986 220 225 230
4.2179 -0.0011 2.1512 220 225 230
4.2168 0.0022 2.2098 220 225 230
4.2151 -0.0097 2.2620 220 225 230
4.2079 0.0050 2.3121 220 225 230
4.2135 -0.0012 2.3702 220 225 230
4.2077 0.0000 2.4190 220 225 230
4.2133 -0.0000 2.4786 220 225 230
4.2081 0.0012 2.5352 220 225 230
4.2081 0.0015 2.5863 220 225 230
4.2169 0.0025 2.6428 220 225 230
4.2169 0.0012 2.6979 220 225 230
4.2810 -0.0061 0.0001 220 225 230
4.2822 -0.0073 0.0597 220 225 230
4.2811 -0.0003 0.1049 220 225 230
4.2878 -0.0017 0.1670 220 225 230
4.2803 -0.0057 0.2177 220 225 230
4.2777 -0.0045 0.2664 220 225 230
4.2811 -0.0083 0.3279 220 225 230
4.2807 -0.0034 0.3889 220 225 230
4.2789 0.0062 0.4373 220 225 230
4.2814 -0.0067 0.4892 220 225 230
4.2774 -0.0104 0.5443 220 225 230
4.2790 -0.0006 0.5988 220 225 230
4.2833 -0.0009 0.6621 220 225 230
4.2804 0.0028 0.7121 220 225 230
4.2762 -0.0048 0.7702 220 225 230
4.2748 0.0052 0.8250 220 225 230
4.2840 -0.0017 0.8760 220 225 230
4.2832 -0.0012 0.9366 220 225 230
4.2758 -0.0055 0.9890 220 225 230
4.2816 0.0018 1.0450 220 225 230
4.2798 0.0007 1.1033 220 225 230
4.2693 -0.0019 1.1544 220 225 230
4.2843 0.0009 1.2094 220 225 230
4.2772 0.0028 1.2704 220 225 230
4.2748 0.0005 1.3181 220 225 230
4.2838 0.0037 1.3765 220 225 230
4.2811 0.0041 1.4359 220 225 230
4.2738 -0.0005 1.4904 220 225 230
4.2819 -0.0043 1.5411 220 225 230
4.2702 -0.0057 1.5932 220 225 230
4.2834 -0.0071 1.6534 220 225 230
4.2803 -0.0036 1.7034 220 225 230
4.2827 0.0027 1.7638 220 225 230
4.2716 -0.0024 1.8130 220 225 230
4.2838 -0.0076 1.8752 220 225 230
4.2755 0.0053 1.9249 220 225 230
4.2850 0.0068 1.9792 220 225 230
4.2778 -0.0034 2.0442 220 225 230
4.2816 -0.0027 2.0949 220 225 230
4.2796 0.0059 2.1524 220 225 230
4.2792 0.0017 2.2039 220 225 230
4.2761 0.0023 2.2597 220 225 230
4.2773 0.0060 2.3190 220 225 230
4.2771 0.0047 2.3605 220 225 230
4.2764 0.0040 2.4152 220 225 230
4.2740 0.0022 2.4827 220 225 230
4.2784 -0.0004 2.5279 220 225 230
4.2830 -0.0012 2.5927 220 225 230
4.2740 0.0015 2.6530 220 225 230
4.2851 -0.0066 2.7010 220 225 230
4.3418 0.0085 -0.0010 220 225 230
4.3507 -0.0009 0.0552 220 225 230
4.3438 -0.0007 0.1096 220 225 230
4.3465 0.0012 0.1574 220 225 230
4.3415 0.0035 0.2125 220 225 230
4.3487 0.0020 0.2775 220 225 230
4.3446 0.0039 0.3380 220 225 230
4.3412 -0.0067 0.3849 220 225 230
4.3518 0.0043 0.4448 220 225 230
4.3459 0.0035 0.4985 220 225 230
4.3418 0.0006 0.5501 220 225 230
4.3359 0.0010 0.6080 220 225 230
4.3429 -0.0071 0.6609 220 225 230
4.3453 -0.0008 0.7174 220 225 230
4.3396 -0.0023 0.7698 220 225 230
4.3396 0.0005 0.8304 220 225 230
4.3426 -0.0089 0.8822 220 225 230
4.3502 -0.0093 0.9344 220 225 230
4.3379 0.0031 0.9922 220 225 230
4.3387 -0.0029 1.0432 220 225 230
4.3448 0.0095 1.1039 220 225 230
4.3386 -0.0032 1.1597 220 225 230
4.3488 0.0029 1.2190 220 225 230
4.3420 -0.0005 1.2576 220 225 230
4.3424 -0.0039 1.3145 220 225 230
4.3475 -0.0043 1.3812 220 225 230
4.3438 0.0043 1.4328 220 225 230
4.3470 -0.0078 1.4907 220 225 230
4.3438 -0.0003 1.5467 220 225 230
4.3414 0.0002 1.5959 220 225 230
4.3405 0.0081 1.6524 220 225 230
4.3504 -0.0030 1.7054 220 225 230
4.3467 0.0019 1.7635 220 225 230
4.3455 0.0016 1.8205 220 225 230
4.3362 0.0015 1.8732 220 225 230
4.3400 -0.0029 1.9210 220 225 230
4.3397 0.0043 1.9836 220 225 230
4.3439 0.0018 2.0399 220 225 230
4.3402 0.0003 2.0956 220 225 230
4.3474 0.0008 2.1505 220 225 230
4.3440 0.0013 2.2055 220 225 230
4.3472 -0.0017 2.2613 220 225 230
4.3458 0.0100 2.3242 220 225 230
4.3418 -0.0012 2.3669 220 225 230
4.3436 0.0036 2.4170 220 225 230
4.3465 -0.0012 2.4804 220 225 230
4.3491 0.0065 2.5356 220 225 230
4.3415 0.0004 2.5879 220 225 230
4.3470 0.0024 2.6418 220 225 230
4.3448 -0.0025 2.7021 220 225 230
4.4162 0.0014 -0.0001 220 225 230
4.4057 -0.0003 0.0548 220 225 230
4.4113 0.0024 0.1107 220 225 230
4.4113 -0.0076 0.1666 220 225 230
4.4161 0.0012 0.2212 220 225 230
4.4091 0.0019 0.2756 220 225 230
4.4110 -0.0058 0.3327 220 225 230
4.4094 0.0035 0.3881 220 225 230
4.4141 0.0003 0.4328 220 225 230
4.4099 -0.0066 0.4981 220 225 230
4.4128 -0.0012 0.5524 220 225 230
4.4141 -0.0017 0.6085 220 225 230
4.4112 0.0074 0.6644 220 225 230
4.4102 -0.0026 0.7150 220 225 230
4.4074 0.0013 0.7759 220 225 230
4.4146 -0.0005 0.8294 220 225 230
4.4075 -0.0033 0.8749 220 225 230
4.4161 0.0049 0.9346 220 225 230
4.4072 -0.0021 0.9936 220 225 230
4.4097 0.0014 1.0455 220 225 230
4.4143 0.0037 1.0986 220 225 230
4.4048 -0.0036 1.1587 220 225 230
4.4108 -0.0035 1.2118 220 225 230
4.4056 0.0022 1.2697 220 225 230
4.4049 -0.0002 1.3296 220 225 230
4.4036 -0.0038 1.3803 220 225 230
4.4097 0.0000 1.4327 220 225 230
4.4160 -0.0028 1.4880 220 225 230
4.4160 0.0061 1.5382 220 225 230
4.4112 -0.0024 1.6017 220 225 230
4.4105 0.0028 1.6511 220 225 230
4.4091 0.0009 1.7082 220 225 230
4.4053 -0.0089 1.7686 220 225 230
4.4157 0.0023 1.8149 220 225 230
4.4098 -0.0018 1.8751 220 225 230
4.4046 -0.0028 1.9269 220 225 230
4.4037 0.0056 1.9861 220 225 230
4.4097 0.0023 2.0372 220 225 230
4.4065 0.0058 2.0940 220 225 230
4.4097 0.0007 2.1556 220 225 230
4.4084 0.0003 2.1984 220 225 230
4.4122 0.0019 2.2592 220 225 230
4.4205 -0.0017 2.3106 220 225 230
4.4092 -0.0018 2.3676 220 225 230
4.4098 -0.0018 2.4198 220 225 230
4.4044 0.0027 2.4767 220 225 230
4.4168 0.0012 2.5315 220 225 230
4.4083 0.0016 2.5904 220 225 230
4.4069 0.0023 2.6433 220 225 230
4.4096 -0.0013 2.7003 220 225 230
4.4756 -0.0055 -0.0062 220 225 230
4.4757 -0.0039 0.0530 220 225 230
4.4727 -0.0076 0.1050 220 225 230
4.4821 0.0016 0.1662 220 225 230
4.4847 -0.0055 0.2216 220 225 230
4.4749 -0.0052 0.2772 220 225 230
4.4808 -0.0018 0.3348 220 225 230
4.4706 0.0073 0.3877 220 225 230
4.4730 0.0054 0.4390 220 225 230
4.4828 -0.0016 0.4966 220 225 230
4.4826 -0.0053 0.5491 220 225 230
4.4762 0.0018 0.6042 220 225 230
4.4725 -0.0030 0.6619 220 225 230
4.4797 -0.0028 0.7158 220 225 230
4.4675 -0.0018 0.7721 220 225 230
4.4764 0.0003 0.8237 220 225 230
4.4664 0.0000 0.8799 220 225 230
4.4792 0.0021 0.9390 220 225 230
4.4784 0.0013 0.9899 220 225 230
4.4742 -0.0010 1.0490 220 225 230
4.4794 -0.0037 1.0987 220 225 230
4.4784 -0.0017 1.1564 220 225 230
4.4728 0.0018 1.2083 220 225 230
4.4772 -0.0021 1.2658 220 225 230
4.4707 -0.0028 1.3181 220 225 230
4.4711 0.0003 1.3821 220 225 230
4.4755 0.0001 1.4300 220 225 230
4.4751 0.0034 1.4877 220 225 230
4.4689 -0.0020 1.5458 220 225 230
4.4782 0.0042 1.6021 220 225 230
4.4775 -0.0041 1.6487 220 225 230
4.4744 -0.0034 1.7106 220 225 230
4.4770 0.0004 1.7745 220 225 230
4.4739 -0.0014 1.8188 220 225 230
4.4813 -0.0020 1.8728 220 225 230
4.4770 0.0065 1.9253 220 225 230
4.4725 -0.0056 1.9845 220 225 230
4.4715 0.0045 2.0371 220 225 230
4.4767 0.0059 2.0935 220 225 230
4.4639 0.0000 2.1498 220 225 230
4.4722 0.0062 2.2101 220 225 230
4.4841 -0.0008 2.2540 220 225 230
4.4737 -0.0033 2.3181 220 225 230
4.4730 0.0059 2.3668 220 225 230
4.4715 -0.0071 2.4198 220 225 230
4.4754 -0.0003 2.4726 220 225 230
4.4781 -0.0012 2.5397 220 225 230
4.4741 -0.0029 2.5973 220 225 230
4.4784 0.0003 2.6439 220 225 230
4.4741 0.0008 2.7000 220 225 230
4.5401 0.0050 0.0032 220 225 230
4.5454 -0.0033 0.0564 220 225 230
4.5350 0.0001 0.1145 220 225 230
4.5418 -0.0009 0.1674 220 225 230
4.5409 -0.0002 0.2172 220 225 230
4.5378 -0.0016 0.2750 220 225 230
4.5351 -0.0032 0.3301 220 225 230
4.5399 -0.0044 0.3905 220 225 230
4.5392 -0.0002 0.4446 220 225 230
4.5491 -0.0044 0.4994 220 225 230
4.5471 -0.0030 0.5501 220 225 230
4.5428 0.0021 0.6127 220 225 230
4.5438 0.0057 0.6643 220 225 230
4.5402 0.0052 0.7180 220 225 230
4.5346 -0.0011 0.7750 220 225 230
4.5426 0.0015 0.8310 220 225 230
4.5421 -0.0039 0.8852 220 225 230
4.5464 -0.0005 0.9423 220 225 230
4.5424 -0.0028 0.9849 220 225 230
4.5430 0.0064 1.0476 220 225 230
4.5332 -0.0043 1.1008 220 225 230
4.5391 0.0041 1.1562 220 225 230
4.5444 -0.0009 1.2049 220 225 230
4.5323 -0.0055 1.2601 220 225 230
4.5469 -0.0017 1.3254 220 225 230
4.5367 -0.0031 1.3741 220 225 230
4.5479 -0.0046 1.4382 220 225 230
4.5427 0.0013 1.4817 220 225 230
4.5390 0.0011 1.5417 220 225 230
4.5423 -0.0032 1.6014 220 225 230
4.5442 0.0009 1.6567 220 225 230
4.5343 0.0043 1.7069 220 225 230
4.5389 -0.0017 1.7700 220 225 230
4.5468 -0.0017 1.8128 220 225 230
4.5389 0.0011 1.8700 220 225 230
4.5407 -0.0031 1.9269 220 225 230
4.5365 -0.0018 1.9822 220 225 230
4.5465 0.0065 2.0311 220 225 230
4.5410 -0.0065 2.0906 220 225 230
4.5435 0.0008 2.1465 220 225 230
4.5467 0.0012 2.1993 220 225 230
4.5368 -0.0110 2.2652 220 225 230
4.5404 -0.0039 2.3077 220 225 230
4.5355 0.0016 2.3703 220 225 230
4.5440 0.0014 2.4201 220 225 230
4.5346 0.0037 2.4875 220 225 230
4.5449 -0.0051 2.5315 220 225 230
4.5463 -0.0019 2.5917 220 225 230
4.5425 -0.0034 2.6485 220 225 230
4.5478 -0.0040 2.7080 220 225 230
4.6086 -0.0027 -0.0011 220 225 230
4.6119 -0.0036 0.0548 220 225 230
4.6090 -0.0033 0.1137 220 225 230
4.6062 0.0003 0.1579 220 225 230
4.6115 -0.0047 0.2180 220 225 230
4.6048 0.0011 0.2704 220 225 230
4.6107 0.0017 0.3268 220 225 230
4.6154 -0.0042 0.3844 220 225 230
4.6098 -0.0060 0.4362 220 225 230
4.6084 -0.0010 0.4973 220 225 230
4.6097 0.0015 0.5504 220 225 230
4.6086 -0.0042 0.6094 220 225 230
4.6078 0.0050 0.6570 220 225 230
4.6076 0.0042 0.7169 220 225 230
4.6131 -0.0006 0.7765 220 225 230
4.6064 -0.0023 0.8296 220 225 230
4.6053 0.0016 0.8793 220 225 230
4.6048 0.0009 0.9425 220 225 230
4.6041 0.0047 0.9988 220 225 230
4.6099 -0.0015 1.0519 220 225 230
4.6026 -0.0062 1.1017 220 225 230
4.6071 0.0012 1.1565 220 225 230
4.6100 -0.0001 1.2122 220 225 230
4.6064 -0.0035 1.2647 220 225 230
4.6113 -0.0043 1.3258 220 225 230
4.6136 0.0072 1.3813 220 225 230
4.6088 -0.0014 1.4376 220 225 230
4.6082 0.0048 1.4895 220 225 230
4.6019 0.0102 1.5474 220 225 230
4.6031 -0.0018 1.6019 220 225 230
4.6122 0.0060 1.6459 220 225 230
4.6045 0.0016 1.7101 220 225 230
4.6020 0.0018 1.7619 220 225 230
4.6143 -0.0090 1.8168 220 225 230
4.6070 -0.0054 1.8771 220 225 230
4.6060 0.0030 1.9282 220 225 230
4.6096 -0.0002 1.9784 220 225 230
4.6133 -0.0030 2.0349 220 225 230
4.6068 -0.0111 2.1025 220 225 230
4.6077 -0.0015 2.1435 220 225 230
4.6108 0.0028 2.2053 220 225 230
4.6131 0.0066 2.2602 220 225 230
4.6100 -0.0021 2.3145 220 225 230
4.6080 -0.0019 2.3725 220 225 230
4.6023 -0.0017 2.4236 220 225 230
4.6085 0.0039 2.4832 220 225 230
4.6108 -0.0057 2.5361 220 225 230
4.6042 -0.0075 2.5995 220 225 230
4.6043 -0.0043 2.6461 220 225 230
4.6090 -0.0000 2.7000 220 225 230
4.6705 -0.0045 -0.0034 220 225 230
4.6654 -0.0032 0.0512 220 225 230
4.6741 0.0003 0.1062 220 225 230
4.6678 0.0004 0.1662 220 225 230
4.6696 0.0013 0.2161 220 225 230
4.6735 -0.0025 0.2798 220 225 230
4.6810 -0.0048 0.3303 220 225 230
4.6717 0.0110 0.3829 220 225 230
4.6768 0.0051 0.4373 220 225 230
4.6816 -0.0025 0.4981 220 225 230
4.6704 -0.0009 0.5513 220 225 230
4.6802 -0.0062 0.6037 220 225 230
4.6716 0.0005 0.6678 220 225 230
4.6759 0.0023 0.7152 220 225 230
4.6772 -0.0025 0.7656 220 225 230
4.6715 0.0026 0.8244 220 225 230
4.6767 -0.0037 0.8831 220 225 230
4.6682 0.0026 0.9388 220 225 230
4.6684 -0.0065 0.9930 220 225 230
4.6733 0.0028 1.0454 220 225 230
4.6711 -0.0043 1.1022 220 225 230
4.6789 0.0022 1.1496 220 225 230
4.6683 -0.0005 1.2103 220 225 230
4.6758 0.0001 1.2626 220 225 230
4.6751 -0.0009 1.3257 220 225 230
4.6736 0.0035 1.3789 220 225 230
4.6719 0.0051 1.4338 220 225 230
4.6786 0.0023 1.4851 220 225 230
4.6664 0.0003 1.5397 220 225 230
4.6741 0.0033 1.6027 220 225 230
4.6698 0.0010 1.6557 220 225 230
4.6734 0.0030 1.7103 220 225 230
4.6720 0.0044 1.7642 220 225 230
4.6712 -0.0069 1.8188 220 225 230
4.6705 0.0052 1.8749 220 225 230
4.6792 -0.0033 1.9284 220 225 230
4.6714 0.0009 1.9891 220 225 230
4.6678 0.0097 2.0417 220 225 230
4.6781 0.0093 2.0936 220 225 230
4.6762 0.0005 2.1531 220 225 230
4.6791 -0.0013 2.2040 220 225 230
4.6717 -0.0003 2.2558 220 225 230
4.6714 0.0032 2.3147 220 225 230
4.6744 0.0001 2.3742 220 225 230
4.6744 -0.0027 2.4372 220 225 230
4.6752 -0.0014 2.4772 220 225 230
4.6781 0.0063 2.5407 220 225 230
4.6745 0.0009 2.5921 220 225 230
4.6716 -0.0006 2.6519 220 225 230
4.6775 -0.0008 2.7042 220 225 230
4.7374 0.0014 -0.0042 220 225 230
4.7431 0.0074 0.0512 220 225 230
4.7432 -0.0019 0.0993 220 225 230
4.7417 0.0025 0.1696 220 225 230
4.7374 -0.0074 0.2197 220 225 230
4.7462 0.0050 0.2759 220 225 230
4.7462 -0.0084 0.3298 220 225 230
4.7423 -0.0062 0.3890 220 225 230
4.7385 0.0003 0.4426 220 225 230
4.7352 -0.0068 0.4992 220 225 230
4.7392 0.0053 0.5476 220 225 230
4.7351 -0.0033 0.6066 220 225 230
4.7437 -0.0051 0.6576 220 225 230
4.7348 -0.0015 0.7105 220 225 230
4.7440 0.0058 0.7650 220 225 230
4.7389 -0.0002 0.8238 220 225 230
4.7372 -0.0023 0.8827 220 225 230
4.7422 -0.0029 0.9348 220 225 230
4.7293 0.0001 0.9942 220 225 230
4.7399 -0.0096 1.0438 220 225 230
4.7265 0.0009 1.1059 220 225 230
4.7414 -0.0102 1.1574 220 225 230
4.7436 0.0059 1.2091 220 225 230
4.7399 -0.0035 1.2668 220 225 230
4.7415 -0.0010 1.3157 220 225 230
4.7455 0.0012 1.3819 220 225 230
4.7355 -0.0021 1.4374 220 225 230
4.7404 -0.0093 1.4931 220 225 230
4.7395 -0.0038 1.5377 220 225 230
4.7441 0.0108 1.5956 220 225 230
4.7452 -0.0060 1.6478 220 225 230
4.7486 -0.0036 1.7026 220 225 230
4.7366 -0.0059 1.7651 220 225 230
4.7462 0.0012 1.8104 220 225 230
4.7398 0.0031 1.8737 220 225 230
4.7405 -0.0010 1.9322 220 225 230
4.7500 -0.0050 1.9813 220 225 230
4.7419 0.0062 2.0405 220 225 230
4.7420 0.0010 2.0971 220 225 230
4.7325 -0.0039 2.1502 220 225 230
4.7442 -0.0017 2.1998 220 225 230
4.7400 -0.0029 2.2496 220 225 230
4.7395 0.0005 2.3142 220 225 230
4.7320 0.0065 2.3761 220 225 230
4.7443 0.0028 2.4293 220 225 230
4.7433 0.0005 2.4719 220 225 230
4.7361 -0.0035 2.5381 220 225 230
4.7404 -0.0021 2.5876 220 225 230
4.7363 -0.0041 2.6424 220 225 230
4.7320 0.0010 2.7034 220 225 230
4.8037 0.0028 -0.0055 220 225 230
4.7952 0.0008 0.0638 220 225 230
4.8118 0.0014 0.1178 220 225 230
4.8053 0.0062 0.1655 220 225 230
4.8083 -0.0026 0.2268 220 225 230
4.8020 -0.0006 0.2793 220 225 230
4.8046 -0.0024 0.3358 220 225 230
4.8062 -0.0004 0.3917 220 225 230
4.8043 0.0027 0.4453 220 225 230
4.8126 0.0017 0.4860 220 225 230
4.8063 -0.0029 0.5522 220 225 230
4.8084 -0.0038 0.6070 220 225 230
4.8084 0.0052 0.6642 220 225 230
4.8056 0.0022 0.7158 220 225 230
4.8077 0.0007 0.7768 220 225 230
4.8001 0.0018 0.8235 220 225 230
4.8118 -0.0032 0.8925 220 225 230
4.8027 -0.0002 0.9321 220 225 230
4.8083 -0.0015 0.9905 220 225 230
4.8150 0.0043 1.0495 220 225 230
4.8034 0.0082 1.1038 220 225 230
4.7998 0.0013 1.1575 220 225 230
4.8082 0.0024 1.2159 220 225 230
4.8089 -0.0004 1.2662 220 225 230
4.8065 -0.0020 1.3288 220 225 230
4.8030 -0.0032 1.3754 220 225 230
4.8038 -0.0084 1.4313 220 225 230
4.8083 0.0076 1.4785 220 225 230
4.8063 0.0011 1.5422 220 225 230
4.7963 0.0001 1.6022 220 225 230
4.8112 -0.0086 1.6521 220 225 230
4.8094 0.0025 1.7058 220 225 230
4.8108 0.0007 1.7623 220 225 230
4.8028 0.0070 1.8172 220 225 230
4.8062 -0.0020 1.8750 220 225 230
4.8007 -0.0018 1.9229 220 225 230
4.8065 0.0008 1.9865 220 225 230
4.8045 -0.0093 2.0421 220 225 230
4.8083 -0.0037 2.0914 220 225 230
4.8055 0.0028 2.1498 220 225 230
4.8047 -0.0005 2.1988 220 225 230
4.8051 -0.0009 2.2592 220 225 230
4.8065 -0.0030 2.3122 220 225 230
4.8032 0.0022 2.3678 220 225 230
4.8065 0.0068 2.4279 220 225 230
4.8048 0.0018 2.4839 220 225 230
4.8040 0.0031 2.5421 220 225 230
4.8021 0.0065 2.5907 220 225 230
4.8076 -0.0042 2.6399 220 225 230
4.7982 -0.0020 2.6981 220 225 230
4.8732 -0.0043 -0.0002 220 225 230
4.8726 -0.0023 0.0518 220 225 230
4.8683 0.0052 0.1090 220 225 230
4.8733 0.0042 0.1618 220 225 230
4.8693 0.0050 0.2196 220 225 230
4.8688 0.0001 0.2752 220 225 230
4.8693 -0.0008 0.3336 220 225 230
4.8745 -0.0030 0.3857 220 225 230
4.8733 0.0011 0.4402 220 225 230
4.8700 -0.0059 0.4990 220 225 230
4.8694 -0.0082 0.5581 220 225 230
4.8757 0.0015 0.6060 220 225 230
4.8759 -0.0050 0.6577 220 225 230
4.8700 -0.0009 0.7191 220 225 230
4.8681 0.0008 0.7667 220 225 230
4.8717 -0.0003 0.8265 220 225 230
4.8764 -0.0020 0.8765 220 225 230
4.8664 0.0004 0.9369 220 225 230
4.8726 -0.0002 0.9900 220 225 230
4.8717 0.0065 1.0382 220 225 230
4.8719 -0.0018 1.0974 220 225 230
4.8734 0.0016 1.1600 220 225 230
4.8662 0.0049 1.2122 220 225 230
4.8703 0.0033 1.2695 220 225 230
4.8765 -0.0008 1.3192 220 225 230
4.8720 -0.0029 1.3786 220 225 230
4.8720 0.0065 1.4318 220 225 230
4.8701 -0.0044 1.4927 220 225 230
4.8688 0.0092 1.5419 220 225 230
4.8746 -0.0001 1.5954 220 225 230
4.8721 -0.0062 1.6450 220 225 230
4.8720 0.0008 1.7057 220 225 230
4.8738 -0.0009 1.7598 220 225 230
4.8708 0.0018 1.8217 220 225 230
4.8774 0.0033 1.8743 220 225 230
4.8632 -0.0079 1.9261 220 225 230
4.8674 0.0017 1.9817 220 225 230
4.8711 0.0065 2.0366 220 225 230
4.8687 0.0065 2.0974 220 225 230
4.8713 0.0005 2.1458 220 225 230
4.8699 -0.0053 2.2098 220 225 230
4.8686 0.0003 2.2562 220 225 230
4.8788 0.0001 2.3112 220 225 230
4.8707 0.0007 2.3657 220 225 230
4.8707 0.0062 2.4223 220 225 230
4.8769 -0.0063 2.4803 220 225 230
4.8727 0.0047 2.5311 220 225 230
4.8741 -0.0027 2.5912 220 225 230
4.8689 -0.0030 2.6409 220 225 230
4.8739 0.0001 2.7023 220 225 230
4.9405 0.0044 -0.0040 220 225 230
4.9391 -0.0013 0.0522 220 225 230
4.9351 -0.0096 0.1071 220 225 230
4.9431 -0.0029 0.1640 220 225 230
4.9411 0.0048 0.2273 220 225 230
4.9386 -0.0030 0.2781 220 225 230
4.9351 -0.0063 0.3297 220 225 230
4.9394 0.0006 0.3842 220 225 230
4.9373 -0.0086 0.4387 220 225 230
4.9356 -0.0005 0.4948 220 225 230
4.9431 0.0026 0.5589 220 225 230
4.9264 0.0024 0.6063 220 225 230
4.9365 -0.0045 0.6598 220 225 230
4.9341 0.0010 0.7130 220 225 230
4.9308 -0.0006 0.7751 220 225 230
4.9347 -0.0074 0.8214 220 225 230
4.9430 0.0104 0.8833 220 225 230
4.9347 -0.0104 0.9321 220 225 230
4.9398 -0.0033 0.9975 220 225 230
4.9425 0.0076 1.0396 220 225 230
4.9330 -0.0046 1.1077 220 225 230
4.9398 -0.0074 1.1559 220 225 230
4.9340 0.0023 1.2083 220 225 230
4.9405 0.0071 1.2642 220 225 230
4.9404 -0.0007 1.3241 220 225 230
4.9354 0.0012 1.3745 220 225 230
4.9395 0.0018 1.4366 220 225 230
4.9407 -0.0051 1.4889 220 225 230
4.9369 0.0008 1.5456 220 225 230
4.9435 0.0020 1.5923 220 225 230
4.9385 -0.0075 1.6514 220 225 230
4.9296 0.0006 1.7099 220 225 230
4.9341 0.0011 1.7698 220 225 230
4.9354 0.0006 1.8193 220 225 230
4.9333 -0.0045 1.8756 220 225 230
4.9424 0.0059 1.9339 220 225 230
4.9329 -0.0062 1.9840 220 225 230
4.9411 -0.0005 2.0394 220 225 230
4.9442 -0.0036 2.0976 220 225 230
4.9402 0.0009 2.1534 220 225 230
4.9329 -0.0003 2.2064 220 225 230
4.9351 0.0002 2.2661 220 225 230
4.9392 0.0005 2.3171 220 225 230
4.9403 -0.0020 2.3675 220 225 230
4.9424 -0.0021 2.4249 220 225 230
4.9414 0.0046 2.4800 220 225 230
4.9420 0.0009 2.5318 220 225 230
4.9317 0.0005 2.5972 220 225 230
4.9332 0.0001 2.6449 220 225 230
4.9339 0.0022 2.6975 220 225 230
5.0050 0.0063 0.0010 220 225 230
5.0065 0.0024 0.0558 220 225 230
4.9999 0.0010 0.0999 220 225 230
5.0051 -0.0053 0.1685 220 225 230
4.9992 -0.0005 0.2162 220 225 230
5.0031 0.0013 0.2815 220 225 230
4.9934 -0.0004 0.3290 220 225 230
5.0000 0.0006 0.3837 220 225 230
5.0074 0.0011 0.4415 220 225 230
5.0108 0.0011 0.5045 220 225 230
4.9952 0.0105 0.5474 220 225 230
5.0005 -0.0020 0.6047 220 225 230
5.0019 -0.0000 0.6576 220 225 230
5.0008 0.0019 0.7135 220 225 230
5.0017 -0.0016 0.7696 220 225 230
5.0026 0.0021 0.8216 220 225 230
5.0087 0.0009 0.8817 220 225 230
5.0074 -0.0021 0.9372 220 225 230
5.0056 0.0006 0.9912 220 225 230
5.0056 -0.0010 1.0451 220 225 230
5.0045 0.0050 1.1014 220 225 230
5.0027 0.0004 1.1606 220 225 230
5.0022 -0.0040 1.2122 220 225 230
5.0028 0.0001 1.2648 220 225 230
4.9993 0.0041 1.3250 220 225 230
5.0018 0.0041 1.3854 220 225 230
5.0045 -0.0009 1.4276 220 225 230
5.0019 -0.0005 1.4869 220 225 230
5.0095 0.0075 1.5399 220 225 230
4.9973 -0.0033 1.5955 220 225 230
5.0105 -0.0036 1.6536 220 225 230
5.0022 -0.0004 1.7006 220 225 230
5.0032 0.0029 1.7640 220 225 230
4.9974 -0.0008 1.8162 220 225 230
5.0024 -0.0086 1.8768 220 225 230
5.0045 0.0071 1.9282 220 225 230
4.9976 -0.0037 1.9757 220 225 230
5.0030 0.0046 2.0393 220 225 230
5.0047 -0.0006 2.0979 220 225 230
5.0063 -0.0031 2.1548 220 225 230
5.0072 -0.0027 2.2088 220 225 230
5.0122 -0.0029 2.2588 220 225 230
5.0037 0.0062 2.3187 220 225 230
5.0016 0.0097 2.3761 220 225 230
4.9992 0.0034 2.4223 220 225 230
5.0007 -0.0027 2.4830 220 225 230
5.0028 -0.0010 2.5365 220 225 230
4.9951 -0.0046 2.5871 220 225 230
5.0036 0.0075 2.6496 220 225 230
5.0010 -0.0006 2.6994 220 225 230
5.0700 -0.0024 -0.0082 220 225 230
5.0668 -0.0054 0.0537 220 225 230
5.0740 0.0043 0.1139 220 225 230
5.0703 -0.0008 0.1670 220 225 230
5.0634 -0.0045 0.2172 220 225 230
5.0738 0.0007 0.2751 220 225 230
5.0680 -0.0042 0.3257 220 225 230
5.0716 0.0011 0.3839 220 225 230
5.0740 -0.0022 0.4395 220 225 230
5.0682 -0.0004 0.4924 220 225 230
5.0641 -0.0021 0.5599 220 225 230
5.0690 -0.0013 0.6067 220 225 230
5.0657 -0.0023 0.6630 220 225 230
5.0696 -0.0094 0.7129 220 225 230
5.0696 0.0012 0.7728 220 225 230
5.0696 -0.0030 0.8229 220 225 230
5.0644 -0.0019 0.8878 220 225 230
5.0689 -0.0019 0.9385 220 225 230
5.0696 -0.0039 0.9879 220 225 230
5.0637 0.0015 1.0513 220 225 230
5.0601 -0.0064 1.1023 220 225 230
5.0718 -0.0041 1.1649 220 225 230
5.0724 0.0006 1.2123 220 225 230
5.0654 -0.0020 1.2671 220 225 230
5.0803 -0.0026 1.3243 220 225 230
5.0668 -0.0041 1.3740 220 225 230
5.0755 0.0010 1.4298 220 225 230
5.0691 -0.0008 1.4888 220 225 230
5.0633 -0.0065 1.5355 220 225 230
5.0630 0.0004 1.5992 220 225 230
5.0712 0.0021 1.6491 220 225 230
5.0694 -0.0032 1.7106 220 225 230
5.0682 0.0000 1.7620 220 225 230
5.0659 -0.0006 1.8152 220 225 230
5.0684 -0.0062 1.8763 220 225 230
5.0701 -0.0039 1.9301 220 225 230
5.0673 0.0013 1.9798 220 225 230
5.0664 0.0003 2.0277 220 225 230
5.0683 -0.0013 2.0992 220 225 230
5.0717 0.0014 2.1478 220 225 230
5.0660 0.0013 2.2023 220 225 230
5.0719 0.0010 2.2578 220 225 230
5.0730 -0.0041 2.3135 220 225 230
5.0716 0.0006 2.3678 220 225 230
5.0677 -0.0046 2.4158 220 225 230
5.0660 -0.0057 2.4704 220 225 230
5.0652 0.0041 2.5263 220 225 230
5.0661 -0.0033 2.5914 220 225 230
5.0710 -0.0007 2.6453 220 225 230
5.0659 -0.0064 2.7008 220 225 230
5.1303 0.0049 -0.0062 220 225 230
5.1342 -0.0106 0.0561 220 225 230
5.1333 -0.0042 0.1082 220 225 230
5.1300 0.0014 0.1663 220 225 230
5.1347 -0.0021 0.2216 220 225 230
5.1365 0.0008 0.2764 220 225 230
5.1398 0.0012 0.3330 220 225 230
5.1350 -0.0054 0.3869 220 225 230
5.1239 0.0050 0.4309 220 225 230
5.1307 0.0084 0.4947 220 225 230
5.1343 0.0032 0.5484 220 225 230
5.1301 -0.0046 0.6116 220 225 230
5.1380 0.0009 0.6592 220 225 230
5.1419 -0.0040 0.7142 220 225 230
5.1319 -0.0026 0.7725 220 225 230
5.1345 -0.0044 0.8269 220 225 230
5.1382 -0.0008 0.8804 220 225 230
5.1281 -0.0036 0.9357 220 225 230
5.1353 0.0050 0.9907 220 225 230
5.1328 0.0015 1.0489 220 225 230
5.1330 -0.0022 1.1134 220 225 230
5.1327 -0.0029 1.1607 220 225 230
5.1371 -0.0096 1.2147 220 225 230
5.1345 0.0006 1.2655 220 225 230
5.1336 -0.0032 1.3205 220 225 230
5.1314 0.0029 1.3709 220 225 230
5.1399 -0.0020 1.4366 220 225 230
5.1352 -0.0042 1.4864 220 225 230
5.1407 0.0022 1.5410 220 225 230
5.1404 -0.0040 1.5935 220 225 230
5.1316 0.0026 1.6516 220 225 230
5.1335 0.0003 1.7031 220 225 230
5.1320 -0.0054 1.7644 220 225 230
5.1418 0.0015 1.8227 220 225 230
5.1311 0.0092 1.8787 220 225 230
5.1374 -0.0007 1.9324 220 225 230
5.1313 0.0020 1.9780 220 225 230
5.1341 0.0031 2.0370 220 225 230
5.1366 -0.0038 2.0909 220 225 230
5.1379 0.0002 2.1485 220 225 230
5.1331 0.0027 2.2018 220 225 230
5.1339 0.0037 2.2662 220 225 230
5.1314 0.0045 2.3184 220 225 230
5.1328 0.0042 2.3621 220 225 230
5.1413 -0.0025 2.4238 220 225 230
5.1331 0.0028 2.4845 220 225 230
5.1351 -0.0038 2.5348 220 225 230
5.1335 -0.0063 2.5889 220 225 230
5.1284 -0.0028 2.6426 220 225 230
5.1386 -0.0016 2.7025 220 225 230
5.2030 0.0032 0.0039 220 225 230
5.2079 0.0001 0.0607 220 225 230
5.1971 0.0040 0.1117 220 225 230
5.1942 -0.0035 0.1630 220 225 230
5.2040 -0.0021 0.2270 220 225 230
5.1965 0.0015 0.2695 220 225 230
5.1982 -0.0045 0.3368 220 225 230
5.2011 0.0015 0.3799 220 225 230
5.1958 0.0019 0.4440 220 225 230
5.1970 -0.0053 0.4913 220 225 230
5.1941 -0.0016 0.5429 220 225 230
5.2043 0.0051 0.6056 220 225 230
5.2071 -0.0032 0.6611 220 225 230
5.2024 0.0028 0.7161 220 225 230
5.1999 -0.0013 0.7771 220 225 230
5.2026 -0.0052 0.8289 220 225 230
5.1993 -0.0013 0.8845 220 225 230
5.2003 0.0019 0.9385 220 225 230
5.2049 -0.0001 0.9950 220 225 230
5.2020 0.0025 1.0491 220 225 230
5.2032 0.0005 1.1088 220 225 230
5.1983 0.0006 1.1504 220 225 230
5.2015 0.0022 1.2084 220 225 230
5.1983 0.0050 1.2707 220 225 230
5.1962 0.0026 1.3172 220 225 230
5.2026 0.0091 1.3795 220 225 230
5.2058 -0.0019 1.4377 220 225 230
5.2047 -0.0013 1.4895 220 225 230
5.2118 0.0089 1.5418 220 225 230
5.2003 0.0021 1.5912 220 225 230
5.1930 0.0048 1.6628 220 225 230
5.1994 0.0079 1.7037 220 225 230
5.1977 0.0007 1.7611 220 225 230
5.2060 -0.0021 1.8172 220 225 230
5.2043 0.0039 1.8788 220 225 230
5.1947 -0.0015 1.9243 220 225 230
5.2041 0.0047 1.9808 220 225 230
5.2046 -0.0041 2.0396 220 225 230
5.2008 0.0008 2.0966 220 225 230
5.1969 -0.0036 2.1454 220 225 230
5.2070 0.0023 2.2036 220 225 230
5.2034 0.0021 2.2501 220 225 230
5.1894 0.0026 2.3110 220 225 230
5.2021 0.0015 2.3651 220 225 230
5.2014 -0.0036 2.4255 220 225 230
5.2013 -0.0027 2.4763 220 225 230
5.2017 -0.0070 2.5339 220 225 230
5.1955 -0.0033 2.5860 220 225 230
5.2003 0.0014 2.6497 220 225 230
5.2130 0.0020 2.7012 220 225 230
5.2007 0.0004 0.0036 220 225 230
5.2042 -0.0078 0.0579 220 225 230
5.1987 0.0013 0.1092 220 225 230
5.1979 0.0051 0.1709 220 225 230
5.2043 -0.0005 0.2272 220 225 230
5.2019 0.0007 0.2793 220 225 230
5.2076 -0.0047 0.3260 220 225 230
5.2043 0.0031 0.3807 220 225 230
5.1978 0.0018 0.4452 220 225 230
5.1959 0.0025 0.4957 220 225 230
5.1983 -0.0073 0.5513 220 225 230
5.1988 -0.0069 0.6069 220 225 230
5.1984 0.0007 0.6634 220 225 230
5.2009 0.0009 0.7152 220 225 230
5.1984 0.0013 0.7756 220 225 230
5.2048 -0.0055 0.8277 220 225 230
5.2008 0.0076 0.8789 220 225 230
5.2019 0.0022 0.9381 220 225 230
5.2015 0.0038 0.9871 220 225 230
5.2065 -0.0053 1.0457 220 225 230
5.2036 -0.0104 1.1048 220 225 230
5.2045 -0.0033 1.1561 220 225 230
5.1979 -0.0052 1.2124 220 225 230
5.2035 0.0063 1.2645 220 225 230
5.1959 0.0030 1.3286 220 225 230
5.1995 -0.0056 1.3724 220 225 230
5.1933 0.0038 1.4288 220 225 230
5.2025 0.0011 1.4832 220 225 230
5.2017 0.0014 1.5403 220 225 230
5.2027 0.0053 1.6025 220 225 230
5.2042 -0.0023 1.6584 220 225 230
5.1979 0.0029 1.7085 220 225 230
5.2005 -0.0013 1.7614 220 225 230
5.2027 0.0047 1.8180 220 225 230
5.2003 0.0058 1.8725 220 225 230
5.1998 -0.0058 1.9249 220 225 230
5.1965 0.0041 1.9851 220 225 230
5.2087 -0.0030 2.0384 220 225 230
5.1992 0.0038 2.0952 220 225 230
5.2037 0.0067 2.1487 220 225 230
5.1976 -0.0009 2.1979 220 225 230
5.1962 0.0016 2.2548 220 225 230
5.1945 -0.0003 2.3055 220 225 230
5.1990 -0.0036 2.3691 220 225 230
5.2002 -0.0002 2.4300 220 225 230
5.1953 -0.0023 2.4789 220 225 230
5.2030 -0.0032 2.5354 220 225 230
5.2063 0.0006 2.5945 220 225 230
5.1957 0.0013 2.6466 220 225 230
5.2031 -0.0066 2.6969 220 225 230
5.2025 0.0523 0.0016 220 225 230
5.2074 0.0647 0.0488 220 225 230
5.2020 0.0554 0.1071 220 225 230
5.1970 0.0680 0.1634 220 225 230
5.2029 0.0631 0.2195 220 225 230
5.2023 0.0606 0.2700 220 225 230
5.2035 0.0650 0.3329 220 225 230
5.1989 0.0626 0.3843 220 225 230
5.2014 0.0641 0.4376 220 225 230
5.2011 0.0669 0.4964 220 225 230
5.1992 0.0616 0.5599 220 225 230
5.1978 0.0660 0.6090 220 225 230
5.1946 0.0606 0.6592 220 225 230
5.2006 0.0693 0.7079 220 225 230
5.2031 0.0605 0.7688 220 225 230
5.2005 0.0614 0.8264 220 225 230
5.1981 0.0698 0.8863 220 225 230
5.1968 0.0710 0.9401 220 225 230
5.1980 0.0666 0.9892 220 225 230
5.1997 0.0603 1.0430 220 225 230
5.1977 0.0608 1.0978 220 225 230
5.1957 0.0605 1.1582 220 225 230
5.1993 0.0637 1.2089 220 225 230
5.2018 0.0576 1.2616 220 225 230
5.1949 0.0611 1.3271 220 225 230
5.2044 0.0621 1.3794 220 225 230
5.2026 0.0637 1.4377 220 225 230
5.2001 0.0669 1.4956 220 225 230
5.1943 0.0617 1.5413 220 225 230
5.1965 0.0628 1.5958 220 225 230
5.1983 0.0633 1.6519 220 225 230
5.1978 0.0645 1.7091 220 225 230
5.1956 0.0614 1.7641 220 225 230
5.2018 0.0587 1.8125 220 225 230
5.1997 0.0635 1.8719 220 225 230
5.2062 0.0647 1.9350 220 225 230
5.1979 0.0555 1.9918 220 225 230
5.1975 0.0614 2.0418 220 225 230
5.2029 0.0701 2.0940 220 225 230
5.1979 0.0572 2.1557 220 225 230
5.2002 0.0629 2.1996 220 225 230
5.1955 0.0649 2.2635 220 225 230
5.1983 0.0614 2.3148 220 225 230
5.2033 0.0666 2.3684 220 225 230
5.2013 0.0656 2.4216 220 225 230
5.1995 0.0609 2.4742 220 225 230
5.1974 0.0684 2.5392 220 225 230
5.2005 0.0557 2.5835 220 225 230
5.2022 0.0650 2.6462 220 225 230
5.1989 0.0668 2.7011 220 225 230
5.2018 0.1231 -0.0043 220 225 230
5.1984 0.1246 0.0573 220 225 230
5.1959 0.1281 0.1083 220 225 230
5.2000 0.1176 0.1617 220 225 230
5.2010 0.1205 0.2180 220 225 230
5.1952 0.1241 0.2797 220 225 230
5.2022 0.1249 0.3362 220 225 230
5.1977 0.1222 0.3876 220 225 230
5.2025 0.1255 0.4368 220 225 230
5.1917 0.1227 0.4965 220 225 230
5.2095 0.1254 0.5418 220 225 230
5.1997 0.1261 0.6099 220 225 230
5.2031 0.1192 0.6674 220 225 230
5.2033 0.1241 0.7153 220 225 230
5.2098 0.1275 0.7646 220 225 230
5.2007 0.1239 0.8298 220 225 230
5.2036 0.1292 0.8890 220 225 230
5.1927 0.1251 0.9373 220 225 230
5.2008 0.1217 0.9935 220 225 230
5.1966 0.1221 1.0442 220 225 230
5.1995 0.1215 1.0969 220 225 230
5.1966 0.1289 1.1542 220 225 230
5.1963 0.1295 1.2032 220 225 230
5.1980 0.1238 1.2677 220 225 230
5.1967 0.1250 1.3214 220 225 230
5.2005 0.1223 1.3769 220 225 230
5.1976 0.1224 1.4296 220 225 230
5.2036 0.1244 1.4840 220 225 230
5.1976 0.1308 1.5460 220 225 230
5.1949 0.1190 1.6009 220 225 230
5.2042 0.1219 1.6549 220 225 230
5.1972 0.1216 1.7143 220 225 230
5.2013 0.1301 1.7673 220 225 230
5.1938 0.1301 1.8168 220 225 230
5.2033 0.1266 1.8714 220 225 230
5.2050 0.1275 1.9290 220 225 230
5.2047 0.1271 1.9860 220 225 230
5.2032 0.1255 2.0368 220 225 230
5.2034 0.1242 2.0867 220 225 230
5.2028 0.1212 2.1504 220 225 230
5.1984 0.1239 2.2055 220 225 230
5.1934 0.1268 2.2607 220 225 230
5.1970 0.1194 2.3121 220 225 230
5.2057 0.1266 2.3691 220 225 230
5.1974 0.1209 2.4172 220 225 230
5.2045 0.1265 2.4790 220 225 230
5.2039 0.1194 2.5336 220 225 230
5.2019 0.1248 2.5897 220 225 230
5.1940 0.1263 2.6408 220 225 230
5.1936 0.1224 2.7038 220 225 230
5.2085 0.1976 0.0043 220 225 230
5.1981 0.1845 0.0547 220 225 230
5.2051 0.1861 0.1136 220 225 230
5.2027 0.1906 0.1577 220 225 230
5.1995 0.1878 0.2201 220 225 230
5.2066 0.1912 0.2785 220 225 230
5.2071 0.1854 0.3280 220 225 230
5.1995 0.1895 0.3844 220 225 230
5.1986 0.1850 0.4479 220 225 230
5.1999 0.1864 0.4978 220 225 230
5.1944 0.1878 0.5520 220 225 230
5.1954 0.1790 0.6070 220 225 230
5.2015 0.1869 0.6598 220 225 230
5.2010 0.1905 0.7135 220 225 230
5.2027 0.1866 0.7714 220 225 230
5.2102 0.1848 0.8278 220 225 230
5.1974 0.1838 0.8806 220 225 230
5.2007 0.1855 0.9304 220 225 230
5.1983 0.1792 0.9962 220 225 230
5.1916 0.1840 1.0498 220 225 230
5.2060 0.1924 1.1005 220 225 230
5.1974 0.1835 1.1527 220 225 230
5.1953 0.1940 1.2082 220 225 230
5.2027 0.1794 1.2678 220 225 230
5.2010 0.1888 1.3212 220 225 230
5.1980 0.1835 1.3825 220 225 230
5.2008 0.1856 1.4315 220 225 230
5.2043 0.1856 1.4887 220 225 230
5.2081 0.1913 1.5404 220 225 230
5.2070 0.1867 1.5891 220 225 230
5.2031 0.1874 1.6442 220 225 230
5.2094 0.1879 1.7044 220 225 230
5.1949 0.1786 1.7615 220 225 230
5.2030 0.1860 1.8133 220 225 230
5.1982 0.1867 1.8703 220 225 230
5.1981 0.1849 1.9250 220 225 230
5.2055 0.1881 1.9812 220 225 230
5.1995 0.1896 2.0426 220 225 230
5.2004 0.1871 2.0934 220 225 230
5.1994 0.1855 2.1455 220 225 230
5.1996 0.1901 2.2058 220 225 230
5.2045 0.1886 2.2564 220 225 230
5.1997 0.1878 2.3224 220 225 230
5.2000 0.1861 2.3644 220 225 230
5.2007 0.1894 2.4334 220 225 230
5.1989 0.1929 2.4737 220 225 230
5.1924 0.1871 2.5411 220 225 230
5.2031 0.1790 2.5990 220 225 230
5.1982 0.1846 2.6386 220 225 230
5.1944 0.1859 2.7004 220 225 230
5.2036 0.2463 -0.0020 220 225 230
5.2004 0.2475 0.0543 220 225 230
5.2028 0.2459 0.1089 220 225 230
5.2029 0.2529 0.1707 220 225 230
5.2007 0.2547 0.2233 220 225 230
5.1942 0.2542 0.2797 220 225 230
5.2021 0.2497 0.3255 220 225 230
5.2062 0.2537 0.3838 220 225 230
5.2005 0.2537 0.4428 220 225 230
5.1999 0.2462 0.4898 220 225 230
5.1966 0.2515 0.5489 220 225 230
5.1987 0.2484 0.6071 220 225 230
5.2028 0.2523 0.6598 220 225 230
5.2061 0.2502 0.7240 220 225 230
5.2044 0.2474 0.7747 220 225 230
5.2041 0.2464 0.8263 220 225 230
5.2013 0.2493 0.8872 220 225 230
5.1976 0.2412 0.9357 220 225 230
5.2012 0.2498 0.9925 220 225 230
5.2011 0.2560 1.0392 220 225 230
5.2019 0.2515 1.1042 220 225 230
5.2015 0.2514 1.1569 220 225 230
5.1939 0.2502 1.2095 220 225 230
5.2085 0.2508 1.2622 220 225 230
5.1972 0.2491 1.3205 220 225 230
5.1984 0.2530 1.3749 220 225 230
5.1909 0.2499 1.4274 220 225 230
5.1972 0.2453 1.4908 220 225 230
5.2029 0.2394 1.5395 220 225 230
5.1991 0.2413 1.5927 220 225 230
5.1899 0.2522 1.6535 220 225 230
5.1984 0.2481 1.7135 220 225 230
5.2033 0.2509 1.7675 220 225 230
5.1994 0.2508 1.8207 220 225 230
5.2003 0.2510 1.8761 220 225 230
5.2023 0.2542 1.9318 220 225 230
5.2005 0.2453 1.9821 220 225 230
5.2075 0.2468 2.0384 220 225 230
5.1967 0.2527 2.0954 220 225 230
5.1979 0.2502 2.1421 220 225 230
5.1980 0.2483 2.2025 220 225 230
5.1979 0.2506 2.2555 220 225 230
5.2093 0.2521 2.3170 220 225 230
5.2030 0.2407 2.3691 220 225 230
5.1970 0.2484 2.4170 220 225 230
5.1963 0.2494 2.4797 220 225 230
5.2000 0.2511 2.5345 220 225 230
5.2004 0.2478 2.5861 220 225 230
5.2089 0.2471 2.6459 220 225 230
5.2008 0.2523 2.6914 220 225 230
5.2021 0.3067 0.0013 220 225 230
5.2031 0.3076 0.0559 220 225 230
5.2015 0.3118 0.1037 220 225 230
5.2006 0.3127 0.1558 220 225 230
5.1951 0.3129 0.2231 220 225 230
5.2106 0.3089 0.2795 220 225 230
5.1957 0.3166 0.3277 220 225 230
5.1964 0.3131 0.3892 220 225 230
5.2011 0.3121 0.4374 220 225 230
5.1991 0.3186 0.4945 220 225 230
5.2029 0.3123 0.5470 220 225 230
5.1945 0.3163 0.6062 220 225 230
5.1931 0.3106 0.6622 220 225 230
5.2079 0.3050 0.7132 220 225 230
5.1960 0.3111 0.7722 220 225 230
5.1964 0.3133 0.8245 220 225 230
5.1991 0.3130 0.8815 220 225 230
5.1976 0.2965 0.9300 220 225 230
5.1979 0.3096 0.9934 220 225 230
5.1997 0.3046 1.0458 220 225 230
5.1956 0.3100 1.0959 220 225 230
5.2021 0.3076 1.1512 220 225 230
5.2025 0.3146 1.2200 220 225 230
5.2010 0.3141 1.2688 220 225 230
5.2046 0.3108 1.3245 220 225 230
5.1973 0.3131 1.3760 220 225 230
5.2033 0.3144 1.4361 220 225 230
5.1918 0.3068 1.4908 220 225 230
5.1940 0.3116 1.5415 220 225 230
5.1970 0.3113 1.5947 220 225 230
5.1981 0.3077 1.6529 220 225 230
5.2005 0.3095 1.7045 220 225 230
5.1984 0.3110 1.7629 220 225 230
5.2058 0.3111 1.8198 220 225 230
5.1998 0.3060 1.8759 220 225 230
5.2012 0.3171 1.9281 220 225 230
5.2020 0.3160 1.9851 220 225 230
5.2084 0.3085 2.0394 220 225 230
5.2000 0.3157 2.0984 220 225 230
5.2033 0.3162 2.1532 220 225 230
5.2024 0.3143 2.2031 220 225 230
5.2025 0.3109 2.2643 220 225 230
5.1965 0.3104 2.3110 220 225 230
5.2009 0.3030 2.3687 220 225 230
5.2023 0.3101 2.4313 220 225 230
5.1943 0.3114 2.4763 220 225 230
5.1989 0.3168 2.5394 220 225 230
5.1967 0.3158 2.5885 220 225 230
5.2035 0.3115 2.6403 220 225 230
5.2032 0.3130 2.7051 220 225 230
5.1948 0.3670 0.0024 220 225 230
5.1923 0.3695 0.0594 220 225 230
5.2036 0.3765 0.1086 220 225 230
5.1994 0.3744 0.1733 220 225 230
5.2043 0.3803 0.2221 220 225 230
5.2009 0.3708 0.2706 220 225 230
5.2010 0.3799 0.3384 220 225 230
5.2017 0.3787 0.3883 220 225 230
5.2034 0.3735 0.4447 220 225 230
5.2018 0.3773 0.4964 220 225 230
5.2044 0.3737 0.5492 220 225 230
5.2001 0.3792 0.6036 220 225 230
5.1976 0.3717 0.6638 220 225 230
5.1986 0.3736 0.7250 220 225 230
5.2002 0.3709 0.7736 220 225 230
5.1965 0.3782 0.8254 220 225 230
5.2029 0.3750 0.8790 220 225 230
5.2011 0.3739 0.9335 220 225 230
5.2038 0.3728 0.9883 220 225 230
5.1977 0.3722 1.0471 220 225 230
5.2022 0.3794 1.0934 220 225 230
5.2013 0.3683 1.1556 220 225 230
5.1966 0.3741 1.2142 220 225 230
5.1999 0.3744 1.2672 220 225 230
5.1966 0.3797 1.3297 220 225 230
5.2030 0.3756 1.3777 220 225 230
5.1924 0.3802 1.4351 220 225 230
5.1912 0.3768 1.4877 220 225 230
5.2052 0.3731 1.5351 220 225 230
5.1970 0.3734 1.5949 220 225 230
5.2025 0.3767 1.6526 220 225 230
5.1986 0.3806 1.7136 220 225 230
5.2036 0.3723 1.7600 220 225 230
5.2081 0.3724 1.8170 220 225 230
5.1989 0.3756 1.8699 220 225 230
5.2008 0.3684 1.9308 220 225 230
5.2015 0.3658 1.9888 220 225 230
5.2000 0.3728 2.0376 220 225 230
5.2042 0.3799 2.0970 220 225 230
5.2034 0.3711 2.1457 220 225 230
5.1953 0.3756 2.2058 220 225 230
5.2003 0.3742 2.2662 220 225 230
5.1957 0.3740 2.3150 220 225 230
5.1984 0.3684 2.3725 220 225 230
5.2029 0.3733 2.4167 220 225 230
5.2063 0.3746 2.4762 220 225 230
5.2063 0.3722 2.5339 220 225 230
5.2001 0.3676 2.5859 220 225 230
5.1962 0.3724 2.6444 220 225 230
5.1982 0.3729 2.6988 220 225 230
5.1998 0.4392 -0.0001 220 225 230
5.1973 0.4366 0.0506 220 225 230
5.2021 0.4321 0.1028 220 225 230
5.1943 0.4346 0.1641 220 225 230
5.1955 0.4370 0.2238 220 225 230
5.1979 0.4383 0.2803 220 225 230
5.2047 0.4351 0.3313 220 225 230
5.1936 0.4422 0.3896 220 225 230
5.2015 0.4356 0.4413 220 225 230
5.2012 0.4315 0.4949 220 225 230
5.2069 0.4359 0.5419 220 225 230
5.1937 0.4386 0.6094 220 225 230
5.1996 0.4356 0.6624 220 225 230
5.1966 0.4365 0.7180 220 225 230
5.1991 0.4448 0.7653 220 225 230
5.1950 0.4342 0.8255 220 225 230
5.2008 0.4356 0.8936 220 225 230
5.2013 0.4341 0.9372 220 225 230
5.1906 0.4268 0.9940 220 225 230
5.1986 0.4372 1.0524 220 225 230
5.2021 0.4357 1.0984 220 225 230
5.2008 0.4425 1.1611 220 225 230
5.2007 0.4355 1.2164 220 225 230
5.1920 0.4437 1.2637 220 225 230
5.1979 0.4400 1.3265 220 225 230
5.1983 0.4343 1.3740 220 225 230
5.2008 0.4319 1.4391 220 225 230
5.2067 0.4378 1.4887 220 225 230
5.2058 0.4401 1.5451 220 225 230
5.2015 0.4333 1.5894 220 225 230
5.2035 0.4360 1.6533 220 225 230
5.2034 0.4396 1.7122 220 225 230
5.1998 0.4448 1.7653 220 225 230
5.1979 0.4329 1.8211 220 225 230
5.2045 0.4336 1.8770 220 225 230
5.1979 0.4384 1.9303 220 225 230
5.2022 0.4399 1.9829 220 225 230
5.2057 0.4303 2.0359 220 225 230
5.2006 0.4430 2.0919 220 225 230
5.2032 0.4384 2.1478 220 225 230
5.1982 0.4363 2.2023 220 225 230
5.2008 0.4408 2.2569 220 225 230
5.2001 0.4325 2.3136 220 225 230
5.2022 0.4375 2.3704 220 225 230
5.1959 0.4436 2.4164 220 225 230
5.2068 0.4394 2.4851 220 225 230
5.2037 0.4439 2.5377 220 225 230
5.1946 0.4330 2.5956 220 225 230
5.2065 0.4333 2.6498 220 225 230
5.2004 0.4369 2.6964 220 225 230
5.1991 0.4931 -0.0015 220 225 230
5.1916 0.5030 0.0595 220 225 230
5.1945 0.4964 0.1057 220 225 230
5.2018 0.4991 0.1660 220 225 230
5.2007 0.4980 0.2161 220 225 230
5.2038 0.4986 0.2807 220 225 230
5.1984 0.5046 0.3266 220 225 230
5.1999 0.4976 0.3819 220 225 230
5.1983 0.4955 0.4387 220 225 230
5.2069 0.5014 0.4912 220 225 230
5.1966 0.4978 0.5446 220 225 230
5.1974 0.4926 0.6108 220 225 230
5.2000 0.5063 0.6644 220 225 230
5.1960 0.4978 0.7216 220 225 230
5.1977 0.4993 0.7755 220 225 230
5.2014 0.4964 0.8281 220 225 230
5.2011 0.4997 0.8779 220 225 230
5.2017 0.5023 0.9359 220 225 230
5.2065 0.5061 0.9942 220 225 230
5.2010 0.4922 1.0491 220 225 230
5.1965 0.4979 1.1029 220 225 230
5.2021 0.4990 1.1585 220 225 230
5.2042 0.4961 1.2118 220 225 230
5.1924 0.5019 1.2694 220 225 230
5.2002 0.4968 1.3196 220 225 230
5.2067 0.4954 1.3727 220 225 230
5.1934 0.4931 1.4300 220 225 230
5.2006 0.5030 1.4911 220 225 230
5.2045 0.5054 1.5493 220 225 230
5.1996 0.5009 1.6027 220 225 230
5.1991 0.5024 1.6499 220 225 230
5.1995 0.4948 1.7114 220 225 230
5.2023 0.4932 1.7683 220 225 230
5.1957 0.5101 1.8196 220 225 230
5.1977 0.4994 1.8720 220 225 230
5.1977 0.4930 1.9267 220 225 230
5.2131 0.4955 1.9805 220 225 230
5.2014 0.5037 2.0400 220 225 230
5.1928 0.5009 2.0885 220 225 230
5.2006 0.4973 2.1479 220 225 230
5.2027 0.4936 2.2050 220 225 230
5.1978 0.5010 2.2556 220 225 230
5.2016 0.5051 2.3164 220 225 230
5.1994 0.5000 2.3618 220 225 230
5.2002 0.4924 2.4214 220 225 230
5.1997 0.4955 2.4733 220 225 230
5.2009 0.5041 2.5352 220 225 230
5.1965 0.5009 2.5868 220 225 230
5.2010 0.4939 2.6406 220 225 230
5.2047 0.5005 2.7010 220 225 230
5.2047 0.5612 -0.0050 220 225 230
5.1982 0.5596 0.0534 220 225 230
5.1928 0.5637 0.1144 220 225 230
5.1994 0.5597 0.1567 220 225 230
5.2041 0.5644 0.2214 220 225 230
5.2032 0.5608 0.2686 220 225 230
5.1951 0.5601 0.3315 220 225 230
5.1925 0.5628 0.3902 220 225 230
5.1914 0.5586 0.4396 220 225 230
5.1972 0.5601 0.4972 220 225 230
5.1958 0.5601 0.5504 220 225 230
5.1997 0.5637 0.6101 220 225 230
5.1955 0.5641 0.6609 220 225 230
5.2008 0.5553 0.7188 220 225 230
5.2031 0.5627 0.7689 220 225 230
5.2012 0.5590 0.8262 220 225 230
5.1951 0.5585 0.8845 220 225 230
5.1936 0.5588 0.9360 220 225 230
5.1988 0.5579 0.9870 220 225 230
5.1956 0.5668 1.0412 220 225 230
5.1998 0.5583 1.1018 220 225 230
5.1965 0.5547 1.1580 220 225 230
5.2002 0.5648 1.2093 220 225 230
5.1949 0.5649 1.2694 220 225 230
5.1987 0.5549 1.3180 220 225 230
5.2037 0.5540 1.3781 220 225 230
5.2044 0.5644 1.4347 220 225 230
5.2023 0.5614 1.4824 220 225 230
5.2064 0.5629 1.5439 220 225 230
5.1949 0.5623 1.5888 220 225 230
5.2014 0.5687 1.6564 220 225 230
5.1930 0.5632 1.7078 220 225 230
5.1981 0.5580 1.7646 220 225 230
5.2015 0.5667 1.8193 220 225 230
5.2023 0.5652 1.8704 220 225 230
5.1981 0.5563 1.9256 220 225 230
5.2006 0.5619 1.9814 220 225 230
5.1952 0.5659 2.0383 220 225 230
5.2034 0.5625 2.1039 220 225 230
5.2035 0.5563 2.1478 220 225 230
5.1911 0.5531 2.2039 220 225 230
5.1994 0.5624 2.2650 220 225 230
5.2032 0.5649 2.3182 220 225 230
5.2033 0.5595 2.3665 220 225 230
5.2026 0.5554 2.4289 220 225 230
5.2018 0.5565 2.4817 220 225 230
5.2018 0.5514 2.5323 220 225 230
5.2028 0.5595 2.5947 220 225 230
5.1998 0.5607 2.6494 220 225 230
5.2029 0.5575 2.7016 220 225 230
5.2027 0.6194 0.0032 220 225 230
5.1989 0.6178 0.0547 220 225 230
5.2062 0.6179 0.1095 220 225 230
5.1960 0.6195 0.1573 220 225 230
5.1993 0.6217 0.2299 220 225 230
5.1988 0.6135 0.2739 220 225 230
5.2001 0.6196 0.3318 220 225 230
5.1958 0.6206 0.3804 220 225 230
5.1973 0.6141 0.4409 220 225 230
5.1946 0.6208 0.4984 220 225 230
5.2008 0.6185 0.5530 220 225 230
5.1976 0.6222 0.6076 220 225 230
5.2022 0.6232 0.6672 220 225 230
5.2030 0.6188 0.7087 220 225 230
5.2071 0.6264 0.7687 220 225 230
5.2026 0.6154 0.8271 220 225 230
5.2066 0.6273 0.8783 220 225 230
5.2070 0.6125 0.9381 220 225 230
5.1945 0.6220 0.9893 220 225 230
5.2003 0.6239 1.0466 220 225 230
5.2038 0.6218 1.1055 220 225 230
5.2055 0.6204 1.1587 220 225 230
5.1968 0.6211 1.2200 220 225 230
5.1975 0.6277 1.2662 220 225 230
5.2044 0.6233 1.3200 220 225 230
5.2042 0.6179 1.3839 220 225 230
5.2080 0.6271 1.4311 220 225 230
5.2048 0.6262 1.4831 220 225 230
5.1985 0.6178 1.5406 220 225 230
5.2013 0.6276 1.6067 220 225 230
5.2001 0.6256 1.6412 220 225 230
5.1988 0.6235 1.7158 220 225 230
5.2017 0.6172 1.7597 220 225 230
5.1981 0.6194 1.8221 220 225 230
5.1975 0.6277 1.8767 220 225 230
5.1988 0.6276 1.9315 220 225 230
5.1969 0.6377 1.9793 220 225 230
5.2068 0.6143 2.0386 220 225 230
5.2046 0.6201 2.0934 220 225 230
5.1995 0.6228 2.1521 220 225 230
5.1979 0.6179 2.1959 220 225 230
5.2021 0.6176 2.2592 220 225 230
5.1946 0.6209 2.3143 220 225 230
5.2010 0.6238 2.3649 220 225 230
5.2065 0.6182 2.4211 220 225 230
5.2031 0.6199 2.4739 220 225 230
5.2032 0.6169 2.5273 220 225 230
5.2021 0.6211 2.5885 220 225 230
5.2025 0.6229 2.6486 220 225 230
5.2001 0.6241 2.6989 220 225 230
5.2008 0.6852 0.0002 220 225 230
5.2040 0.6904 0.0529 220 225 230
5.2053 0.6808 0.1125 220 225 230
5.2037 0.6850 0.1683 220 225 230
5.1897 0.6886 0.2265 220 225 230
5.1967 0.6792 0.2803 220 225 230
5.1888 0.6794 0.3349 220 225 230
5.1982 0.6881 0.3911 220 225 230
5.1958 0.6888 0.4446 220 225 230
5.2081 0.6914 0.4970 220 225 230
5.1992 0.6913 0.5484 220 225 230
5.2009 0.6824 0.6023 220 225 230
5.1989 0.6847 0.6602 220 225 230
5.2071 0.6839 0.7243 220 225 230
5.2041 0.6851 0.7666 220 225 230
5.2042 0.6866 0.8225 220 225 230
5.1957 0.6875 0.8809 220 225 230
5.2075 0.6890 0.9393 220 225 230
5.1965 0.6845 0.9962 220 225 230
5.2033 0.6893 1.0481 220 225 230
5.1989 0.6902 1.1001 220 225 230
5.1975 0.6962 1.1511 220 225 230
5.1938 0.6885 1.2169 220 225 230
5.1986 0.6829 1.2604 220 225 230
5.2065 0.6929 1.3196 220 225 230
5.1992 0.6805 1.3768 220 225 230
5.1945 0.6854 1.4315 220 225 230
5.1997 0.6842 1.4906 220 225 230
5.1902 0.6842 1.5424 220 225 230
5.2050 0.6870 1.5988 220 225 230
5.1979 0.6786 1.6523 220 225 230
5.2023 0.6887 1.7108 220 225 230
5.2042 0.6851 1.7593 220 225 230
5.2000 0.6885 1.8158 220 225 230
5.2026 0.6825 1.8741 220 225 230
5.2000 0.6887 1.9276 220 225 230
5.2000 0.6892 1.9853 220 225 230
5.1975 0.6891 2.0372 220 225 230
5.2045 0.6863 2.0945 220 225 230
5.1999 0.6862 2.1529 220 225 230
5.2009 0.6816 2.2057 220 225 230
5.1912 0.6787 2.2616 220 225 230
5.1945 0.6877 2.3144 220 225 230
5.2006 0.6879 2.3704 220 225 230
5.2009 0.6883 2.4204 220 225 230
5.1999 0.6843 2.4751 220 225 230
5.2078 0.6833 2.5335 220 225 230
5.2006 0.6848 2.5902 220 225 230
5.2058 0.6879 2.6425 220 225 230
5.1925 0.6807 2.7015 220 225 230
5.2008 0.7424 -0.0006 220 225 230
5.1950 0.7427 0.0542 220 225 230
5.2019 0.7414 0.1071 220 225 230
5.1960 0.7544 0.1673 220 225 230
5.2076 0.7398 0.2141 220 225 230
5.2023 0.7432 0.2749 220 225 230
5.1982 0.7466 0.3316 220 225 230
5.2026 0.7438 0.3886 220 225 230
5.2009 0.7392 0.4393 220 225 230
5.1973 0.7396 0.4956 220 225 230
5.2015 0.7495 0.5534 220 225 230
5.1942 0.7447 0.6087 220 225 230
5.2013 0.7499 0.6577 220 225 230
5.1978 0.7514 0.7125 220 225 230
5.1994 0.7574 0.7750 220 225 230
5.1899 0.7550 0.8349 220 225 230
5.1987 0.7472 0.8795 220 225 230
5.1986 0.7496 0.9316 220 225 230
5.2033 0.7503 0.9958 220 225 230
5.1956 0.7465 1.0492 220 225 230
5.1991 0.7494 1.1072 220 225 230
5.2012 0.7473 1.1592 220 225 230
5.2030 0.7511 1.2157 220 225 230
5.2001 0.7465 1.2636 220 225 230
5.1985 0.7417 1.3264 220 225 230
5.2031 0.7529 1.3847 220 225 230
5.1979 0.7526 1.4300 220 225 230
5.2063 0.7390 1.4876 220 225 230
5.1990 0.7491 1.5373 220 225 230
5.1975 0.7547 1.5960 220 225 230
5.2072 0.7457 1.6499 220 225 230
5.1997 0.7423 1.7095 220 225 230
5.2001 0.7498 1.7603 220 225 230
5.1955 0.7600 1.8186 220 225 230
5.2012 0.7471 1.8722 220 225 230
5.1971 0.7426 1.9313 220 225 230
5.1923 0.7472 1.9807 220 225 230
5.1931 0.7456 2.0399 220 225 230
5.1992 0.7422 2.0957 220 225 230
5.2011 0.7516 2.1467 220 225 230
5.1981 0.7463 2.2030 220 225 230
5.2001 0.7465 2.2637 220 225 230
5.1987 0.7452 2.3166 220 225 230
5.1915 0.7472 2.3608 220 225 230
5.1999 0.7556 2.4286 220 225 230
5.1948 0.7510 2.4863 220 225 230
5.1942 0.7561 2.5332 220 225 230
5.1984 0.7439 2.5909 220 225 230
5.2057 0.7484 2.6481 220 225 230
5.2027 0.7534 2.6988 220 225 230
5.1980 0.8106 0.0024 220 225 230
5.1978 0.8120 0.0592 220 225 230
5.1997 0.8118 0.1092 220 225 230
5.1950 0.8158 0.1678 220 225 230
5.2034 0.8075 0.2233 220 225 230
5.1975 0.8049 0.2771 220 225 230
5.2043 0.8157 0.3220 220 225 230
5.2005 0.8067 0.3853 220 225 230
5.1894 0.8117 0.4407 220 225 230
5.2033 0.8106 0.4977 220 225 230
5.2013 0.8044 0.5517 220 225 230
5.2022 0.8087 0.6049 220 225 230
5.1968 0.8145 0.6565 220 225 230
5.2085 0.8034 0.7199 220 225 230
5.1947 0.8143 0.7691 220 225 230
5.2008 0.8033 0.8251 220 225 230
5.1979 0.8170 0.8831 220 225 230
5.2000 0.8145 0.9335 220 225 230
5.1939 0.8119 0.9909 220 225 230
5.2021 0.8148 1.0447 220 225 230
5.2038 0.8134 1.0989 220 225 230
5.2020 0.8060 1.1597 220 225 230
5.2001 0.8112 1.2126 220 225 230
5.2012 0.8138 1.2710 220 225 230
5.2017 0.8097 1.3166 220 225 230
5.1974 0.8088 1.3684 220 225 230
5.2010 0.8136 1.4341 220 225 230
5.1997 0.8161 1.4874 220 225 230
5.1990 0.8145 1.5388 220 225 230
5.2003 0.8128 1.6010 220 225 230
5.1967 0.8060 1.6587 220 225 230
5.1999 0.8047 1.7076 220 225 230
5.1973 0.8033 1.7629 220 225 230
5.2025 0.8077 1.8163 220 225 230
5.2064 0.8190 1.8747 220 225 230
5.2004 0.8069 1.9278 220 225 230
5.1947 0.8169 1.9866 220 225 230
5.1951 0.8147 2.0407 220 225 230
5.2061 0.8135 2.0917 220 225 230
5.2025 0.8164 2.1462 220 225 230
5.2018 0.8152 2.2006 220 225 230
5.1951 0.8060 2.2662 220 225 230
5.1932 0.8103 2.3166 220 225 230
5.2053 0.8061 2.3773 220 225 230
5.2000 0.8012 2.4210 220 225 230
5.1910 0.8053 2.4848 220 225 230
5.1985 0.8062 2.5384 220 225 230
5.1981 0.8122 2.5854 220 225 230
5.2024 0.8110 2.6449 220 225 230
5.2025 0.8070 2.6994 220 225 230
5.1972 0.8666 0.0004 220 225 230
5.1965 0.8725 0.0559 220 225 230
5.1949 0.8734 0.1158 220 225 230
5.2039 0.8770 0.1597 220 225 230
5.1995 0.8761 0.2262 220 225 230
5.1945 0.8705 0.2789 220 225 230
5.1953 0.8777 0.3327 220 225 230
5.1916 0.8753 0.3885 220 225 230
5.1951 0.8691 0.4412 220 225 230
5.2031 0.8708 0.4884 220 225 230
5.2028 0.8685 0.5565 220 225 230
5.2018 0.8768 0.6073 220 225 230
5.2006 0.8671 0.6698 220 225 230
5.2007 0.8726 0.7185 220 225 230
5.2039 0.8753 0.7686 220 225 230
5.1977 0.8703 0.8242 220 225 230
5.1973 0.8660 0.8818 220 225 230
5.2017 0.8713 0.9315 220 225 230
5.2054 0.8818 0.9897 220 225 230
5.1983 0.8752 1.0445 220 225 230
5.2036 0.8785 1.1065 220 225 230
5.1995 0.8729 1.1569 220 225 230
5.1955 0.8731 1.2130 220 225 230
5.1977 0.8789 1.2623 220 225 230
5.1910 0.8690 1.3230 220 225 230
5.2042 0.8708 1.3762 220 225 230
5.1990 0.8729 1.4375 220 225 230
5.2079 0.8702 1.4926 220 225 230
5.2069 0.8712 1.5399 220 225 230
5.2000 0.8691 1.6046 220 225 230
5.2005 0.8796 1.6498 220 225 230
5.2046 0.8673 1.7098 220 225 230
5.1957 0.8730 1.7612 220 225 230
5.2036 0.8760 1.8190 220 225 230
5.2080 0.8721 1.8749 220 225 230
5.1985 0.8743 1.9379 220 225 230
5.2025 0.8746 1.9837 220 225 230
5.1871 0.8698 2.0361 220 225 230
5.2016 0.8760 2.0907 220 225 230
5.2038 0.8720 2.1477 220 225 230
5.1965 0.8749 2.2031 220 225 230
5.2006 0.8729 2.2660 220 225 230
5.1949 0.8696 2.3177 220 225 230
5.2043 0.8643 2.3803 220 225 230
5.1984 0.8684 2.4226 220 225 230
5.2007 0.8699 2.4818 220 225 230
5.1989 0.8697 2.5381 220 225 230
5.2066 0.8711 2.5918 220 225 230
5.2028 0.8782 2.6419 220 225 230
5.2041 0.8720 2.7019 220 225 230
5.2107 0.9287 -0.0018 220 225 230
5.1960 0.9311 0.0517 220 225 230
5.2036 0.9311 0.1142 220 225 230
5.1975 0.9309 0.1687 220 225 230
5.1987 0.9396 0.2246 220 225 230
5.1983 0.9411 0.2742 220 225 230
5.1963 0.9368 0.3294 220 225 230
5.1995 0.9306 0.3835 220 225 230
5.2043 0.9308 0.4398 220 225 230
5.2050 0.9344 0.4961 220 225 230
5.2045 0.9363 0.5506 220 225 230
5.2021 0.9310 0.6013 220 225 230
5.1948 0.9303 0.6595 220 225 230
5.1928 0.9344 0.7170 220 225 230
5.2057 0.9287 0.7794 220 225 230
5.2027 0.9328 0.8235 220 225 230
5.1938 0.9381 0.8869 220 225 230
5.2013 0.9323 0.9347 220 225 230
5.1925 0.9306 0.9963 220 225 230
5.1995 0.9374 1.0398 220 225 230
5.1996 0.9351 1.1030 220 225 230
5.1959 0.9449 1.1579 220 225 230
5.2019 0.9368 1.2206 220 225 230
5.2010 0.9324 1.2637 220 225 230
5.2022 0.9465 1.3259 220 225 230
5.2013 0.9307 1.3758 220 225 230
5.2006 0.9308 1.4314 220 225 230
5.1969 0.9311 1.4908 220 225 230
5.2002 0.9360 1.5474 220 225 230
5.2016 0.9381 1.5964 220 225 230
5.1994 0.9347 1.6511 220 225 230
5.2042 0.9375 1.6984 220 225 230
5.1925 0.9292 1.7632 220 225 230
5.1945 0.9410 1.8121 220 225 230
5.1956 0.9369 1.8731 220 225 230
5.1992 0.9433 1.9263 220 225 230
5.1984 0.9330 1.9857 220 225 230
5.2040 0.9335 2.0324 220 225 230
5.2071 0.9344 2.0962 220 225 230
5.1966 0.9379 2.1464 220 225 230
5.1988 0.9359 2.2026 220 225 230
5.2023 0.9365 2.2637 220 225 230
5.1964 0.9417 2.3164 220 225 230
5.1976 0.9357 2.3728 220 225 230
5.1931 0.9373 2.4251 220 225 230
5.1982 0.9326 2.4709 220 225 230
5.2019 0.9315 2.5339 220 225 230
5.2008 0.9430 2.5875 220 225 230
5.2015 0.9398 2.6471 220 225 230
5.1986 0.9337 2.6906 220 225 230
5.2006 0.9935 -0.0036 220 225 230
5.2005 0.9977 0.0527 220 225 230
5.2011 0.9975 0.1143 220 225 230
5.1958 0.9868 0.1689 220 225 230
5.2046 1.0012 0.2183 220 225 230
5.1989 0.9975 0.2684 220 225 230
5.1932 0.9950 0.3276 220 225 230
5.2011 0.9975 0.3920 220 225 230
5.1989 1.0005 0.4379 220 225 230
5.1995 0.9963 0.4958 220 225 230
5.1954 0.9940 0.5464 220 225 230
5.1978 0.9880 0.6047 220 225 230
5.1926 0.9996 0.6558 220 225 230
5.2053 0.9955 0.7094 220 225 230
5.1977 0.9926 0.7767 220 225 230
5.2014 1.0003 0.8205 220 225 230
5.1976 0.9949 0.8840 220 225 230
5.1992 1.0041 0.9332 220 225 230
5.2008 0.9996 0.9913 220 225 230
5.1999 0.9916 1.0580 220 225 230
5.2042 0.9829 1.0948 220 225 230
5.2034 0.9950 1.1578 220 225 230
5.1956 0.9918 1.2207 220 225 230
5.1986 0.9915 1.2667 220 225 230
5.2014 0.9994 1.3221 220 225 230
5.1959 0.9956 1.3746 220 225 230
5.1943 0.9981 1.4384 220 225 230
5.1977 0.9985 1.4876 220 225 230
5.1982 0.9979 1.5411 220 225 230
5.1966 0.9976 1.6009 220 225 230
5.1987 0.9931 1.6438 220 225 230
5.1981 0.9996 1.7030 220 225 230
5.2035 0.9991 1.7616 220 225 230
5.1989 0.9962 1.8243 220 225 230
5.1964 0.9928 1.8672 220 225 230
5.2013 0.9949 1.9206 220 225 230
5.1978 1.0016 1.9908 220 225 230
5.2025 0.9975 2.0342 220 225 230
5.2038 0.9913 2.0964 220 225 230
5.1997 0.9946 2.1473 220 225 230
5.1959 0.9975 2.1979 220 225 230
5.1985 0.9994 2.2597 220 225 230
5.2017 0.9920 2.3167 220 225 230
5.1916 0.9999 2.3732 220 225 230
5.2022 0.9903 2.4270 220 225 230
5.2000 0.9963 2.4865 220 225 230
5.2049 1.0018 2.5355 220 225 230
5.1878 1.0008 2.5913 220 225 230
5.1921 1.0059 2.6455 220 225 230
5.2017 1.0017 2.7023 220 225 230
5.1982 1.0585 -0.0027 180 130 70
5.1975 1.0687 0.0611 180 130 70
5.2004 1.0634 0.1131 180 130 70
5.1942 1.0602 0.1634 180 130 70
5.2051 1.0629 0.2193 180 130 70
5.2003 1.0540 0.2813 180 130 70
5.1981 1.0563 0.3309 180 130 70
5.1946 1.0640 0.3853 180 130 70
5.1988 1.0544 0.4507 180 130 70
5.2017 1.0541 0.4959 180 130 70
5.2021 1.0566 0.5525 180 130 70
5.1994 1.0616 0.6021 180 130 70
5.1946 1.0592 0.6559 220 225 230
5.1980 1.0560 0.7195 220 225 230
5.2004 1.0602 0.7756 220 225 230
5.1985 1.0654 0.8318 220 225 230
5.2012 1.0643 0.8728 220 225 230
5.2062 1.0549 0.9264 220 225 230
5.1989 1.0587 0.9850 220 225 230
5.2037 1.0589 1.0461 220 225 230
5.1898 1.0635 1.0985 220 225 230
5.2021 1.0578 1.1603 220 225 230
5.1960 1.0545 1.2071 220 225 230
5.2042 1.0573 1.2617 220 225 230
5.2073 1.0605 1.3192 220 225 230
5.1981 1.0626 1.3829 220 225 230
5.1974 1.0605 1.4298 220 225 230
5.2046 1.0606 1.4926 220 225 230
5.1979 1.0575 1.5423 220 225 230
5.1993 1.0606 1.6022 220 225 230
5.2009 1.0545 1.6512 220 225 230
5.2044 1.0634 1.7074 220 225 230
5.2034 1.0646 1.7611 220 225 230
5.2025 1.0629 1.8171 220 225 230
5.2062 1.0526 1.8652 220 225 230
5.2029 1.0571 1.9283 220 225 230
5.1932 1.0601 1.9849 220 225 230
5.2063 1.0541 2.0402 220 225 230
5.1977 1.0611 2.0886 220 225 230
5.2000 1.0555 2.1560 220 225 230
5.2031 1.0581 2.2077 220 225 230
5.2010 1.0535 2.2580 220 225 230
5.2023 1.0677 2.3151 220 225 230
5.2019 1.0615 2.3665 220 225 230
5.2059 1.0541 2.4331 220 225 230
5.1979 1.0563 2.4793 220 225 230
5.2000 1.0642 2.5348 220 225 230
5.1955 1.0606 2.5874 220 225 230
5.1979 1.0612 2.6501 220 225 230
5.1975 1.0590 2.6999 220 225 230
5.1962 1.1244 0.0047 180 130 70
5.2008 1.1245 0.0562 180 130 70
5.2118 1.1211 0.1127 180 130 70
5.1991 1.1235 0.1711 180 130 70
5.2006 1.1201 0.2211 180 130 70
5.1996 1.1298 0.2781 180 130 70
5.1962 1.1223 0.3328 180 130 70
5.1976 1.1247 0.3831 180 130 70
5.2029 1.1264 0.4411 180 130 70
5.2004 1.1257 0.4984 180 130 70
5.2014 1.1207 0.5510 180 130 70
5.2021 1.1249 0.6111 180 130 70
5.1957 1.1237 0.6653 220 225 230
5.1984 1.1206 0.7180 220 225 230
5.1972 1.1239 0.7650 220 225 230
5.2039 1.1199 0.8207 220 225 230
5.1999 1.1232 0.8799 220 225 230
5.2069 1.1246 0.9346 220 225 230
5.2019 1.1212 0.9940 220 225 230
5.2070 1.1230 1.0539 220 225 230
5.1921 1.1191 1.1081 220 225 230
5.1984 1.1204 1.1613 220 225 230
5.2014 1.1274 1.2102 220 225 230
5.2009 1.1168 1.2621 220 225 230
5.2044 1.1173 1.3272 220 225 230
5.1967 1.1187 1.3856 220 225 230
5.2047 1.1271 1.4288 220 225 230
5.1978 1.1235 1.4799 220 225 230
5.1970 1.1236 1.5398 220 225 230
5.2047 1.1208 1.5988 220 225 230
5.2051 1.1231 1.6579 220 225 230
5.2048 1.1159 1.7057 220 225 230
5.1940 1.1184 1.7627 220 225 230
5.2006 1.1294 1.8243 220 225 230
5.1973 1.1258 1.8762 220 225 230
5.1934 1.1194 1.9269 220 225 230
5.2031 1.1244 1.9799 220 225 230
5.2000 1.1182 2.0318 220 225 230
5.2039 1.1214 2.0992 220 225 230
5.1997 1.1242 2.1543 220 225 230
5.2020 1.1265 2.2026 220 225 230
5.2047 1.1202 2.2593 220 225 230
5.1992 1.1222 2.3111 220 225 230
5.2013 1.1242 2.3646 220 225 230
5.2041 1.1215 2.4280 220 225 230
5.2089 1.1176 2.4761 220 225 230
5.2022 1.1209 2.5274 220 225 230
5.1978 1.1268 2.5889 220 225 230
5.1990 1.1226 2.6548 220 225 230
5.1967 1.1123 2.7053 220 225 230
5.2013 1.1826 -0.0018 180 130 70
5.1998 1.1888 0.0598 180 130 70
5.2032 1.1921 0.1072 180 130 70
5.2006 1.1825 0.1628 180 130 70
5.1940 1.1868 0.2194 180 130 70
5.2066 1.1912 0.2768 180 130 70
5.2017 1.1857 0.3319 180 130 70
5.2021 1.1817 0.3835 180 130 70
5.2028 1.1852 0.4390 180 130 70
5.1967 1.1869 0.4975 180 130 70
5.2020 1.1881 0.5525 180 130 70
5.2123 1.1761 0.6073 180 130 70
5.1948 1.1835 0.6625 220 225 230
5.1972 1.1868 0.7122 220 225 230
5.2030 1.1842 0.7684 220 225 230
5.2061 1.1912 0.8202 220 225 230
5.2057 1.1863 0.8836 220 225 230
5.2032 1.1884 0.9361 220 225 230
5.1968 1.1789 0.9900 220 225 230
5.1992 1.1871 1.0521 220 225 230
5.1939 1.1821 1.1039 220 225 230
5.2002 1.1859 1.1557 220 225 230
5.1956 1.1834 1.2133 220 225 230
5.2006 1.1901 1.2686 220 225 230
5.1959 1.1798 1.3235 220 225 230
5.1999 1.1830 1.3794 220 225 230
5.2032 1.1855 1.4326 220 225 230
5.1966 1.1836 1.4925 220 225 230
5.1975 1.1825 1.5403 220 225 230
5.2027 1.1874 1.6022 220 225 230
5.1953 1.1780 1.6509 220 225 230
5.2001 1.1844 1.7057 220 225 230
5.1978 1.1868 1.7596 220 225 230
5.2001 1.1799 1.8230 220 225 230
5.2006 1.1787 1.8753 220 225 230
5.1945 1.1821 1.9339 220 225 230
5.1963 1.1915 1.9805 220 225 230
5.1965 1.1840 2.0486 220 225 230
5.2097 1.1821 2.0985 220 225 230
5.1977 1.1850 2.1512 220 225 230
5.1971 1.1892 2.2066 220 225 230
5.2086 1.1783 2.2556 220 225 230
5.2022 1.1802 2.3097 220 225 230
5.1987 1.1835 2.3636 220 225 230
5.2030 1.1883 2.4219 220 225 230
5.2012 1.1906 2.4788 220 225 230
5.1952 1.1823 2.5447 220 225 230
5.1988 1.1790 2.5932 220 225 230
5.2015 1.1826 2.6407 220 225 230
5.1982 1.1784 2.6999 220 225 230
5.1900 1.2426 -0.0029 180 130 70
5.1981 1.2467 0.0482 180 130 70
5.2057 1.2448 0.1093 180 130 70
5.2015 1.2514 0.1672 180 130 70
5.1984 1.2516 0.2180 180 130 70
5.2003 1.2544 0.2815 180 130 70
5.2080 1.2456 0.3370 180 130 70
5.1987 1.2445 0.3909 180 130 70
5.1932 1.2451 0.4360 180 130 70
5.1976 1.2417 0.4948 180 130 70
5.2050 1.2368 0.5506 180 130 70
5.1953 1.2514 0.6094 180 130 70
5.1962 1.2391 0.6549 220 225 230
5.2063 1.2439 0.7177 220 225 230
5.1957 1.2408 0.7710 220 225 230
5.2003 1.2498 0.8231 220 225 230
5.1920 1.2465 0.8769 220 225 230
5.2002 1.2475 0.9362 220 225 230
5.2043 1.2415 0.9888 220 225 230
5.1977 1.2482 1.0455 220 225 230
5.1966 1.2484 1.1056 220 225 230
5.1961 1.2499 1.1549 220 225 230
5.2006 1.2374 1.2100 220 225 230
5.1986 1.2504 1.2643 220 225 230
5.2057 1.2482 1.3230 220 225 230
5.2011 1.2453 1.3756 220 225 230
5.2006 1.2461 1.4334 220 225 230
5.1967 1.2480 1.4865 220 225 230
5.2012 1.2450 1.5424 220 225 230
5.2039 1.2448 1.5967 220 225 230
5.2015 1.2443 1.6528 220 225 230
5.2004 1.2473 1.7066 220 225 230
5.2040 1.2477 1.7624 220 225 230
5.1979 1.2444 1.8114 220 225 230
5.2012 1.2480 1.8734 220 225 230
5.1968 1.2411 1.9329 220 225 230
5.2005 1.2443 1.9867 220 225 230
5.1985 1.2426 2.0395 220 225 230
5.2007 1.2398 2.0925 220 225 230
5.2033 1.2438 2.1486 220 225 230
5.1945 1.2518 2.2067 220 225 230
5.1936 1.2538 2.2597 220 225 230
5.1959 1.2400 2.3143 220 225 230
5.1985 1.2574 2.3699 220 225 230
5.1995 1.2423 2.4209 220 225 230
5.1916 1.2486 2.4807 220 225 230
5.1996 1.2478 2.5317 220 225 230
5.1938 1.2534 2.5871 220 225 230
5.2032 1.2473 2.6487 220 225 230
5.1996 1.2464 2.7071 220 225 230
5.1997 1.3074 0.0062 180 130 70
5.1984 1.3090 0.0572 180 130 70
5.1968 1.3087 0.1127 180 130 70
5.1899 1.3066 0.1655 180 130 70
5.2052 1.3098 0.2238 180 130 70
5.2113 1.3083 0.2713 180 130 70
5.1994 1.3117 0.3277 180 130 70
5.2058 1.3138 0.3883 180 130 70
5.2032 1.3070 0.4342 180 130 70
5.2009 1.3114 0.5014 180 130 70
5.2036 1.3061 0.5459 180 130 70
5.2018 1.3068 0.6036 180 130 70
5.2031 1.3108 0.6606 220 225 230
5.1941 1.3165 0.7224 220 225 230
5.2012 1.3102 0.7774 220 225 230
5.2002 1.3028 0.8206 220 225 230
5.1996 1.3091 0.8827 220 225 230
5.2069 1.3105 0.9407 220 225 230
5.2062 1.3092 0.9899 220 225 230
5.2060 1.3153 1.0479 220 225 230
5.2041 1.3109 1.1061 220 225 230
5.1953 1.3051 1.1638 220 225 230
5.2031 1.3110 1.2137 220 225 230
5.2000 1.3046 1.2695 220 225 230
5.2004 1.3081 1.3180 220 225 230
5.2075 1.3115 1.3716 220 225 230
5.2076 1.3108 1.4294 220 225 230
5.2029 1.3084 1.4882 220 225 230
5.1923 1.3053 1.5434 220 225 230
5.2007 1.3061 1.5916 220 225 230
5.2063 1.3108 1.6479 220 225 230
5.1984 1.3153 1.7078 220 225 230
5.1990 1.3065 1.7699 220 225 230
5.1971 1.3120 1.8226 220 225 230
5.1967 1.3032 1.8650 220 225 230
5.2055 1.3039 1.9336 220 225 230
5.2027 1.3014 1.9830 220 225 230
5.1960 1.3130 2.0373 220 225 230
5.2016 1.3066 2.0875 220 225 230
5.2019 1.2955 2.1534 220 225 230
5.1981 1.3044 2.1999 220 225 230
5.2004 1.3085 2.2616 220 225 230
5.2034 1.3071 2.3164 220 225 230
5.1982 1.3080 2.3679 220 225 230
5.2058 1.3068 2.4335 220 225 230
5.2034 1.3079 2.4781 220 225 230
5.1982 1.3050 2.5436 220 225 230
5.1969 1.3055 2.5947 220 225 230
5.1994 1.3085 2.6468 220 225 230
5.1961 1.3059 2.6963 220 225 230
5.2055 1.3724 -0.0023 180 130 70
5.1964 1.3656 0.0571 180 130 70
5.1997 1.3707 0.1156 180 130 70
5.1968 1.3752 0.1664 180 130 70
5.2001 1.3782 0.2165 180 130 70
5.2004 1.3677 0.2694 180 130 70
5.2007 1.3653 0.3378 180 130 70
5.1939 1.3627 0.3796 180 130 70
5.2014 1.3739 0.4380 180 130 70
5.2001 1.3723 0.5022 180 130 70
5.2012 1.3687 0.5469 180 130 70
5.1991 1.3673 0.5971 180 130 70
5.2001 1.3703 0.6601 220 225 230
5.1980 1.3729 0.7176 220 225 230
5.2028 1.3662 0.7689 220 225 230
5.2066 1.3725 0.8202 220 225 230
5.2024 1.3806 0.8810 220 225 230
5.2043 1.3770 0.9321 220 225 230
5.2028 1.3655 0.9866 220 225 230
5.1982 1.3682 1.0467 220 225 230
5.1979 1.3720 1.1051 220 225 230
5.2027 1.3736 1.1575 220 225 230
5.2026 1.3702 1.2133 220 225 230
5.1976 1.3755 1.2712 220 225 230
5.2005 1.3718 1.3205 220 225 230
5.1989 1.3678 1.3767 220 225 230
5.1921 1.3670 1.4286 220 225 230
5.2066 1.3699 1.4847 220 225 230
5.1985 1.3741 1.5407 220 225 230
5.1956 1.3653 1.6040 220 225 230
5.1991 1.3720 1.6565 220 225 230
5.2030 1.3739 1.7096 220 225 230
5.1986 1.3682 1.7665 220 225 230
5.2047 1.3685 1.8152 220 225 230
5.2096 1.3700 1.8691 220 225 230
5.2054 1.3726 1.9341 220 225 230
5.2030 1.3735 1.9843 220 225 230
5.1996 1.3664 2.0401 220 225 230
5.1975 1.3718 2.1009 220 225 230
5.1978 1.3689 2.1435 220 225 230
5.1970 1.3712 2.2065 220 225 230
5.1936 1.3741 2.2530 220 225 230
5.2025 1.3677 2.3111 220 225 230
5.2007 1.3663 2.3770 220 225 230
5.2008 1.3662 2.4223 220 225 230
5.2083 1.3697 2.4825 220 225 230
5.1994 1.3718 2.5320 220 225 230
5.1974 1.3775 2.5898 220 225 230
5.1941 1.3662 2.6430 220 225 230
5.2029 1.3702 2.7014 220 225 230
5.1971 1.4326 -0.0002 180 130 70
5.2009 1.4294 0.0523 180 130 70
5.2002 1.4321 0.1110 180 130 70
5.1982 1.4272 0.1700 180 130 70
5.2017 1.4342 0.2177 180 130 70
5.1997 1.4379 0.2718 180 130 70
5.2022 1.4290 0.3289 180 130 70
5.1975 1.4401 0.3833 180 130 70
5.2084 1.4337 0.4330 180 130 70
5.1971 1.4308 0.4958 180 130 70
5.2012 1.4353 0.5557 180 130 70
5.2019 1.4337 0.6088 180 130 70
5.2023 1.4293 0.6654 220 225 230
5.1999 1.4306 0.7193 220 225 230
5.1961 1.4325 0.7712 220 225 230
5.1943 1.4300 0.8263 220 225 230
5.2048 1.4276 0.8835 220 225 230
5.1930 1.4267 0.9401 220 225 230
5.2032 1.4346 0.9894 220 225 230
5.2019 1.4315 1.0543 220 225 230
5.1988 1.4331 1.0978 220 225 230
5.2001 1.4372 1.1607 220 225 230
5.1999 1.4351 1.2103 220 225 230
5.2003 1.4349 1.2660 220 225 230
5.1917 1.4339 1.3306 220 225 230
5.2053 1.4285 1.3817 220 225 230
5.1994 1.4330 1.4345 220 225 230
5.1986 1.4345 1.4930 220 225 230
5.2024 1.4240 1.5402 220 225 230
5.2024 1.4353 1.5927 220 225 230
5.2008 1.4321 1.6564 220 225 230
5.2023 1.4306 1.7047 220 225 230
5.1999 1.4376 1.7624 220 225 230
5.1965 1.4353 1.8137 220 225 230
5.1990 1.4292 1.8772 220 225 230
5.2002 1.4347 1.9271 220 225 230
5.2043 1.4321 1.9817 220 225 230
5.1980 1.4306 2.0403 220 225 230
5.2008 1.4322 2.0893 220 225 230
5.1983 1.4374 2.1511 220 225 230
5.1953 1.4313 2.2092 220 225 230
5.2018 1.4369 2.2574 220 225 230
5.2066 1.4307 2.3155 220 225 230
5.2023 1.4327 2.3763 220 225 230
5.1977 1.4362 2.4187 220 225 230
5.1996 1.4306 2.4793 220 225 230
5.1992 1.4291 2.5344 220 225 230
5.1991 1.4345 2.5863 220 225 230
5.2023 1.4388 2.6466 220 225 230
5.1989 1.4267 2.6993 220 225 230
5.1977 1.4977 -0.0006 180 130 70
5.1903 1.4937 0.0504 180 130 70
5.1934 1.4968 0.1133 180 130 70
5.2027 1.5010 0.1764 180 130 70
5.2021 1.4913 0.2222 180 130 70
5.1967 1.5050 0.2730 180 130 70
5.2041 1.5007 0.3231 180 130 70
5.2006 1.4949 0.3791 180 130 70
5.2057 1.4930 0.4487 180 130 70
5.2003 1.5033 0.4985 180 130 70
5.1954 1.4915 0.5513 180 130 70
5.2015 1.4901 0.6046 180 130 70
5.1950 1.4929 0.6621 220 225 230
5.1993 1.4978 0.7210 220 225 230
5.2039 1.4956 0.7793 220 225 230
5.2026 1.4915 0.8197 220 225 230
5.2019 1.4991 0.8836 220 225 230
5.1992 1.4906 0.9336 220 225 230
5.2028 1.5028 0.9925 220 225 230
5.1997 1.4935 1.0486 220 225 230
5.1955 1.5015 1.0966 220 225 230
5.2056 1.4963 1.1601 220 225 230
5.1980 1.4962 1.2135 220 225 230
5.1992 1.4893 1.2607 220 225 230
5.2019 1.4982 1.3305 220 225 230
5.1991 1.4997 1.3808 220 225 230
5.1974 1.4920 1.4297 220 225 230
5.2003 1.4969 1.4869 220 225 230
5.2047 1.4914 1.5378 220 225 230
5.2015 1.4973 1.5919 220 225 230
5.1931 1.4965 1.6565 220 225 230
5.1951 1.4971 1.7096 220 225 230
5.2043 1.4968 1.7606 220 225 230
5.2016 1.4942 1.8241 220 225 230
5.2089 1.4931 1.8797 220 225 230
5.1941 1.4952 1.9338 220 225 230
5.1984 1.4834 1.9859 220 225 230
5.2038 1.4963 2.0459 220 225 230
5.2015 1.4928 2.0962 220 225 230
5.2034 1.4948 2.1502 220 225 230
5.1976 1.4904 2.2114 220 225 230
5.1986 1.4941 2.2516 220 225 230
5.2100 1.4959 2.3105 220 225 230
5.1994 1.4997 2.3747 220 225 230
5.2036 1.4919 2.4264 220 225 230
5.2019 1.4986 2.4738 220 225 230
5.2093 1.4942 2.5378 220 225 230
5.2028 1.4933 2.5891 220 225 230
5.2040 1.4971 2.6406 220 225 230
5.2061 1.4928 2.6992 220 225 230
5.2007 1.5536 -0.0039 180 130 70
5.2040 1.5545 0.0615 180 130 70
5.2021 1.5572 0.1118 180 130 70
5.1987 1.5631 0.1648 180 130 70
5.2014 1.5566 0.2242 180 130 70
5.2081 1.5630 0.2775 180 130 70
5.1930 1.5542 0.3393 180 130 70
5.1949 1.5571 0.3938 180 130 70
5.2005 1.5580 0.4473 180 130 70
5.1976 1.5542 0.4914 180 130 70
5.1979 1.5634 0.5434 180 130 70
5.1983 1.5566 0.5983 180 130 70
5.2032 1.5586 0.6624 220 225 230
5.2019 1.5546 0.7191 220 225 230
5.2032 1.5561 0.7682 220 225 230
5.1972 1.5611 0.8298 220 225 230
5.2055 1.5575 0.8755 220 225 230
5.1995 1.5587 0.9393 220 225 230
5.2026 1.5611 0.9996 220 225 230
5.2038 1.5653 1.0455 220 225 230
5.2003 1.5577 1.1074 220 225 230
5.2084 1.5538 1.1588 220 225 230
5.2012 1.5543 1.2126 220 225 230
5.1975 1.5595 1.2667 220 225 230
5.2036 1.5566 1.3203 220 225 230
5.1964 1.5584 1.3808 220 225 230
5.1957 1.5599 1.4260 220 225 230
5.2017 1.5579 1.4874 220 225 230
5.2028 1.5630 1.5501 220 225 230
5.1947 1.5614 1.5898 220 225 230
5.2026 1.5557 1.6627 220 225 230
5.1984 1.5591 1.7054 220 225 230
5.2032 1.5614 1.7695 220 225 230
5.1971 1.5534 1.8127 220 225 230
5.2015 1.5613 1.8820 220 225 230
5.2027 1.5485 1.9241 220 225 230
5.2043 1.5564 1.9905 220 225 230
5.1953 1.5520 2.0435 220 225 230
5.1964 1.5516 2.0988 220 225 230
5.1985 1.5603 2.1498 220 225 230
5.1965 1.5607 2.2047 220 225 230
5.2022 1.5551 2.2596 220 225 230
5.2028 1.5562 2.3160 220 225 230
5.2010 1.5583 2.3659 220 225 230
5.1967 1.5580 2.4238 220 225 230
5.1962 1.5531 2.4818 220 225 230
5.1994 1.5592 2.5338 220 225 230
5.1995 1.5535 2.5878 220 225 230
5.1987 1.5542 2.6434 220 225 230
5.2030 1.5619 2.6916 220 225 230
5.1972 1.6240 -0.0096 180 130 70
5.2007 1.6265 0.0499 180 130 70
5.1925 1.6238 0.1076 180 130 70
5.1987 1.6162 0.1652 180 130 70
5.2055 1.6083 0.2207 180 130 70
5.1964 1.6226 0.2767 180 130 70
5.2036 1.6256 0.3323 180 130 70
5.1948 1.6186 0.3811 180 130 70
5.2021 1.6178 0.4361 180 130 70
5.1966 1.6168 0.5006 180 130 70
5.1996 1.6246 0.5531 180 130 70
5.2109 1.6193 0.6091 180 130 70
5.1978 1.6255 0.6585 220 225 230
5.2035 1.6212 0.7186 220 225 230
5.1984 1.6213 0.7700 220 225 230
5.1982 1.6198 0.8227 220 225 230
5.1962 1.6187 0.8827 220 225 230
5.1992 1.6178 0.9333 220 225 230
5.1982 1.6207 0.9955 220 225 230
5.2084 1.6239 1.0456 220 225 230
5.2018 1.6273 1.1029 220 225 230
5.2012 1.6226 1.1515 220 225 230
5.1996 1.6125 1.2132 220 225 230
5.2052 1.6244 1.2691 220 225 230
5.2013 1.6201 1.3256 220 225 230
5.1893 1.6172 1.3786 220 225 230
5.1991 1.6221 1.4326 220 225 230
5.2012 1.6251 1.4857 220 225 230
5.2012 1.6223 1.5464 220 225 230
5.1970 1.6217 1.5977 220 225 230
5.1968 1.6158 1.6482 220 225 230
5.2047 1.6209 1.7069 220 225 230
5.1976 1.6193 1.7599 220 225 230
5.2060 1.6189 1.8212 220 225 230
5.1998 1.6151 1.8729 220 225 230
5.2032 1.6171 1.9356 220 225 230
5.2006 1.6212 1.9899 220 225 230
5.2030 1.6157 2.0406 220 225 230
5.2023 1.6194 2.0916 220 225 230
5.2064 1.6191 2.1467 220 225 230
5.1978 1.6173 2.2068 220 225 230
5.1984 1.6244 2.2584 220 225 230
5.1916 1.6261 2.3122 220 225 230
5.2010 1.6229 2.3678 220 225 230
5.2076 1.6148 2.4237 220 225 230
5.1989 1.6235 2.4762 220 225 230
5.1992 1.6213 2.5378 220 225 230
5.1950 1.6161 2.5892 220 225 230
5.2023 1.6264 2.6433 220 225 230
5.1959 1.6211 2.6990 220 225 230
5.2030 1.6853 -0.0091 180 130 70
5.2041 1.6810 0.0595 180 130 70
5.1974 1.6865 0.1162 180 130 70
5.2016 1.6832 0.1707 180 130 70
5.1979 1.6746 0.2261 180 130 70
5.2047 1.6813 0.2786 180 130 70
5.1956 1.6811 0.3307 180 130 70
5.1926 1.6870 0.3814 180 130 70
5.2060 1.6819 0.4362 180 130 70
5.2004 1.6809 0.5042 180 130 70
5.1984 1.6870 0.5542 180 130 70
5.1977 1.6754 0.6138 180 130 70
5.1983 1.6785 0.6591 220 225 230
5.1997 1.6905 0.7149 220 225 230
5.2044 1.6788 0.7705 220 225 230
5.1975 1.6850 0.8230 220 225 230
5.2023 1.6853 0.8853 220 225 230
5.1996 1.6879 0.9412 220 225 230
5.2001 1.6803 0.9863 220 225 230
5.1989 1.6817 1.0475 220 225 230
5.2009 1.6804 1.1007 220 225 230
5.1939 1.6779 1.1599 220 225 230
5.2039 1.6878 1.2188 220 225 230
5.2030 1.6825 1.2736 220 225 230
5.1987 1.6875 1.3227 220 225 230
5.1991 1.6814 1.3767 220 225 230
5.1993 1.6762 1.4333 220 225 230
5.2034 1.6811 1.4864 220 225 230
5.1968 1.6851 1.5392 220 225 230
5.1996 1.6835 1.6031 220 225 230
5.1976 1.6821 1.6552 220 225 230
5.2005 1.6825 1.7102 220 225 230
5.1990 1.6926 1.7606 220 225 230
5.2066 1.6789 1.8180 220 225 230
5.1977 1.6845 1.8752 220 225 230
5.2047 1.6856 1.9273 220 225 230
5.2001 1.6829 1.9746 220 225 230
5.2013 1.6820 2.0420 220 225 230
5.2040 1.6813 2.0902 220 225 230
5.2003 1.6854 2.1460 220 225 230
5.2024 1.6890 2.2016 220 225 230
5.2052 1.6799 2.2598 220 225 230
5.2035 1.6845 2.3138 220 225 230
5.2033 1.6806 2.3637 220 225 230
5.2048 1.6881 2.4289 220 225 230
5.1983 1.6772 2.4864 220 225 230
5.1931 1.6799 2.5327 220 225 230
5.1980 1.6878 2.5931 220 225 230
5.2043 1.6868 2.6441 220 225 230
5.2003 1.6879 2.7027 220 225 230
5.2046 1.7470 -0.0005 180 130 70
5.2016 1.7405 0.0588 180 130 70
5.1963 1.7451 0.1083 180 130 70
5.1994 1.7385 0.1633 180 130 70
5.1982 1.7440 0.2162 180 130 70
5.2044 1.7474 0.2793 180 130 70
5.2083 1.7469 0.3299 180 130 70
5.2044 1.7366 0.3918 180 130 70
5.2049 1.7472 0.4427 180 130 70
5.2010 1.7478 0.4949 180 130 70
5.1991 1.7417 0.5555 180 130 70
5.2042 1.7471 0.6042 180 130 70
5.2016 1.7510 0.6578 220 225 230
5.2015 1.7493 0.7112 220 225 230
5.1995 1.7497 0.7657 220 225 230
5.2022 1.7455 0.8275 220 225 230
5.1973 1.7431 0.8821 220 225 230
5.2076 1.7499 0.9356 220 225 230
5.2014 1.7418 0.9874 220 225 230
5.1985 1.7444 1.0518 220 225 230
5.2063 1.7376 1.1021 220 225 230
5.1954 1.7346 1.1603 220 225 230
5.1959 1.7477 1.2099 220 225 230
5.1959 1.7477 1.2699 220 225 230
5.2065 1.7399 1.3197 220 225 230
5.2000 1.7407 1.3758 220 225 230
5.1936 1.7498 1.4360 220 225 230
5.2051 1.7430 1.4845 220 225 230
5.1996 1.7443 1.5388 220 225 230
5.2049 1.7488 1.5978 220 225 230
5.1949 1.7527 1.6564 220 225 230
5.2002 1.7439 1.7076 220 225 230
5.1894 1.7412 1.7660 220 225 230
5.1954 1.7441 1.8201 220 225 230
5.2019 1.7469 1.8738 220 225 230
5.1994 1.7295 1.9300 220 225 230
5.1996 1.7456 1.9829 220 225 230
5.1957 1.7408 2.0324 220 225 230
5.1995 1.7483 2.0865 220 225 230
5.2021 1.7417 2.1485 220 225 230
5.2020 1.7431 2.2048 220 225 230
5.2037 1.7436 2.2599 220 225 230
5.1967 1.7410 2.3157 220 225 230
5.2000 1.7427 2.3685 220 225 230
5.1970 1.7529 2.4274 220 225 230
5.2054 1.7427 2.4806 220 225 230
5.2006 1.7476 2.5348 220 225 230
5.2025 1.7504 2.5942 220 225 230
5.2025 1.7505 2.6453 220 225 230
5.2039 1.7446 2.6991 220 225 230
5.1960 1.8094 0.0016 180 130 70
5.2014 1.8061 0.0605 180 130 70
5.1993 1.8083 0.1100 180 130 70
5.2007 1.8103 0.1587 180 130 70
5.2009 1.8086 0.2211 180 130 70
5.2010 1.8129 0.2824 180 130 70
5.1947 1.8080 0.3237 180 130 70
5.1982 1.8055 0.3835 180 130 70
5.2063 1.8003 0.4437 180 130 70
5.2017 1.8084 0.4979 180 130 70
5.1948 1.8027 0.5470 180 130 70
5.1971 1.8073 0.6030 180 130 70
5.1990 1.8088 0.6648 220 225 230
5.2043 1.8073 0.7229 220 225 230
5.2102 1.8161 0.7695 220 225 230
5.2048 1.8018 0.8276 220 225 230
5.2012 1.8076 0.8824 220 225 230
5.1957 1.8089 0.9370 220 225 230
5.1990 1.8044 0.9962 220 225 230
5.1983 1.8117 1.0431 220 225 230
5.2030 1.8048 1.1013 220 225 230
5.2028 1.8070 1.1577 220 225 230
5.2016 1.8061 1.2074 220 225 230
5.2024 1.8113 1.2611 220 225 230
5.2004 1.8119 1.3223 220 225 230
5.2034 1.8121 1.3717 220 225 230
5.2044 1.8000 1.4326 220 225 230
5.1948 1.8072 1.4843 220 225 230
5.2052 1.8034 1.5392 220 225 230
5.1960 1.8073 1.6006 220 225 230
5.1981 1.8015 1.6484 220 225 230
5.1917 1.8051 1.7029 220 225 230
5.1996 1.8058 1.7592 220 225 230
5.1949 1.8064 1.8221 220 225 230
5.2012 1.8138 1.8725 220 225 230
5.2052 1.8052 1.9320 220 225 230
5.1965 1.8040 1.9857 220 225 230
5.1990 1.8046 2.0400 220 225 230
5.2067 1.8089 2.0986 220 225 230
5.1969 1.8138 2.1477 220 225 230
5.2021 1.8132 2.2100 220 225 230
5.2040 1.8128 2.2620 220 225 230
5.1996 1.8072 2.3202 220 225 230
5.1945 1.8047 2.3655 220 225 230
5.1972 1.8127 2.4285 220 225 230
5.1936 1.8037 2.4786 220 225 230
5.2039 1.8094 2.5311 220 225 230
5.1979 1.8041 2.5826 220 225 230
5.1985 1.8006 2.6492 220 225 230
5.1941 1.8134 2.6981 220 225 230
5.2004 1.8672 -0.0053 180 130 70
5.1924 1.8732 0.0557 180 130 70
5.2084 1.8692 0.1061 180 130 70
5.2010 1.8680 0.1625 180 130 70
5.2021 1.8741 0.2217 180 130 70
5.2024 1.8685 0.2729 180 130 70
5.1936 1.8690 0.3250 180 130 70
5.2018 1.8736 0.3826 180 130 70
5.1956 1.8706 0.4382 180 130 70
5.1982 1.8758 0.4919 180 130 70
5.2042 1.8637 0.5451 180 130 70
5.1926 1.8716 0.6051 180 130 70
5.1999 1.8687 0.6602 220 225 230
5.2000 1.8790 0.7143 220 225 230
5.1998 1.8702 0.7736 220 225 230
5.2022 1.8665 0.8282 220 225 230
5.1994 1.8645 0.8777 220 225 230
5.1959 1.8715 0.9392 220 225 230
5.1994 1.8645 0.9921 220 225 230
5.2051 1.8638 1.0455 220 225 230
5.1991 1.8745 1.1111 220 225 230
5.1970 1.8641 1.1585 220 225 230
5.1953 1.8670 1.2094 220 225 230
5.1955 1.8684 1.2644 220 225 230
5.2049 1.8708 1.3249 220 225 230
5.2007 1.8666 1.3705 220 225 230
5.1959 1.8702 1.4350 220 225 230
5.1916 1.8670 1.4883 220 225 230
5.1959 1.8698 1.5396 220 225 230
5.2104 1.8670 1.5921 220 225 230
5.1956 1.8672 1.6493 220 225 230
5.1933 1.8654 1.7027 220 225 230
5.2006 1.8661 1.7634 220 225 230
5.2000 1.8678 1.8227 220 225 230
5.1956 1.8697 1.8727 220 225 230
5.2071 1.8764 1.9290 220 225 230
5.1915 1.8668 1.9855 220 225 230
5.2019 1.8755 2.0374 220 225 230
5.1958 1.8671 2.0859 220 225 230
5.2042 1.8670 2.1463 220 225 230
5.2087 1.8706 2.2059 220 225 230
5.2027 1.8681 2.2679 220 225 230
5.2040 1.8774 2.3131 220 225 230
5.1972 1.8663 2.3694 220 225 230
5.1945 1.8681 2.4263 220 225 230
5.1942 1.8781 2.4866 220 225 230
5.2016 1.8697 2.5313 220 225 230
5.2001 1.8735 2.5884 220 225 230
5.2006 1.8720 2.6469 220 225 230
5.1928 1.8657 2.6960 220 225 230
5.1963 1.9339 0.0028 180 130 70
5.2062 1.9343 0.0564 180 130 70
5.2011 1.9313 0.1174 180 130 70
5.1985 1.9339 0.1609 180 130 70
5.2050 1.9391 0.2267 180 130 70
5.1938 1.9347 0.2749 180 130 70
5.2050 1.9310 0.3283 180 130 70
5.1949 1.9320 0.3811 180 130 70
5.1948 1.9306 0.4353 180 130 70
5.1943 1.9338 0.4896 180 130 70
5.1969 1.9319 0.5538 180 130 70
5.1989 1.9341 0.6023 180 130 70
5.2008 1.9292 0.6626 220 225 230
5.1947 1.9318 0.7156 220 225 230
5.2007 1.9275 0.7748 220 225 230
5.1921 1.9267 0.8242 220 225 230
5.1998 1.9276 0.8864 220 225 230
5.1999 1.9279 0.9393 220 225 230
5.2017 1.9324 0.9934 220 225 230
5.1974 1.9334 1.0444 220 225 230
5.1971 1.9332 1.1074 220 225 230
5.1941 1.9362 1.1616 220 225 230
5.2032 1.9324 1.2166 220 225 230
5.2070 1.9295 1.2736 220 225 230
5.2004 1.9265 1.3228 220 225 230
5.2006 1.9418 1.3735 220 225 230
5.2019 1.9290 1.4331 220 225 230
5.1974 1.9310 1.4907 220 225 230
5.1996 1.9287 1.5350 220 225 230
5.2020 1.9284 1.5893 220 225 230
5.2028 1.9339 1.6517 220 225 230
5.1935 1.9326 1.7126 220 225 230
5.2029 1.9299 1.7687 220 225 230
5.2010 1.9283 1.8207 220 225 230
5.1991 1.9284 1.8703 220 225 230
5.1943 1.9330 1.9284 220 225 230
5.1994 1.9353 1.9864 220 225 230
5.2088 1.9269 2.0402 220 225 230
5.2014 1.9342 2.1015 220 225 230
5.1953 1.9441 2.1521 220 225 230
5.2016 1.9368 2.2097 220 225 230
5.2066 1.9360 2.2599 220 225 230
5.1988 1.9263 2.3233 220 225 230
5.1981 1.9254 2.3646 220 225 230
5.1985 1.9310 2.4213 220 225 230
5.1973 1.9290 2.4781 220 225 230
5.2029 1.9347 2.5355 220 225 230
5.2034 1.9351 2.5835 220 225 230
5.2017 1.9354 2.6438 220 225 230
5.1968 1.9263 2.7048 220 225 230
5.1944 1.9901 -0.0012 180 130 70
5.1986 1.9987 0.0558 180 130 70
5.2070 1.9926 0.1076 180 130 70
5.2029 1.9987 0.1690 180 130 70
5.1979 1.9971 0.2250 180 130 70
5.2026 1.9912 0.2765 180 130 70
5.1956 1.9962 0.3326 180 130 70
5.2043 1.9960 0.3823 180 130 70
5.1955 1.9941 0.4398 180 130 70
5.1972 1.9946 0.4992 180 130 70
5.1978 1.9928 0.5487 180 130 70
5.1947 1.9886 0.6048 180 130 70
5.2001 1.9888 0.6576 220 225 230
5.2021 1.9929 0.7242 220 225 230
5.2019 1.9992 0.7660 220 225 230
5.1976 1.9919 0.8219 220 225 230
5.1979 1.9961 0.8893 220 225 230
5.2023 1.9916 0.9403 220 225 230
5.2007 1.9972 0.9910 220 225 230
5.2017 1.9959 1.0487 220 225 230
5.1893 1.9938 1.1004 220 225 230
5.1983 1.9949 1.1577 220 225 230
5.1964 1.9976 1.2107 220 225 230
5.2045 1.9925 1.2704 220 225 230
5.2015 1.9996 1.3209 220 225 230
5.1994 1.9926 1.3765 220 225 230
5.1874 1.9941 1.4426 220 225 230
5.1990 1.9933 1.4981 220 225 230
5.1952 1.9948 1.5375 220 225 230
5.1987 1.9916 1.5999 220 225 230
5.1975 1.9906 1.6553 220 225 230
5.2011 1.9933 1.7108 220 225 230
5.2029 2.0030 1.7681 220 225 230
5.2061 1.9978 1.8199 220 225 230
5.2057 1.9907 1.8808 220 225 230
5.1923 1.9884 1.9273 220 225 230
5.1986 1.9863 1.9843 220 225 230
5.2057 1.9856 2.0443 220 225 230
5.1937 1.9884 2.0878 220 225 230
5.1960 1.9893 2.1501 220 225 230
5.1984 1.9940 2.1991 220 225 230
5.1996 1.9974 2.2632 220 225 230
5.1977 1.9991 2.3136 220 225 230
5.2011 1.9864 2.3708 220 225 230
5.1983 1.9997 2.4286 220 225 230
5.1990 1.9934 2.4739 220 225 230
5.2003 1.9988 2.5370 220 225 230
5.2030 2.0012 2.5867 220 225 230
5.1996 1.9887 2.6458 220 225 230
5.1985 2.0005 2.7018 220 225 230
5.2024 2.0539 -0.0067 180 130 70
5.1958 2.0564 0.0553 180 130 70
5.1995 2.0529 0.1200 180 130 70
5.2009 2.0595 0.1656 180 130 70
5.1993 2.0542 0.2192 180 130 70
5.2014 2.0569 0.2760 180 130 70
5.2053 2.0554 0.3347 180 130 70
5.2009 2.0541 0.3885 180 130 70
5.2004 2.0613 0.4427 180 130 70
5.2016 2.0555 0.4949 180 130 70
5.2005 2.0575 0.5485 180 130 70
5.2022 2.0599 0.6120 180 130 70
5.2014 2.0634 0.6646 220 225 230
5.1891 2.0558 0.7203 220 225 230
5.1939 2.0537 0.7717 220 225 230
5.1947 2.0550 0.8304 220 225 230
5.2085 2.0549 0.8838 220 225 230
5.1976 2.0598 0.9280 220 225 230
5.2028 2.0584 0.9887 220 225 230
5.2056 2.0565 1.0490 220 225 230
5.2016 2.0551 1.0981 220 225 230
5.2014 2.0600 1.1619 220 225 230
5.2083 2.0558 1.2127 220 225 230
5.2023 2.0535 1.2608 220 225 230
5.2063 2.0552 1.3184 220 225 230
5.1974 2.0528 1.3770 220 225 230
5.1973 2.0631 1.4371 220 225 230
5.2059 2.0564 1.4841 220 225 230
5.2038 2.0586 1.5459 220 225 230
5.1970 2.0562 1.5968 220 225 230
5.2002 2.0619 1.6522 220 225 230
5.2067 2.0609 1.7070 220 225 230
5.2053 2.0562 1.7655 220 225 230
5.2050 2.0620 1.8169 220 225 230
5.2029 2.0631 1.8791 220 225 230
5.2035 2.0602 1.9253 220 225 230
5.1980 2.0610 1.9879 220 225 230
5.1990 2.0536 2.0443 220 225 230
5.1974 2.0520 2.0885 220 225 230
5.2010 2.0567 2.1457 220 225 230
5.1947 2.0534 2.2015 220 225 230
5.2036 2.0588 2.2642 220 225 230
5.1996 2.0584 2.3179 220 225 230
5.2054 2.0563 2.3666 220 225 230
5.2010 2.0567 2.4264 220 225 230
5.1996 2.0552 2.4741 220 225 230
5.2049 2.0556 2.5404 220 225 230
5.1953 2.0599 2.5932 220 225 230
5.1985 2.0535 2.6459 220 225 230
5.1951 2.0544 2.6959 220 225 230
5.2029 2.1175 -0.0021 180 130 70
5.1985 2.1157 0.0524 180 130 70
5.1980 2.1213 0.1110 180 130 70
5.1977 2.1136 0.1627 180 130 70
5.1976 2.1183 0.2140 180 130 70
5.2055 2.1155 0.2788 180 130 70
5.1938 2.1186 0.3252 180 130 70
5.1987 2.1161 0.3863 180 130 70
5.1987 2.1176 0.4403 180 130 70
5.1978 2.1224 0.4966 180 130 70
5.1965 2.1147 0.5504 180 130 70
5.1910 2.1248 0.6026 180 130 70
5.2024 2.1124 0.6509 220 225 230
5.1967 2.1198 0.7147 220 225 230
5.1957 2.1211 0.7751 220 225 230
5.1976 2.1139 0.8239 220 225 230
5.2106 2.1202 0.8863 220 225 230
5.1923 2.1176 0.9370 220 225 230
5.2063 2.1221 0.9940 220 225 230
5.1941 2.1223 1.0468 220 225 230
5.2020 2.1165 1.1031 220 225 230
5.2034 2.1186 1.1587 220 225 230
5.2012 2.1214 1.2145 220 225 230
5.2017 2.1153 1.2614 220 225 230
5.1994 2.1149 1.3255 220 225 230
5.1993 2.1252 1.3755 220 225 230
5.2015 2.1188 1.4310 220 225 230
5.1962 2.1159 1.4906 220 225 230
5.2098 2.1181 1.5466 220 225 230
5.2004 2.1186 1.5991 220 225 230
5.1994 2.1191 1.6570 220 225 230
5.2050 2.1285 1.7056 220 225 230
5.2011 2.1216 1.7641 220 225 230
5.1991 2.1149 1.8163 220 225 230
5.1989 2.1173 1.8799 220 225 230
5.2007 2.1219 1.9238 220 225 230
5.1985 2.1159 1.9761 220 225 230
5.1976 2.1214 2.0390 220 225 230
5.1969 2.1241 2.0975 220 225 230
5.2008 2.1161 2.1497 220 225 230
5.2000 2.1200 2.2073 220 225 230
5.2015 2.1134 2.2552 220 225 230
5.2007 2.1182 2.3187 220 225 230
5.1964 2.1294 2.3677 220 225 230
5.2064 2.1196 2.4267 220 225 230
5.1951 2.1117 2.4762 220 225 230
5.2031 2.1144 2.5332 220 225 230
5.2004 2.1184 2.5870 220 225 230
5.2010 2.1121 2.6426 220 225 230
5.1947 2.1224 2.6961 220 225 230
5.1947 2.1846 0.0023 180 130 70
5.2013 2.1801 0.0469 180 130 70
5.1969 2.1841 0.1121 180 130 70
5.1919 2.1755 0.1603 180 130 70
5.1942 2.1797 0.2278 180 130 70
5.2001 2.1782 0.2735 180 130 70
5.1988 2.1750 0.3299 180 130 70
5.1972 2.1767 0.3881 180 130 70
5.2071 2.1772 0.4349 180 130 70
5.1963 2.1764 0.5001 180 130 70
5.2018 2.1814 0.5562 180 130 70
5.2004 2.1816 0.6053 180 130 70
5.1968 2.1839 0.6600 220 225 230
5.2018 2.1815 0.7107 220 225 230
5.1942 2.1774 0.7725 220 225 230
5.2009 2.1850 0.8201 220 225 230
5.2035 2.1834 0.8751 220 225 230
5.1982 2.1862 0.9349 220 225 230
5.2016 2.1809 0.9989 220 225 230
5.1977 2.1818 1.0398 220 225 230
5.2004 2.1786 1.1035 220 225 230
5.1999 2.1845 1.1535 220 225 230
5.2042 2.1862 1.2070 220 225 230
5.1974 2.1874 1.2657 220 225 230
5.1980 2.1730 1.3266 220 225 230
5.1977 2.1708 1.3779 220 225 230
5.1997 2.1819 1.4350 220 225 230
5.1985 2.1871 1.4854 220 225 230
5.1954 2.1780 1.5421 220 225 230
5.2028 2.1751 1.5993 220 225 230
5.1970 2.1810 1.6535 220 225 230
5.1971 2.1803 1.7009 220 225 230
5.1986 2.1830 1.7594 220 225 230
5.2011 2.1784 1.8157 220 225 230
5.1989 2.1792 1.8689 220 225 230
5.1957 2.1775 1.9282 220 225 230
5.1991 2.1766 1.9804 220 225 230
5.1986 2.1837 2.0427 220 225 230
5.2042 2.1736 2.0940 220 225 230
5.1984 2.1822 2.1460 220 225 230
5.2045 2.1818 2.2045 220 225 230
5.1974 2.1820 2.2598 220 225 230
5.1983 2.1836 2.3076 220 225 230
5.1961 2.1789 2.3706 220 225 230
5.1980 2.1808 2.4270 220 225 230
5.2039 2.1821 2.4767 220 225 230
5.1999 2.1753 2.5378 220 225 230
5.1935 2.1843 2.5874 220 225 230
5.2052 2.1765 2.6475 220 225 230
5.1992 2.1823 2.6992 220 225 230
5.1949 2.2399 0.0012 180 130 70
5.2038 2.2465 0.0513 180 130 70
5.1968 2.2436 0.1125 180 130 70
5.2058 2.2409 0.1672 180 130 70
5.2006 2.2375 0.2226 180 130 70
5.2034 2.2450 0.2727 180 130 70
5.2003 2.2394 0.3307 180 130 70
5.1989 2.2460 0.3901 180 130 70
5.1953 2.2461 0.4515 180 130 70
5.2036 2.2448 0.4916 180 130 70
5.2003 2.2428 0.5488 180 130 70
5.1985 2.2395 0.6004 180 130 70
5.1978 2.2437 0.6542 220 225 230
5.2020 2.2443 0.7196 220 225 230
5.2061 2.2447 0.7675 220 225 230
5.2006 2.2402 0.8235 220 225 230
5.1994 2.2438 0.8833 220 225 230
5.2010 2.2360 0.9381 220 225 230
5.2011 2.2517 0.9959 220 225 230
5.2012 2.2408 1.0449 220 225 230
5.1975 2.2357 1.1016 220 225 230
5.1913 2.2453 1.1538 220 225 230
5.1998 2.2473 1.2085 220 225 230
5.1983 2.2414 1.2707 220 225 230
5.1944 2.2419 1.3289 220 225 230
5.1978 2.2380 1.3762 220 225 230
5.1976 2.2446 1.4306 220 225 230
5.1964 2.2453 1.4922 220 225 230
5.1950 2.2480 1.5453 220 225 230
5.2005 2.2416 1.5991 220 225 230
5.1992 2.2417 1.6539 220 225 230
5.2000 2.2435 1.7082 220 225 230
5.2107 2.2396 1.7649 220 225 230
5.1974 2.2449 1.8295 220 225 230
5.2021 2.2500 1.8762 220 225 230
5.1990 2.2498 1.9279 220 225 230
5.1994 2.2418 1.9837 220 225 230
5.1971 2.2395 2.0356 220 225 230
5.2006 2.2438 2.0940 220 225 230
5.2035 2.2355 2.1474 220 225 230
5.1936 2.2399 2.2022 220 225 230
5.2043 2.2395 2.2648 220 225 230
5.2004 2.2398 2.3114 220 225 230
5.2015 2.2376 2.3724 220 225 230
5.2056 2.2438 2.4208 220 225 230
5.2024 2.2423 2.4788 220 225 230
5.1947 2.2386 2.5366 220 225 230
5.1971 2.2432 2.5865 220 225 230
5.1960 2.2465 2.6411 220 225 230
5.2061 2.2544 2.7033 220 225 230
5.1969 2.3089 0.0012 180 130 70
5.2055 2.3095 0.0467 180 130 70
5.1976 2.3060 0.1191 180 130 70
5.1964 2.3077 0.1676 180 130 70
5.1993 2.3113 0.2260 180 130 70
5.1923 2.3067 0.2721 180 130 70
5.2027 2.3059 0.3251 180 130 70
5.1960 2.2951 0.3848 180 130 70
5.2045 2.3022 0.4458 180 130 70
5.2030 2.3025 0.4950 180 130 70
5.2019 2.3012 0.5538 180 130 70
5.1960 2.3014 0.6071 180 130 70
5.1978 2.3082 0.6561 220 225 230
5.2035 2.3042 0.7171 220 225 230
5.2014 2.3006 0.7684 220 225 230
5.2011 2.3055 0.8273 220 225 230
5.2041 2.3092 0.8838 220 225 230
5.2048 2.3050 0.9383 220 225 230
5.1999 2.3002 0.9896 220 225 230
5.2022 2.3035 1.0457 220 225 230
5.2017 2.3082 1.1021 220 225 230
5.1981 2.3120 1.1641 220 225 230
5.1990 2.3081 1.2088 220 225 230
5.1972 2.3096 1.2642 220 225 230
5.2053 2.3038 1.3176 220 225 230
5.1993 2.3064 1.3773 220 225 230
5.1967 2.3074 1.4341 220 225 230
5.2079 2.3079 1.4919 220 225 230
5.1966 2.3082 1.5397 220 225 230
5.1955 2.3056 1.5931 220 225 230
5.1911 2.3038 1.6540 220 225 230
5.1993 2.3039 1.7097 220 225 230
5.2018 2.3088 1.7633 220 225 230
5.2021 2.3038 1.8132 220 225 230
5.1957 2.3066 1.8667 220 225 230
5.2043 2.3081 1.9274 220 225 230
5.2018 2.3074 1.9761 220 225 230
5.1970 2.3021 2.0329 220 225 230
5.2079 2.3026 2.0905 220 225 230
5.1955 2.2986 2.1472 220 225 230
5.1994 2.3011 2.1991 220 225 230
5.1972 2.3025 2.2526 220 225 230
5.1980 2.3034 2.3142 220 225 230
5.1988 2.3123 2.3753 220 225 230
5.2029 2.3089 2.4291 220 225 230
5.2008 2.3130 2.4797 220 225 230
5.1994 2.3072 2.5348 220 225 230
5.1971 2.3036 2.5853 220 225 230
5.1954 2.3001 2.6496 220 225 230
5.2004 2.3020 2.7082 220 225 230
5.2007 2.3725 -0.0019 180 130 70
5.2038 2.3654 0.0552 180 130 70
5.2008 2.3713 0.1117 180 130 70
5.1982 2.3711 0.1693 180 130 70
5.2046 2.3626 0.2210 180 130 70
5.1973 2.3760 0.2717 180 130 70
5.2009 2.3687 0.3365 180 130 70
5.2026 2.3672 0.3903 180 130 70
5.2038 2.3684 0.4401 180 130 70
5.1957 2.3648 0.4973 180 130 70
5.2040 2.3677 0.5454 180 130 70
5.2003 2.3616 0.6066 180 130 70
5.2002 2.3689 0.6632 220 225 230
5.1962 2.3647 0.7155 220 225 230
5.1970 2.3690 0.7753 220 225 230
5.2003 2.3659 0.8316 220 225 230
5.1968 2.3708 0.8814 220 225 230
5.1960 2.3668 0.9425 220 225 230
5.2032 2.3697 0.9895 220 225 230
5.2002 2.3657 1.0456 220 225 230
5.1924 2.3626 1.1062 220 225 230
5.2012 2.3780 1.1608 220 225 230
5.2034 2.3671 1.2051 220 225 230
5.2010 2.3728 1.2762 220 225 230
5.1968 2.3638 1.3230 220 225 230
5.2043 2.3680 1.3743 220 225 230
5.2008 2.3709 1.4337 220 225 230
5.1980 2.3699 1.4868 220 225 230
5.1991 2.3635 1.5343 220 225 230
5.1974 2.3712 1.5926 220 225 230
5.1967 2.3700 1.6466 220 225 230
5.2001 2.3564 1.7045 220 225 230
5.2067 2.3653 1.7679 220 225 230
5.1922 2.3664 1.8214 220 225 230
5.1947 2.3646 1.8889 220 225 230
5.1986 2.3726 1.9256 220 225 230
5.1972 2.3671 1.9835 220 225 230
5.2031 2.3670 2.0401 220 225 230
5.1954 2.3705 2.0943 220 225 230
5.1936 2.3665 2.1541 220 225 230
5.2012 2.3700 2.2045 220 225 230
5.2017 2.3698 2.2587 220 225 230
5.2021 2.3713 2.3134 220 225 230
5.2038 2.3701 2.3731 220 225 230
5.2058 2.3719 2.4263 220 225 230
5.2001 2.3702 2.4808 220 225 230
5.2042 2.3692 2.5352 220 225 230
5.2041 2.3688 2.5873 220 225 230
5.2011 2.3704 2.6465 220 225 230
5.1975 2.3644 2.6975 220 225 230
5.1992 2.4251 0.0048 180 130 70
5.1989 2.4299 0.0580 180 130 70
5.1956 2.4323 0.1068 180 130 70
5.2045 2.4265 0.1632 180 130 70
5.1974 2.4232 0.2187 180 130 70
5.1996 2.4309 0.2751 180 130 70
5.2044 2.4357 0.3250 180 130 70
5.1978 2.4287 0.3784 180 130 70
5.2015 2.4319 0.4382 180 130 70
5.2017 2.4239 0.4951 180 130 70
5.1935 2.4336 0.5556 180 130 70
5.1979 2.4298 0.6156 180 130 70
5.1955 2.4307 0.6591 220 225 230
5.2149 2.4317 0.7192 220 225 230
5.2002 2.4316 0.7681 220 225 230
5.1938 2.4292 0.8335 220 225 230
5.1976 2.4265 0.8770 220 225 230
5.2077 2.4286 0.9382 220 225 230
5.2023 2.4363 0.9907 220 225 230
5.1985 2.4356 1.0464 220 225 230
5.2033 2.4367 1.0966 220 225 230
5.1999 2.4308 1.1602 220 225 230
5.1994 2.4380 1.2129 220 225 230
5.1990 2.4292 1.2709 220 225 230
5.2012 2.4294 1.3216 220 225 230
5.2024 2.4324 1.3768 220 225 230
5.2006 2.4333 1.4355 220 225 230
5.1987 2.4335 1.4893 220 225 230
5.2075 2.4268 1.5338 220 225 230
5.1989 2.4413 1.6011 220 225 230
5.2024 2.4332 1.6569 220 225 230
5.1934 2.4292 1.7137 220 225 230
5.2064 2.4357 1.7615 220 225 230
5.2049 2.4330 1.8153 220 225 230
5.1948 2.4315 1.8755 220 225 230
5.1972 2.4321 1.9242 220 225 230
5.2003 2.4339 1.9827 220 225 230
5.2013 2.4349 2.0465 220 225 230
5.2039 2.4260 2.0967 220 225 230
5.2011 2.4351 2.1428 220 225 230
5.1999 2.4317 2.2015 220 225 230
5.2029 2.4291 2.2568 220 225 230
5.2086 2.4307 2.3153 220 225 230
5.2003 2.4339 2.3742 220 225 230
5.1972 2.4389 2.4225 220 225 230
5.1981 2.4331 2.4742 220 225 230
5.1960 2.4304 2.5220 220 225 230
5.2057 2.4254 2.5885 220 225 230
5.1963 2.4281 2.6408 220 225 230
5.1987 2.4273 2.6998 220 225 230
5.2010 2.4944 0.0046 180 130 70
5.1932 2.4984 0.0534 180 130 70
5.1977 2.4968 0.1070 180 130 70
5.2050 2.4881 0.1686 180 130 70
5.2057 2.4942 0.2214 180 130 70
5.1971 2.4865 0.2776 180 130 70
5.1984 2.4860 0.3259 180 130 70
5.2008 2.4901 0.3870 180 130 70
5.2022 2.4979 0.4412 180 130 70
5.1945 2.4851 0.5002 180 130 70
5.1984 2.5013 0.5500 180 130 70
5.1984 2.4883 0.6024 180 130 70
5.1926 2.4903 0.6597 220 225 230
5.2000 2.4984 0.7144 220 225 230
5.1989 2.4965 0.7783 220 225 230
5.1998 2.4950 0.8330 220 225 230
5.2024 2.4897 0.8800 220 225 230
5.1943 2.4958 0.9395 220 225 230
5.1995 2.4920 0.9914 220 225 230
5.1977 2.4908 1.0519 220 225 230
5.2009 2.5001 1.1032 220 225 230
5.2025 2.4961 1.1557 220 225 230
5.1929 2.4915 1.2176 220 225 230
5.1999 2.4873 1.2642 220 225 230
5.1949 2.4902 1.3215 220 225 230
5.2039 2.4877 1.3763 220 225 230
5.2050 2.5010 1.4316 220 225 230
5.1979 2.4868 1.4869 220 225 230
5.2039 2.4962 1.5513 220 225 230
5.1894 2.4946 1.5971 220 225 230
5.2096 2.4923 1.6519 220 225 230
5.1970 2.4893 1.7074 220 225 230
5.2017 2.4917 1.7665 220 225 230
5.2092 2.4965 1.8182 220 225 230
5.2075 2.5014 1.8701 220 225 230
5.2037 2.4869 1.9274 220 225 230
5.2047 2.4898 1.9803 220 225 230
5.1980 2.4852 2.0427 220 225 230
5.1982 2.4880 2.0984 220 225 230
5.1997 2.4913 2.1499 220 225 230
5.2086 2.4930 2.1989 220 225 230
5.1985 2.4957 2.2598 220 225 230
5.2066 2.4911 2.3114 220 225 230
5.1992 2.4941 2.3717 220 225 230
5.2068 2.4945 2.4307 220 225 230
5.1981 2.4887 2.4773 220 225 230
5.2014 2.4875 2.5267 220 225 230
5.1982 2.4871 2.5903 220 225 230
5.2012 2.4904 2.6470 220 225 230
5.1966 2.4918 2.6979 220 225 230
5.1952 2.5533 -0.0029 220 225 230
5.2084 2.5566 0.0583 220 225 230
5.2034 2.5473 0.1127 220 225 230
5.1988 2.5508 0.1618 220 225 230
5.2019 2.5559 0.2143 220 225 230
5.2118 2.5564 0.2766 220 225 230
5.2065 2.5468 0.3292 220 225 230
5.1936 2.5516 0.3841 220 225 230
5.2049 2.5527 0.4426 220 225 230
5.2041 2.5482 0.5041 220 225 230
5.1895 2.5525 0.5503 220 225 230
5.2041 2.5525 0.6083 220 225 230
5.2004 2.5620 0.6696 220 225 230
5.1954 2.5502 0.7178 220 225 230
5.2053 2.5553 0.7618 220 225 230
5.2017 2.5560 0.8238 220 225 230
5.1974 2.5529 0.8818 220 225 230
5.2037 2.5507 0.9359 220 225 230
5.1958 2.5512 0.9959 220 225 230
5.2058 2.5534 1.0474 220 225 230
5.2044 2.5562 1.1063 220 225 230
5.2017 2.5597 1.1567 220 225 230
5.1954 2.5505 1.2090 220 225 230
5.1962 2.5510 1.2692 220 225 230
5.1982 2.5564 1.3187 220 225 230
5.2004 2.5557 1.3793 220 225 230
5.2007 2.5496 1.4320 220 225 230
5.2009 2.5512 1.4911 220 225 230
5.2064 2.5632 1.5397 220 225 230
5.1955 2.5588 1.6030 220 225 230
5.2011 2.5589 1.6509 220 225 230
5.2012 2.5611 1.7094 220 225 230
5.1970 2.5568 1.7613 220 225 230
5.2043 2.5524 1.8186 220 225 230
5.2044 2.5455 1.8677 220 225 230
5.1974 2.5545 1.9381 220 225 230
5.2017 2.5518 1.9753 220 225 230
5.2001 2.5518 2.0377 220 225 230
5.2017 2.5597 2.0955 220 225 230
5.2010 2.5502 2.1540 220 225 230
5.1968 2.5515 2.2084 220 225 230
5.2017 2.5556 2.2653 220 225 230
5.2140 2.5515 2.3179 220 225 230
5.1992 2.5570 2.3698 220 225 230
5.1981 2.5506 2.4350 220 225 230
5.2034 2.5579 2.4821 220 225 230
5.2054 2.5506 2.5361 220 225 230
5.1952 2.5580 2.5882 220 225 230
5.1941 2.5529 2.6453 220 225 230
5.1992 2.5552 2.6968 220 225 230
5.1876 2.6177 -0.0026 220 225 230
5.2053 2.6216 0.0546 220 225 230
5.1993 2.6165 0.1059 220 225 230
5.1987 2.6164 0.1751 220 225 230
5.1981 2.6155 0.2223 220 225 230
5.2012 2.6077 0.2803 220 225 230
5.1987 2.6210 0.3290 220 225 230
5.2031 2.6136 0.3827 220 225 230
5.2070 2.6175 0.4472 220 225 230
5.1989 2.6107 0.4989 220 225 230
5.1981 2.6118 0.5508 220 225 230
5.2027 2.6229 0.6059 220 225 230
5.1981 2.6151 0.6605 220 225 230
5.2017 2.6210 0.7208 220 225 230
5.1997 2.6202 0.7741 220 225 230
5.1963 2.6194 0.8278 220 225 230
5.1928 2.6158 0.8865 220 225 230
5.2034 2.6175 0.9381 220 225 230
5.1916 2.6162 0.9823 220 225 230
5.1989 2.6205 1.0482 220 225 230
5.1991 2.6158 1.1031 220 225 230
5.1978 2.6131 1.1630 220 225 230
5.1993 2.6233 1.2090 220 225 230
5.2020 2.6087 1.2677 220 225 230
5.2002 2.6179 1.3249 220 225 230
5.1893 2.6187 1.3772 220 225 230
5.2035 2.6223 1.4343 220 225 230
5.1988 2.6137 1.4915 220 225 230
5.1989 2.6152 1.5444 220 225 230
5.2053 2.6212 1.6012 220 225 230
5.1902 2.6161 1.6530 220 225 230
5.2019 2.6188 1.7022 220 225 230
5.1935 2.6236 1.7667 220 225 230
5.2052 2.6221 1.8186 220 225 230
5.2073 2.6164 1.8720 220 225 230
5.2054 2.6222 1.9343 220 225 230
5.1939 2.6192 1.9885 220 225 230
5.1993 2.6168 2.0331 220 225 230
5.2020 2.6119 2.0929 220 225 230
5.2015 2.6209 2.1510 220 225 230
5.2034 2.6106 2.2056 220 225 230
5.2085 2.6203 2.2587 220 225 230
5.1978 2.6141 2.3167 220 225 230
5.1992 2.6132 2.3735 220 225 230
5.1971 2.6134 2.4211 220 225 230
5.1971 2.6120 2.4845 220 225 230
5.1939 2.6171 2.5373 220 225 230
5.2039 2.6131 2.5917 220 225 230
5.2024 2.6156 2.6421 220 225 230
5.2053 2.6119 2.6950 220 225 230
5.1977 2.6870 0.0036 220 225 230
5.1939 2.6844 0.0545 220 225 230
5.2056 2.6814 0.0981 220 225 230
5.1946 2.6776 0.1638 220 225 230
5.1952 2.6841 0.2139 220 225 230
5.2037 2.6810 0.2835 220 225 230
5.2009 2.6773 0.3280 220 225 230
5.1995 2.6810 0.3890 220 225 230
5.1934 2.6791 0.4412 220 225 230
5.2022 2.6759 0.5031 220 225 230
5.2005 2.6772 0.5556 220 225 230
5.2014 2.6803 0.6060 220 225 230
5.1977 2.6739 0.6646 220 225 230
5.1986 2.6792 0.7212 220 225 230
5.2007 2.6810 0.7729 220 225 230
5.1930 2.6832 0.8250 220 225 230
5.2010 2.6845 0.8765 220 225 230
5.1967 2.6756 0.9365 220 225 230
5.1964 2.6782 0.9950 220 225 230
5.1934 2.6848 1.0459 220 225 230
5.2079 2.6776 1.1015 220 225 230
5.2004 2.6804 1.1591 220 225 230
5.1997 2.6817 1.2042 220 225 230
5.1997 2.6845 1.2649 220 225 230
5.1955 2.6850 1.3211 220 225 230
5.2065 2.6763 1.3758 220 225 230
5.1959 2.6805 1.4309 220 225 230
5.1995 2.6733 1.4761 220 225 230
5.2021 2.6819 1.5422 220 225 230
5.1994 2.6818 1.5991 220 225 230
5.1992 2.6777 1.6511 220 225 230
5.2029 2.6831 1.7113 220 225 230
5.2028 2.6783 1.7568 220 225 230
5.2046 2.6798 1.8180 220 225 230
5.2003 2.6829 1.8693 220 225 230
5.1978 2.6767 1.9370 220 225 230
5.2017 2.6775 1.9869 220 225 230
5.1986 2.6841 2.0442 220 225 230
5.1969 2.6772 2.0948 220 225 230
5.1958 2.6720 2.1476 220 225 230
5.1997 2.6778 2.2029 220 225 230
5.2016 2.6757 2.2563 220 225 230
5.2032 2.6780 2.3118 220 225 230
5.2091 2.6864 2.3637 220 225 230
5.2050 2.6812 2.4302 220 225 230
5.2013 2.6783 2.4754 220 225 230
5.2045 2.6789 2.5418 220 225 230
5.2030 2.6766 2.5906 220 225 230
5.2018 2.6771 2.6418 220 225 230
5.2027 2.6723 2.6976 220 225 230
5.1980 2.7449 0.0005 220 225 230
5.2034 2.7439 0.0550 220 225 230
5.1940 2.7504 0.1051 220 225 230
5.2041 2.7459 0.1660 220 225 230
5.1933 2.7402 0.2139 220 225 230
5.2036 2.7391 0.2733 220 225 230
5.1980 2.7422 0.3242 220 225 230
5.2009 2.7432 0.3875 220 225 230
5.2048 2.7397 0.4476 220 225 230
5.1974 2.7424 0.5029 220 225 230
5.2019 2.7494 0.5538 220 225 230
5.1973 2.7491 0.5985 220 225 230
5.2020 2.7417 0.6657 220 225 230
5.2015 2.7361 0.7184 220 225 230
5.1933 2.7422 0.7689 220 225 230
5.1932 2.7438 0.8175 220 225 230
5.2004 2.7466 0.8815 220 225 230
5.2000 2.7483 0.9339 220 225 230
5.2014 2.7418 0.9876 220 225 230
5.2051 2.7431 1.0458 220 225 230
5.1973 2.7474 1.1015 220 225 230
5.1941 2.7469 1.1460 220 225 230
5.2060 2.7441 1.2127 220 225 230
5.2038 2.7414 1.2636 220 225 230
5.2078 2.7417 1.3185 220 225 230
5.2009 2.7427 1.3802 220 225 230
5.1947 2.7439 1.4296 220 225 230
5.2049 2.7406 1.4881 220 225 230
5.2008 2.7443 1.5447 220 225 230
5.1956 2.7400 1.5954 220 225 230
5.1972 2.7473 1.6562 220 225 230
5.1938 2.7450 1.7075 220 225 230
5.1957 2.7463 1.7605 220 225 230
5.1957 2.7416 1.8162 220 225 230
5.1959 2.7367 1.8706 220 225 230
5.1999 2.7416 1.9306 220 225 230
5.2010 2.7457 1.9808 220 225 230
5.1931 2.7436 2.0357 220 225 230
5.2030 2.7432 2.0987 220 225 230
5.1957 2.7447 2.1538 220 225 230
5.2046 2.7406 2.2155 220 225 230
5.2033 2.7425 2.2611 220 225 230
5.1998 2.7385 2.3131 220 225 230
5.2017 2.7414 2.3721 220 225 230
5.1938 2.7417 2.4155 220 225 230
5.2076 2.7474 2.4783 220 225 230
5.1998 2.7414 2.5364 220 225 230
5.2019 2.7410 2.5916 220 225 230
5.2006 2.7374 2.6439 220 225 230
5.1994 2.7400 2.6948 220 225 230
5.1939 2.8105 -0.0011 220 225 230
5.1960 2.8009 0.0599 220 225 230
5.1997 2.8062 0.1073 220 225 230
5.1931 2.8045 0.1774 220 225 230
5.1945 2.8021 0.2200 220 225 230
5.2008 2.8123 0.2812 220 225 230
5.1970 2.8111 0.3364 220 225 230
5.2006 2.8038 0.3859 220 225 230
5.2026 2.8060 0.4434 220 225 230
5.1925 2.8052 0.4960 220 225 230
5.1838 2.8084 0.5507 220 225 230
5.2039 2.7982 0.5999 220 225 230
5.2093 2.8069 0.6588 220 225 230
5.1956 2.8006 0.7101 220 225 230
5.2098 2.8034 0.7686 220 225 230
5.1958 2.8086 0.8322 220 225 230
5.2010 2.8059 0.8717 220 225 230
5.1991 2.8039 0.9378 220 225 230
5.1965 2.8034 0.9860 220 225 230
5.2006 2.8038 1.0535 220 225 230
5.1982 2.8025 1.0962 220 225 230
5.2023 2.7983 1.1557 220 225 230
5.2046 2.8099 1.2062 220 225 230
5.1952 2.8077 1.2674 220 225 230
5.2017 2.8056 1.3224 220 225 230
5.2015 2.8023 1.3724 220 225 230
5.2051 2.8034 1.4325 220 225 230
5.2036 2.8074 1.4894 220 225 230
5.1987 2.8008 1.5492 220 225 230
5.2015 2.8021 1.5917 220 225 230
5.1959 2.8036 1.6487 220 225 230
5.1927 2.8037 1.7150 220 225 230
5.1969 2.7930 1.7656 220 225 230
5.2043 2.8054 1.8152 220 225 230
5.1983 2.8056 1.8783 220 225 230
5.1998 2.8073 1.9296 220 225 230
5.2004 2.8012 1.9862 220 225 230
5.2022 2.8116 2.0389 220 225 230
5.2034 2.7970 2.0877 220 225 230
5.1948 2.8084 2.1528 220 225 230
5.2016 2.8105 2.2104 220 225 230
5.2012 2.8132 2.2671 220 225 230
5.1945 2.8014 2.3104 220 225 230
5.2010 2.8029 2.3667 220 225 230
5.1968 2.8113 2.4185 220 225 230
5.1946 2.8024 2.4739 220 225 230
5.1974 2.8064 2.5332 220 225 230
5.1986 2.8013 2.5922 220 225 230
5.1981 2.8032 2.6464 220 225 230
5.2027 2.8104 2.7061 220 225 230
5.2022 2.8693 -0.0037 220 225 230
5.1965 2.8648 0.0457 220 225 230
5.1988 2.8690 0.1052 220 225 230
5.1986 2.8680 0.1596 220 225 230
5.2011 2.8706 0.2192 220 225 230
5.1995 2.8675 0.2784 220 225 230
5.1983 2.8646 0.3289 220 225 230
5.1988 2.8652 0.3824 220 225 230
5.2069 2.8727 0.4416 220 225 230
5.2010 2.8657 0.4996 220 225 230
5.1992 2.8610 0.5585 220 225 230
5.2002 2.8712 0.6077 220 225 230
5.2050 2.8706 0.6686 220 225 230
5.2063 2.8653 0.7164 220 225 230
5.2006 2.8768 0.7748 220 225 230
5.2032 2.8737 0.8284 220 225 230
5.2002 2.8654 0.8785 220 225 230
5.2006 2.8698 0.9393 220 225 230
5.2012 2.8651 0.9892 220 225 230
5.1979 2.8698 1.0470 220 225 230
5.2023 2.8714 1.1081 220 225 230
5.2045 2.8647 1.1616 220 225 230
5.1954 2.8612 1.2120 220 225 230
5.1968 2.8707 1.2652 220 225 230
5.2030 2.8668 1.3217 220 225 230
5.1918 2.8680 1.3748 220 225 230
5.1943 2.8613 1.4275 220 225 230
5.1961 2.8681 1.4870 220 225 230
5.2018 2.8649 1.5459 220 225 230
5.1976 2.8664 1.5908 220 225 230
5.1980 2.8639 1.6574 220 225 230
5.2023 2.8710 1.7100 220 225 230
5.2038 2.8619 1.7530 220 225 230
5.1926 2.8720 1.8159 220 225 230
5.2038 2.8666 1.8677 220 225 230
5.2073 2.8682 1.9300 220 225 230
5.2046 2.8597 1.9817 220 225 230
5.1953 2.8629 2.0442 220 225 230
5.1977 2.8678 2.0983 220 225 230
5.2019 2.8655 2.1493 220 225 230
5.1909 2.8673 2.2066 220 225 230
5.2038 2.8655 2.2572 220 225 230
5.1979 2.8671 2.3150 220 225 230
5.2018 2.8622 2.3701 220 225 230
5.2025 2.8664 2.4183 220 225 230
5.2020 2.8660 2.4820 220 225 230
5.1945 2.8718 2.5393 220 225 230
5.2017 2.8713 2.5947 220 225 230
5.1986 2.8690 2.6523 220 225 230
5.2043 2.8652 2.7042 220 225 230
5.2030 2.9271 -0.0017 220 225 230
5.1967 2.9350 0.0559 220 225 230
5.2061 2.9334 0.1105 220 225 230
5.2017 2.9279 0.1631 220 225 230
5.2090 2.9269 0.2235 220 225 230
5.1972 2.9287 0.2754 220 225 230
5.1997 2.9337 0.3306 220 225 230
5.1986 2.9248 0.3868 220 225 230
5.2016 2.9283 0.4425 220 225 230
5.2027 2.9266 0.5026 220 225 230
5.2017 2.9266 0.5502 220 225 230
5.2022 2.9265 0.6034 220 225 230
5.2018 2.9232 0.6606 220 225 230
5.1991 2.9320 0.7163 220 225 230
5.1993 2.9230 0.7725 220 225 230
5.1999 2.9317 0.8313 220 225 230
5.2031 2.9289 0.8810 220 225 230
5.2033 2.9323 0.9369 220 225 230
5.1975 2.9327 0.9935 220 225 230
5.2035 2.9291 1.0397 220 225 230
5.2033 2.9334 1.1047 220 225 230
5.1919 2.9284 1.1655 220 225 230
5.1999 2.9272 1.2152 220 225 230
5.2020 2.9291 1.2674 220 225 230
5.1983 2.9323 1.3204 220 225 230
5.2033 2.9334 1.3776 220 225 230
5.2059 2.9339 1.4400 220 225 230
5.2003 2.9274 1.4872 220 225 230
5.2004 2.9290 1.5451 220 225 230
5.2020 2.9258 1.5982 220 225 230
5.2066 2.9289 1.6431 220 225 230
5.2039 2.9265 1.7130 220 225 230
5.1950 2.9227 1.7663 220 225 230
5.2036 2.9264 1.8183 220 225 230
5.1999 2.9373 1.8698 220 225 230
5.1922 2.9260 1.9335 220 225 230
5.1996 2.9305 1.9817 220 225 230
5.1996 2.9227 2.0331 220 225 230
5.2001 2.9251 2.0928 220 225 230
5.1989 2.9322 2.1459 220 225 230
5.1989 2.9270 2.2130 220 225 230
5.1947 2.9236 2.2587 220 225 230
5.2078 2.9244 2.3107 220 225 230
5.1962 2.9317 2.3681 220 225 230
5.1957 2.9267 2.4290 220 225 230
5.2057 2.9313 2.4777 220 225 230
5.1981 2.9232 2.5359 220 225 230
5.2037 2.9259 2.5814 220 225 230
5.1943 2.9255 2.6395 220 225 230
5.1988 2.9269 2.7051 220 225 230
5.1996 2.9919 -0.0053 220 225 230
5.2034 2.9921 0.0601 220 225 230
5.1994 2.9932 0.1125 220 225 230
5.1991 2.9883 0.1710 220 225 230
5.2013 2.9962 0.2198 220 225 230
5.2055 2.9984 0.2758 220 225 230
5.1954 2.9901 0.3350 220 225 230
5.2003 3.0068 0.3856 220 225 230
5.1931 2.9991 0.4370 220 225 230
5.1977 2.9888 0.5009 220 225 230
5.2029 2.9871 0.5429 220 225 230
5.2000 2.9936 0.6080 220 225 230
5.2022 2.9818 0.6686 220 225 230
5.2056 2.9944 0.7176 220 225 230
5.1934 2.9954 0.7713 220 225 230
5.2059 2.9912 0.8248 220 225 230
5.1938 2.9970 0.8816 220 225 230
5.2005 2.9948 0.9317 220 225 230
5.2046 2.9937 0.9934 220 225 230
5.1960 2.9869 1.0468 220 225 230
5.2006 2.9909 1.0965 220 225 230
5.2062 2.9862 1.1580 220 225 230
5.1982 2.9935 1.2043 220 225 230
5.2020 2.9964 1.2638 220 225 230
5.2078 2.9929 1.3211 220 225 230
5.1993 2.9888 1.3753 220 225 230
5.1970 2.9911 1.4353 220 225 230
5.2022 2.9902 1.4865 220 225 230
5.2001 2.9881 1.5490 220 225 230
5.2051 2.9925 1.5917 220 225 230
5.1985 2.9929 1.6470 220 225 230
5.2007 2.9918 1.7099 220 225 230
5.2019 2.9860 1.7600 220 225 230
5.1950 2.9862 1.8171 220 225 230
5.2014 2.9882 1.8786 220 225 230
5.1994 2.9909 1.9281 220 225 230
5.2013 2.9917 1.9894 220 225 230
5.2067 2.9893 2.0391 220 225 230
5.1979 2.9902 2.0863 220 225 230
5.2006 2.9851 2.1561 220 225 230
5.2015 2.9912 2.2090 220 225 230
5.2015 2.9905 2.2588 220 225 230
5.1969 2.9860 2.3193 220 225 230
5.1957 2.9887 2.3620 220 225 230
5.1964 2.9883 2.4269 220 225 230
5.2007 3.0002 2.4861 220 225 230
5.1940 2.9866 2.5305 220 225 230
5.2068 2.9934 2.5956 220 225 230
5.2024 2.9868 2.6420 220 225 230
5.1966 2.9904 2.6967 220 225 230
5.2039 3.0486 0.0068 220 225 230
5.1991 3.0529 0.0603 220 225 230
5.2012 3.0485 0.1062 220 225 230
5.2005 3.0481 0.1623 220 225 230
5.2035 3.0517 0.2148 220 225 230
5.1996 3.0473 0.2753 220 225 230
5.2018 3.0472 0.3361 220 225 230
5.1993 3.0583 0.3797 220 225 230
5.2035 3.0470 0.4482 220 225 230
5.1956 3.0521 0.4911 220 225 230
5.1960 3.0559 0.5443 220 225 230
5.1945 3.0519 0.6064 220 225 230
5.2049 3.0548 0.6650 220 225 230
5.1991 3.0457 0.7148 220 225 230
5.1995 3.0544 0.7759 220 225 230
5.1976 3.0509 0.8206 220 225 230
5.2000 3.0513 0.8826 220 225 230
5.2092 3.0585 0.9385 220 225 230
5.2020 3.0547 0.9951 220 225 230
5.2010 3.0600 1.0531 220 225 230
5.1879 3.0535 1.1002 220 225 230
5.1974 3.0549 1.1556 220 225 230
5.2067 3.0544 1.2135 220 225 230
5.2018 3.0490 1.2673 220 225 230
5.2061 3.0536 1.3216 220 225 230
5.1982 3.0489 1.3778 220 225 230
5.2076 3.0547 1.4309 220 225 230
5.2045 3.0562 1.4889 220 225 230
5.2025 3.0479 1.5445 220 225 230
5.1963 3.0517 1.5951 220 225 230
5.1986 3.0517 1.6591 220 225 230
5.2010 3.0492 1.7053 220 225 230
5.1947 3.0521 1.7601 220 225 230
5.1979 3.0433 1.8188 220 225 230
5.1976 3.0519 1.8670 220 225 230
5.1949 3.0511 1.9294 220 225 230
5.1960 3.0525 1.9916 220 225 230
5.2007 3.0516 2.0403 220 225 230
5.1993 3.0566 2.0950 220 225 230
5.1945 3.0657 2.1521 220 225 230
5.1989 3.0508 2.2013 220 225 230
5.2041 3.0490 2.2600 220 225 230
5.2088 3.0554 2.3088 220 225 230
5.2083 3.0531 2.3749 220 225 230
5.2087 3.0521 2.4231 220 225 230
5.2043 3.0606 2.4764 220 225 230
5.1977 3.0569 2.5387 220 225 230
5.1976 3.0564 2.5859 220 225 230
5.2034 3.0586 2.6474 220 225 230
5.2052 3.0493 2.7054 220 225 230
5.2065 3.1194 0.0008 220 225 230
5.2001 3.1181 0.0606 220 225 230
5.1984 3.1178 0.1144 220 225 230
5.2012 3.1167 0.1557 220 225 230
5.1963 3.1162 0.2163 220 225 230
5.2010 3.1175 0.2816 220 225 230
5.2053 3.1153 0.3285 220 225 230
5.1987 3.1138 0.3910 220 225 230
5.1932 3.1181 0.4405 220 225 230
5.1986 3.1131 0.4926 220 225 230
5.1951 3.1139 0.5531 220 225 230
5.2024 3.1104 0.6051 220 225 230
5.2058 3.1090 0.6569 220 225 230
5.2047 3.1102 0.7256 220 225 230
5.2005 3.1139 0.7711 220 225 230
5.1935 3.1149 0.8273 220 225 230
5.1998 3.1198 0.8821 220 225 230
5.1987 3.1247 0.9470 220 225 230
5.2015 3.1171 0.9929 220 225 230
5.2058 3.1179 1.0494 220 225 230
5.2007 3.1166 1.1037 220 225 230
5.2024 3.1133 1.1562 220 225 230
5.1918 3.1205 1.2058 220 225 230
5.1974 3.1161 1.2649 220 225 230
5.1965 3.1152 1.3213 220 225 230
5.1975 3.1201 1.3738 220 225 230
5.2061 3.1152 1.4369 220 225 230
5.1919 3.1153 1.4778 220 225 230
5.2015 3.1222 1.5453 220 225 230
5.2040 3.1191 1.5920 220 225 230
5.1976 3.1114 1.6526 220 225 230
5.2051 3.1126 1.7042 220 225 230
5.1952 3.1124 1.7624 220 225 230
5.2025 3.1187 1.8230 220 225 230
5.2023 3.1158 1.8747 220 225 230
5.2018 3.1167 1.9299 220 225 230
5.2006 3.1254 1.9840 220 225 230
5.1935 3.1195 2.0349 220 225 230
5.1948 3.1186 2.0929 220 225 230
5.2001 3.1201 2.1486 220 225 230
5.1984 3.1221 2.2052 220 225 230
5.2033 3.1192 2.2604 220 225 230
5.2089 3.1168 2.3174 220 225 230
5.2034 3.1209 2.3776 220 225 230
5.2039 3.1220 2.4266 220 225 230
5.2029 3.1162 2.4792 220 225 230
5.2036 3.1171 2.5446 220 225 230
5.2014 3.1204 2.5910 220 225 230
5.2028 3.1190 2.6479 220 225 230
5.2044 3.1202 2.6997 220 225 230
5.1963 3.1761 -0.0008 220 225 230
5.1985 3.1789 0.0515 220 225 230
5.2040 3.1799 0.1116 220 225 230
5.1974 3.1802 0.1607 220 225 230
5.2071 3.1850 0.2204 220 225 230
5.2047 3.1749 0.2739 220 225 230
5.2014 3.1765 0.3336 220 225 230
5.1993 3.1793 0.3882 220 225 230
5.2035 3.1797 0.4347 220 225 230
5.2062 3.1759 0.4888 220 225 230
5.1959 3.1722 0.5491 220 225 230
5.1966 3.1742 0.6036 220 225 230
5.2015 3.1790 0.6595 220 225 230
5.1944 3.1735 0.7116 220 225 230
5.1953 3.1750 0.7710 220 225 230
5.2031 3.1752 0.8260 220 225 230
5.1980 3.1814 0.8903 220 225 230
5.1914 3.1829 0.9395 220 225 230
5.1982 3.1773 0.9933 220 225 230
5.1980 3.1870 1.0531 220 225 230
5.1939 3.1824 1.0967 220 225 230
5.2045 3.1757 1.1551 220 225 230
5.1972 3.1753 1.2194 220 225 230
5.2000 3.1763 1.2614 220 225 230
5.1952 3.1795 1.3244 220 225 230
5.1946 3.1729 1.3727 220 225 230
5.2035 3.1769 1.4332 220 225 230
5.2007 3.1743 1.4900 220 225 230
5.1956 3.1754 1.5464 220 225 230
5.2041 3.1787 1.5952 220 225 230
5.2001 3.1752 1.6491 220 225 230
5.1953 3.1825 1.7075 220 225 230
5.2032 3.1830 1.7684 220 225 230
5.1990 3.1809 1.8122 220 225 230
5.1964 3.1806 1.8781 220 225 230
5.1946 3.1748 1.9274 220 225 230
5.2014 3.1762 1.9876 220 225 230
5.2015 3.1804 2.0436 220 225 230
5.1996 3.1763 2.0934 220 225 230
5.2031 3.1791 2.1537 220 225 230
5.2007 3.1790 2.1996 220 225 230
5.2075 3.1815 2.2554 220 225 230
5.2041 3.1812 2.3141 220 225 230
5.2004 3.1843 2.3614 220 225 230
5.1986 3.1827 2.4215 220 225 230
5.2072 3.1812 2.4782 220 225 230
5.1958 3.1791 2.5298 220 225 230
5.1985 3.1869 2.5908 220 225 230
5.2020 3.1746 2.6396 220 225 230
5.1998 3.1776 2.6984 220 225 230
5.2002 3.2430 0.0035 220 225 230
5.2034 3.2409 0.0585 220 225 230
5.1914 3.2440 0.1167 220 225 230
5.1987 3.2442 0.1689 220 225 230
5.2029 3.2386 0.2274 220 225 230
5.2001 3.2411 0.2762 220 225 230
5.1982 3.2391 0.3319 220 225 230
5.2026 3.2432 0.3864 220 225 230
5.1996 3.2417 0.4355 220 225 230
5.2000 3.2414 0.4959 220 225 230
5.1994 3.2421 0.5529 220 225 230
5.2016 3.2421 0.6053 220 225 230
5.1972 3.2407 0.6599 220 225 230
5.1976 3.2358 0.7134 220 225 230
5.2043 3.2399 0.7664 220 225 230
5.2028 3.2447 0.8281 220 225 230
5.1984 3.2414 0.8746 220 225 230
5.2001 3.2439 0.9345 220 225 230
5.2008 3.2426 0.9958 220 225 230
5.1924 3.2395 1.0431 220 225 230
5.2039 3.2504 1.1091 220 225 230
5.2020 3.2467 1.1543 220 225 230
5.1989 3.2375 1.2137 220 225 230
5.1982 3.2395 1.2614 220 225 230
5.1946 3.2427 1.3167 220 225 230
5.2050 3.2431 1.3750 220 225 230
5.1942 3.2335 1.4438 220 225 230
5.1989 3.2438 1.4906 220 225 230
5.1980 3.2387 1.5389 220 225 230
5.1990 3.2448 1.6067 220 225 230
5.2083 3.2427 1.6557 220 225 230
5.1971 3.2399 1.7024 220 225 230
5.2023 3.2391 1.7669 220 225 230
5.2067 3.2394 1.8174 220 225 230
5.2014 3.2422 1.8722 220 225 230
5.2041 3.2392 1.9294 220 225 230
5.1963 3.2449 1.9799 220 225 230
5.2029 3.2508 2.0423 220 225 230
5.2013 3.2477 2.0999 220 225 230
5.1930 3.2469 2.1529 220 225 230
5.1998 3.2389 2.2045 220 225 230
5.1989 3.2442 2.2553 220 225 230
5.1876 3.2412 2.3099 220 225 230
5.1945 3.2423 2.3741 220 225 230
5.1940 3.2410 2.4286 220 225 230
5.2048 3.2420 2.4814 220 225 230
5.1882 3.2452 2.5376 220 225 230
5.1952 3.2432 2.5915 220 225 230
5.2026 3.2401 2.6484 220 225 230
5.2054 3.2427 2.7000 220 225 230
5.1995 3.3056 -0.0045 220 225 230
5.2029 3.2972 0.0543 220 225 230
5.1985 3.3001 0.1099 220 225 230
5.1969 3.3032 0.1658 220 225 230
5.2010 3.3006 0.2239 220 225 230
5.1966 3.2970 0.2721 220 225 230
5.2061 3.3019 0.3337 220 225 230
5.2006 3.3036 0.3892 220 225 230
5.1934 3.3046 0.4412 220 225 230
5.2017 3.3063 0.4980 220 225 230
5.2009 3.3050 0.5508 220 225 230
5.2024 3.3003 0.6015 220 225 230
5.2040 3.3025 0.6620 220 225 230
5.2030 3.3013 0.7177 220 225 230
5.1977 3.3052 0.7660 220 225 230
5.1948 3.3046 0.8234 220 225 230
5.2024 3.3041 0.8823 220 225 230
5.1962 3.3062 0.9415 220 225 230
5.1938 3.2980 0.9888 220 225 230
5.2034 3.3020 1.0444 220 225 230
5.2030 3.3031 1.1041 220 225 230
5.2000 3.3038 1.1603 220 225 230
5.2003 3.3010 1.2088 220 225 230
5.1987 3.2997 1.2665 220 225 230
5.2035 3.3038 1.3228 220 225 230
5.1963 3.3041 1.3747 220 225 230
5.2051 3.3013 1.4310 220 225 230
5.2035 3.2995 1.4919 220 225 230
5.2052 3.3070 1.5409 220 225 230
5.1967 3.3011 1.5887 220 225 230
5.2019 3.3048 1.6527 220 225 230
5.1907 3.3046 1.7034 220 225 230
5.1996 3.3031 1.7623 220 225 230
5.1954 3.3020 1.8278 220 225 230
5.1981 3.2988 1.8786 220 225 230
5.1951 3.3093 1.9307 220 225 230
5.2025 3.3019 1.9818 220 225 230
5.2066 3.3014 2.0299 220 225 230
5.1973 3.2974 2.0945 220 225 230
5.1956 3.3092 2.1509 220 225 230
5.2040 3.3004 2.2081 220 225 230
5.2021 3.3058 2.2587 220 225 230
5.1954 3.3034 2.3183 220 225 230
5.1994 3.2997 2.3689 220 225 230
5.1999 3.3074 2.4270 220 225 230
5.1933 3.3088 2.4738 220 225 230
5.1955 3.3055 2.5399 220 225 230
5.1988 3.3080 2.5955 220 225 230
5.1992 3.3023 2.6436 220 225 230
5.1995 3.3032 2.7058 220 225 230
5.1990 3.3628 0.0049 220 225 230
5.2033 3.3658 0.0527 220 225 230
5.1985 3.3679 0.1103 220 225 230
5.1993 3.3685 0.1626 220 225 230
5.2025 3.3690 0.2306 220 225 230
5.2030 3.3615 0.2751 220 225 230
5.1986 3.3608 0.3312 220 225 230
5.2040 3.3628 0.3839 220 225 230
5.1970 3.3611 0.4409 220 225 230
5.1937 3.3651 0.5026 220 225 230
5.2008 3.3525 0.5528 220 225 230
5.2029 3.3660 0.6015 220 225 230
5.1998 3.3651 0.6643 220 225 230
5.2001 3.3708 0.7168 220 225 230
5.2018 3.3637 0.7641 220 225 230
5.1996 3.3672 0.8251 220 225 230
5.2016 3.3603 0.8815 220 225 230
5.1953 3.3609 0.9364 220 225 230
5.1983 3.3615 0.9954 220 225 230
5.1999 3.3680 1.0460 220 225 230
5.1994 3.3634 1.1068 220 225 230
5.1964 3.3654 1.1607 220 225 230
5.2007 3.3636 1.2164 220 225 230
5.2031 3.3630 1.2716 220 225 230
5.1998 3.3728 1.3305 220 225 230
5.1993 3.3629 1.3746 220 225 230
5.1948 3.3666 1.4353 220 225 230
5.1993 3.3615 1.4919 220 225 230
5.1979 3.3603 1.5452 220 225 230
5.1929 3.3611 1.5906 220 225 230
5.2015 3.3715 1.6492 220 225 230
5.2052 3.3742 1.7065 220 225 230
5.2000 3.3692 1.7721 220 225 230
5.1952 3.3643 1.8132 220 225 230
5.1976 3.3629 1.8807 220 225 230
5.1947 3.3653 1.9316 220 225 230
5.1978 3.3661 1.9810 220 225 230
5.2062 3.3629 2.0399 220 225 230
5.1996 3.3621 2.0937 220 225 230
5.1998 3.3706 2.1485 220 225 230
5.1982 3.3623 2.2052 220 225 230
5.1943 3.3683 2.2518 220 225 230
5.2051 3.3645 2.3192 220 225 230
5.2087 3.3682 2.3701 220 225 230
5.1972 3.3696 2.4233 220 225 230
5.2000 3.3621 2.4783 220 225 230
5.2012 3.3645 2.5354 220 225 230
5.2011 3.3628 2.5841 220 225 230
5.1993 3.3702 2.6484 220 225 230
5.2031 3.3692 2.7016 220 225 230
5.2003 3.4242 0.0044 220 225 230
5.2059 3.4251 0.0570 220 225 230
5.2001 3.4281 0.1139 220 225 230
5.1983 3.4291 0.1631 220 225 230
5.1948 3.4283 0.2256 220 225 230
5.1999 3.4301 0.2719 220 225 230
5.2030 3.4276 0.3306 220 225 230
5.1972 3.4247 0.3858 220 225 230
5.1990 3.4368 0.4414 220 225 230
5.2039 3.4265 0.4954 220 225 230
5.1971 3.4259 0.5537 220 225 230
5.2111 3.4302 0.6093 220 225 230
5.2018 3.4276 0.6686 220 225 230
5.2090 3.4302 0.7128 220 225 230
5.2052 3.4323 0.7750 220 225 230
5.1924 3.4281 0.8279 220 225 230
5.2003 3.4227 0.8860 220 225 230
5.2013 3.4299 0.9367 220 225 230
5.2019 3.4245 0.9895 220 225 230
5.1925 3.4282 1.0443 220 225 230
5.1951 3.4335 1.1015 220 225 230
5.2033 3.4330 1.1582 220 225 230
5.2046 3.4337 1.2108 220 225 230
5.2005 3.4264 1.2650 220 225 230
5.2013 3.4285 1.3202 220 225 230
5.1967 3.4246 1.3729 220 225 230
5.2001 3.4250 1.4375 220 225 230
5.1957 3.4318 1.4851 220 225 230
5.1993 3.4221 1.5406 220 225 230
5.1996 3.4288 1.5971 220 225 230
5.2012 3.4354 1.6543 220 225 230
5.1974 3.4307 1.7083 220 225 230
5.1955 3.4217 1.7616 220 225 230
5.1983 3.4268 1.8236 220 225 230
5.2003 3.4271 1.8804 220 225 230
5.1979 3.4254 1.9291 220 225 230
5.1990 3.4228 1.9907 220 225 230
5.2030 3.4325 2.0316 220 225 230
5.1950 3.4281 2.0933 220 225 230
5.1994 3.4231 2.1489 220 225 230
5.1952 3.4287 2.2063 220 225 230
5.2034 3.4278 2.2548 220 225 230
5.1989 3.4286 2.3091 220 225 230
5.2015 3.4309 2.3721 220 225 230
5.1972 3.4326 2.4211 220 225 230
5.2010 3.4307 2.4884 220 225 230
5.2043 3.4262 2.5344 220 225 230
5.2050 3.4210 2.5906 220 225 230
5.1985 3.4324 2.6428 220 225 230
5.1956 3.4289 2.6977 220 225 230
5.2033 3.4862 0.0031 220 225 230
5.1974 3.4922 0.0536 220 225 230
5.2005 3.4928 0.1146 220 225 230
5.1967 3.4910 0.1699 220 225 230
5.1995 3.4875 0.2167 220 225 230
5.1943 3.4903 0.2714 220 225 230
5.2027 3.4905 0.3337 220 225 230
5.2004 3.4912 0.3902 220 225 230
5.1956 3.4881 0.4340 220 225 230
5.2032 3.4885 0.4970 220 225 230
5.1990 3.4859 0.5541 220 225 230
5.1974 3.4981 0.6101 220 225 230
5.1966 3.4862 0.6623 220 225 230
5.1971 3.4910 0.7139 220 225 230
5.2024 3.4922 0.7721 220 225 230
5.1965 3.4998 0.8220 220 225 230
5.1995 3.4889 0.8776 220 225 230
5.2029 3.4952 0.9315 220 225 230
5.2003 3.4992 0.9935 220 225 230
5.1907 3.4880 1.0431 220 225 230
5.1947 3.4859 1.0967 220 225 230
5.1962 3.4912 1.1513 220 225 230
5.1913 3.4918 1.2115 220 225 230
5.1943 3.4890 1.2720 220 225 230
5.1981 3.4873 1.3199 220 225 230
5.2038 3.4891 1.3797 220 225 230
5.2074 3.4865 1.4297 220 225 230
5.2002 3.4978 1.4850 220 225 230
5.1989 3.4827 1.5460 220 225 230
5.2057 3.4879 1.6054 220 225 230
5.1995 3.4923 1.6466 220 225 230
5.1994 3.4956 1.6999 220 225 230
5.2001 3.4870 1.7623 220 225 230
5.2055 3.4891 1.8175 220 225 230
5.2028 3.4975 1.8778 220 225 230
5.1975 3.4975 1.9280 220 225 230
5.2087 3.4951 1.9851 220 225 230
5.2000 3.4861 2.0309 220 225 230
5.2068 3.4942 2.0930 220 225 230
5.1983 3.4843 2.1437 220 225 230
5.1989 3.4917 2.2021 220 225 230
5.1963 3.4920 2.2618 220 225 230
5.1997 3.4857 2.3162 220 225 230
5.2033 3.4830 2.3710 220 225 230
5.1984 3.4993 2.4172 220 225 230
5.2006 3.4941 2.4811 220 225 230
5.1993 3.4871 2.5310 220 225 230
5.1966 3.4855 2.5863 220 225 230
5.1956 3.4945 2.6413 220 225 230
5.1958 3.4789 2.6959 220 225 230
5.1968 3.5589 -0.0024 220 225 230
5.2011 3.5555 0.0501 220 225 230
5.2007 3.5526 0.1131 220 225 230
5.1987 3.5470 0.1601 220 225 230
5.2016 3.5533 0.2169 220 225 230
5.2038 3.5443 0.2735 220 225 230
5.1995 3.5569 0.3314 220 225 230
5.1988 3.5525 0.3882 220 225 230
5.2031 3.5523 0.4439 220 225 230
5.1989 3.5525 0.5004 220 225 230
5.2013 3.5474 0.5516 220 225 230
5.2062 3.5522 0.6070 220 225 230
5.1992 3.5551 0.6610 220 225 230
5.2007 3.5448 0.7203 220 225 230
5.1948 3.5452 0.7714 220 225 230
5.1976 3.5553 0.8225 220 225 230
5.1978 3.5531 0.8785 220 225 230
5.1988 3.5507 0.9356 220 225 230
5.2052 3.5537 0.9883 220 225 230
5.1998 3.5484 1.0442 220 225 230
5.1979 3.5560 1.0961 220 225 230
5.1978 3.5587 1.1546 220 225 230
5.1977 3.5430 1.2133 220 225 230
5.1933 3.5512 1.2683 220 225 230
5.1962 3.5572 1.3205 220 225 230
5.2013 3.5490 1.3712 220 225 230
5.1938 3.5484 1.4349 220 225 230
5.1965 3.5508 1.4885 220 225 230
5.1951 3.5531 1.5470 220 225 230
5.1948 3.5501 1.5976 220 225 230
5.1937 3.5482 1.6545 220 225 230
5.1988 3.5544 1.7082 220 225 230
5.2060 3.5542 1.7728 220 225 230
5.1947 3.5478 1.8203 220 225 230
5.1955 3.5482 1.8703 220 225 230
5.1973 3.5579 1.9336 220 225 230
5.2025 3.5553 1.9829 220 225 230
5.2047 3.5513 2.0381 220 225 230
5.1937 3.5452 2.0958 220 225 230
5.2033 3.5530 2.1429 220 225 230
5.2015 3.5560 2.2026 220 225 230
5.1979 3.5509 2.2596 220 225 230
5.1982 3.5581 2.3112 220 225 230
5.2014 3.5563 2.3638 220 225 230
5.2015 3.5524 2.4254 220 225 230
5.2026 3.5546 2.4807 220 225 230
5.1996 3.5526 2.5349 220 225 230
5.1987 3.5555 2.5916 220 225 230
5.2020 3.5530 2.6425 220 225 230
5.2014 3.5510 2.6974 220 225 230
5.1981 3.6176 -0.0021 220 225 230
5.2036 3.6213 0.0586 220 225 230
5.2011 3.6097 0.1109 220 225 230
5.2014 3.6169 0.1682 220 225 230
5.1999 3.6149 0.2239 220 225 230
5.2076 3.6120 0.2806 220 225 230
5.1939 3.6139 0.3279 220 225 230
5.2028 3.6224 0.3874 220 225 230
5.2019 3.6148 0.4427 220 225 230
5.1967 3.6245 0.4969 220 225 230
5.1994 3.6215 0.5540 220 225 230
5.1959 3.6192 0.6008 220 225 230
5.2056 3.6195 0.6595 220 225 230
5.1980 3.6182 0.7168 220 225 230
5.1977 3.6157 0.7687 220 225 230
5.2035 3.6138 0.8241 220 225 230
5.2021 3.6096 0.8861 220 225 230
5.2009 3.6202 0.9431 220 225 230
5.2036 3.6076 0.9893 220 225 230
5.1977 3.6143 1.0418 220 225 230
5.1997 3.6072 1.0996 220 225 230
5.1976 3.6087 1.1524 220 225 230
5.1970 3.6179 1.2159 220 225 230
5.1994 3.6118 1.2717 220 225 230
5.1972 3.6114 1.3198 220 225 230
5.1927 3.6156 1.3752 220 225 230
5.2033 3.6150 1.4284 220 225 230
5.2081 3.6231 1.4899 220 225 230
5.2013 3.6142 1.5426 220 225 230
5.2055 3.6250 1.5880 220 225 230
5.2069 3.6171 1.6554 220 225 230
5.2015 3.6118 1.7094 220 225 230
5.1899 3.6103 1.7653 220 225 230
5.2013 3.6187 1.8139 220 225 230
5.1966 3.6114 1.8702 220 225 230
5.1972 3.6072 1.9221 220 225 230
5.1985 3.6122 1.9905 220 225 230
5.2070 3.6121 2.0372 220 225 230
5.1961 3.6182 2.0901 220 225 230
5.1981 3.6161 2.1453 220 225 230
5.1964 3.6174 2.2022 220 225 230
5.2024 3.6125 2.2588 220 225 230
5.2011 3.6166 2.3156 220 225 230
5.2069 3.6159 2.3693 220 225 230
5.2019 3.6189 2.4303 220 225 230
5.1982 3.6103 2.4831 220 225 230
5.1912 3.6149 2.5348 220 225 230
5.2015 3.6117 2.5890 220 225 230
5.2074 3.6074 2.6505 220 225 230
5.2012 3.6147 2.7004 220 225 230
5.2017 3.6724 0.0027 220 225 230
5.2060 3.6742 0.0579 220 225 230
5.1930 3.6804 0.1071 220 225 230
5.1943 3.6746 0.1713 220 225 230
5.2025 3.6776 0.2187 220 225 230
5.1949 3.6735 0.2763 220 225 230
5.1986 3.6792 0.3339 220 225 230
5.1997 3.6736 0.3860 220 225 230
5.2001 3.6777 0.4430 220 225 230
5.1959 3.6811 0.5018 220 225 230
5.1992 3.6663 0.5552 220 225 230
5.2027 3.6843 0.6079 220 225 230
5.1963 3.6721 0.6662 220 225 230
5.2052 3.6849 0.7145 220 225 230
5.2014 3.6807 0.7690 220 225 230
5.2091 3.6722 0.8304 220 225 230
5.2098 3.6789 0.8827 220 225 230
5.1974 3.6786 0.9369 220 225 230
5.1982 3.6714 0.9895 220 225 230
5.2004 3.6796 1.0520 220 225 230
5.2004 3.6743 1.0998 220 225 230
5.1991 3.6730 1.1587 220 225 230
5.2003 3.6779 1.2132 220 225 230
5.2012 3.6777 1.2609 220 225 230
5.2009 3.6782 1.3269 220 225 230
5.2028 3.6786 1.3792 220 225 230
5.1927 3.6779 1.4349 220 225 230
5.2022 3.6800 1.4881 220 225 230
5.2019 3.6729 1.5434 220 225 230
5.2034 3.6750 1.5972 220 225 230
5.1944 3.6651 1.6447 220 225 230
5.2022 3.6777 1.7067 220 225 230
5.1975 3.6785 1.7627 220 225 230
5.1989 3.6724 1.8129 220 225 230
5.2087 3.6744 1.8680 220 225 230
5.2012 3.6750 1.9288 220 225 230
5.2034 3.6748 1.9784 220 225 230
5.2018 3.6768 2.0372 220 225 230
5.1992 3.6745 2.0989 220 225 230
5.2030 3.6755 2.1462 220 225 230
5.1998 3.6786 2.2000 220 225 230
5.1958 3.6699 2.2624 220 225 230
5.2036 3.6779 2.3125 220 225 230
5.1967 3.6786 2.3691 220 225 230
5.1991 3.6841 2.4264 220 225 230
5.1980 3.6796 2.4779 220 225 230
5.1998 3.6794 2.5312 220 225 230
5.2004 3.6780 2.5948 220 225 230
5.2031 3.6754 2.6421 220 225 230
5.2020 3.6786 2.6976 220 225 230
5.1964 3.7401 -0.0009 220 225 230
5.1970 3.7404 0.0585 220 225 230
5.2051 3.7371 0.1150 220 225 230
5.1999 3.7355 0.1734 220 225 230
5.1931 3.7427 0.2183 220 225 230
5.1944 3.7367 0.2663 220 225 230
5.2060 3.7384 0.3341 220 225 230
5.2007 3.7422 0.3852 220 225 230
5.1982 3.7413 0.4370 220 225 230
5.2053 3.7352 0.4932 220 225 230
5.1952 3.7395 0.5445 220 225 230
5.1920 3.7401 0.6025 220 225 230
5.2007 3.7405 0.6699 220 225 230
5.1939 3.7384 0.7198 220 225 230
5.2040 3.7361 0.7665 220 225 230
5.2001 3.7390 0.8307 220 225 230
5.1992 3.7393 0.8780 220 225 230
5.2018 3.7375 0.9371 220 225 230
5.1974 3.7390 0.9891 220 225 230
5.1940 3.7353 1.0452 220 225 230
5.2041 3.7392 1.1015 220 225 230
5.2035 3.7415 1.1567 220 225 230
5.1891 3.7388 1.2146 220 225 230
5.2034 3.7288 1.2722 220 225 230
5.1973 3.7391 1.3215 220 225 230
5.2124 3.7418 1.3788 220 225 230
5.2008 3.7398 1.4346 220 225 230
5.2053 3.7325 1.4921 220 225 230
5.1960 3.7387 1.5446 220 225 230
5.2034 3.7408 1.5930 220 225 230
5.2010 3.7441 1.6532 220 225 230
5.2051 3.7442 1.7092 220 225 230
5.2030 3.7359 1.7647 220 225 230
5.2009 3.7430 1.8125 220 225 230
5.1950 3.7349 1.8728 220 225 230
5.1963 3.7408 1.9331 220 225 230
5.2008 3.7459 1.9848 220 225 230
5.1987 3.7403 2.0392 220 225 230
5.1966 3.7339 2.0969 220 225 230
5.2100 3.7375 2.1455 220 225 230
5.2006 3.7396 2.2037 220 225 230
5.2002 3.7395 2.2621 220 225 230
5.1976 3.7368 2.3054 220 225 230
5.1997 3.7423 2.3676 220 225 230
5.1953 3.7398 2.4279 220 225 230
5.1959 3.7345 2.4847 220 225 230
5.1988 3.7420 2.5325 220 225 230
5.1985 3.7288 2.5840 220 225 230
5.2007 3.7335 2.6457 220 225 230
5.1954 3.7412 2.7013 220 225 230
5.2022 3.7982 -0.0026 220 225 230
5.1976 3.7983 0.0549 220 225 230
5.1976 3.8049 0.1055 220 225 230
5.2021 3.7959 0.1600 220 225 230
5.1925 3.8008 0.2167 220 225 230
5.2023 3.8026 0.2763 220 225 230
5.1968 3.7995 0.3233 220 225 230
5.2029 3.8002 0.3907 220 225 230
5.1997 3.8001 0.4432 220 225 230
5.1996 3.8008 0.4955 220 225 230
5.2120 3.8018 0.5525 220 225 230
5.2036 3.8060 0.6026 220 225 230
5.1976 3.8010 0.6512 220 225 230
5.2052 3.8017 0.7159 220 225 230
5.1997 3.8026 0.7704 220 225 230
5.2007 3.8073 0.8258 220 225 230
5.1962 3.8002 0.8868 220 225 230
5.1968 3.8029 0.9375 220 225 230
5.2004 3.8032 0.9916 220 225 230
5.2000 3.8042 1.0464 220 225 230
5.1991 3.8006 1.1044 220 225 230
5.1981 3.8014 1.1533 220 225 230
5.2076 3.7999 1.2080 220 225 230
5.1972 3.7897 1.2688 220 225 230
5.1991 3.8025 1.3203 220 225 230
5.1993 3.8094 1.3737 220 225 230
5.1953 3.7965 1.4280 220 225 230
5.2018 3.8003 1.4882 220 225 230
5.2007 3.7927 1.5355 220 225 230
5.2035 3.8030 1.5959 220 225 230
5.1950 3.8055 1.6523 220 225 230
5.2044 3.7964 1.7179 220 225 230
5.2120 3.8016 1.7608 220 225 230
5.2049 3.8060 1.8117 220 225 230
5.1993 3.8030 1.8745 220 225 230
5.1990 3.8070 1.9358 220 225 230
5.1941 3.7948 1.9834 220 225 230
5.2101 3.8046 2.0412 220 225 230
5.2040 3.8065 2.0943 220 225 230
5.2027 3.8061 2.1500 220 225 230
5.2018 3.8006 2.2097 220 225 230
5.1955 3.7990 2.2582 220 225 230
5.2085 3.8017 2.3173 220 225 230
5.1982 3.8003 2.3726 220 225 230
5.1983 3.8025 2.4269 220 225 230
5.2059 3.8049 2.4694 220 225 230
5.1997 3.8009 2.5339 220 225 230
5.1999 3.8042 2.5885 220 225 230
5.2010 3.7979 2.6473 220 225 230
5.2027 3.7961 2.6939 220 225 230
5.1934 3.8651 0.0049 220 225 230
5.2061 3.8583 0.0483 220 225 230
5.2061 3.8602 0.1095 220 225 230
5.1998 3.8637 0.1675 220 225 230
5.2087 3.8561 0.2136 220 225 230
5.2024 3.8609 0.2624 220 225 230
5.2041 3.8665 0.3332 220 225 230
5.1990 3.8691 0.3842 220 225 230
5.2087 3.8670 0.4326 220 225 230
5.1900 3.8671 0.4981 220 225 230
5.2008 3.8638 0.5587 220 225 230
5.2025 3.8712 0.6076 220 225 230
5.2031 3.8690 0.6543 220 225 230
5.2006 3.8596 0.7137 220 225 230
5.2001 3.8597 0.7694 220 225 230
5.1980 3.8635 0.8266 220 225 230
5.1947 3.8657 0.8868 220 225 230
5.1973 3.8673 0.9428 220 225 230
5.2111 3.8595 0.9860 220 225 230
5.1940 3.8666 1.0399 220 225 230
5.2026 3.8653 1.1010 220 225 230
5.2049 3.8638 1.1561 220 225 230
5.1964 3.8591 1.2122 220 225 230
5.1965 3.8647 1.2709 220 225 230
5.1900 3.8626 1.3215 220 225 230
5.1953 3.8684 1.3725 220 225 230
5.2058 3.8553 1.4372 220 225 230
5.1994 3.8661 1.4828 220 225 230
5.2040 3.8559 1.5467 220 225 230
5.1976 3.8585 1.6063 220 225 230
5.2016 3.8694 1.6509 220 225 230
5.1968 3.8629 1.7035 220 225 230
5.1954 3.8595 1.7571 220 225 230
5.1998 3.8603 1.8181 220 225 230
5.1877 3.8647 1.8776 220 225 230
5.2053 3.8689 1.9260 220 225 230
5.1979 3.8616 1.9884 220 225 230
5.2077 3.8701 2.0363 220 225 230
5.1950 3.8630 2.0978 220 225 230
5.1934 3.8588 2.1484 220 225 230
5.2052 3.8628 2.2065 220 225 230
5.2030 3.8631 2.2531 220 225 230
5.1983 3.8668 2.3117 220 225 230
5.2007 3.8581 2.3680 220 225 230
5.1961 3.8606 2.4296 220 225 230
5.1989 3.8610 2.4780 220 225 230
5.2077 3.8618 2.5327 220 225 230
5.2029 3.8674 2.5859 220 225 230
5.1983 3.8592 2.6458 220 225 230
5.1980 3.8646 2.7051 220 225 230
5.2012 3.9219 0.0009 220 225 230
5.2009 3.9365 0.0580 220 225 230
5.2042 3.9266 0.1071 220 225 230
5.2026 3.9250 0.1620 220 225 230
5.1942 3.9239 0.2135 220 225 230
5.1964 3.9320 0.2808 220 225 230
5.1983 3.9253 0.3278 220 225 230
5.2060 3.9226 0.3881 220 225 230
5.2002 3.9255 0.4379 220 225 230
5.2065 3.9251 0.4983 220 225 230
5.1915 3.9318 0.5494 220 225 230
5.2000 3.9246 0.6014 220 225 230
5.1975 3.9209 0.6626 220 225 230
5.1945 3.9267 0.7154 220 225 230
5.2010 3.9262 0.7701 220 225 230
5.2043 3.9161 0.8219 220 225 230
5.2066 3.9263 0.8805 220 225 230
5.2014 3.9272 0.9222 220 225 230
5.2021 3.9288 0.9852 220 225 230
5.1953 3.9286 1.0415 220 225 230
5.2032 3.9279 1.1051 220 225 230
5.1981 3.9308 1.1578 220 225 230
5.1964 3.9227 1.2128 220 225 230
5.2053 3.9276 1.2730 220 225 230
5.1999 3.9261 1.3211 220 225 230
5.1998 3.9259 1.3755 220 225 230
5.2038 3.9306 1.4347 220 225 230
5.1955 3.9267 1.4867 220 225 230
5.2009 3.9233 1.5403 220 225 230
5.2043 3.9304 1.5983 220 225 230
5.1953 3.9283 1.6494 220 225 230
5.2049 3.9273 1.7037 220 225 230
5.2039 3.9232 1.7679 220 225 230
5.2003 3.9233 1.8168 220 225 230
5.2071 3.9239 1.8694 220 225 230
5.1976 3.9196 1.9293 220 225 230
5.1977 3.9249 1.9916 220 225 230
5.1999 3.9186 2.0385 220 225 230
5.2044 3.9259 2.0922 220 225 230
5.1991 3.9213 2.1478 220 225 230
5.2002 3.9272 2.2061 220 225 230
5.2105 3.9268 2.2598 220 225 230
5.1985 3.9252 2.3143 220 225 230
5.1989 3.9297 2.3682 220 225 230
5.2047 3.9301 2.4283 220 225 230
5.2000 3.9204 2.4759 220 225 230
5.1957 3.9276 2.5340 220 225 230
5.1991 3.9275 2.5960 220 225 230
5.2081 3.9294 2.6483 220 225 230
5.2001 3.9284 2.6941 220 225 230
5.1983 3.9904 0.0012 220 225 230
5.2037 3.9881 0.0579 220 225 230
5.2010 3.9892 0.1092 220 225 230
5.1947 3.9896 0.1684 220 225 230
5.1947 3.9841 0.2190 220 225 230
5.2030 3.9935 0.2806 220 225 230
5.2030 3.9851 0.3279 220 225 230
5.1974 3.9952 0.3880 220 225 230
5.1942 3.9927 0.4390 220 225 230
5.1968 3.9852 0.5073 220 225 230
5.2009 3.9834 0.5520 220 225 230
5.1959 3.9823 0.6077 220 225 230
5.1967 3.9882 0.6530 220 225 230
5.2037 3.9821 0.7168 220 225 230
5.2029 3.9859 0.7680 220 225 230
5.1943 3.9842 0.8278 220 225 230
5.1884 3.9931 0.8760 220 225 230
5.2031 3.9828 0.9362 220 225 230
5.2012 3.9777 0.9902 220 225 230
5.2001 3.9884 1.0433 220 225 230
5.1969 3.9884 1.1051 220 225 230
5.1981 3.9952 1.1609 220 225 230
5.2050 3.9905 1.2057 220 225 230
5.2049 3.9906 1.2657 220 225 230
5.1975 3.9904 1.3235 220 225 230
5.2058 3.9908 1.3792 220 225 230
5.1951 3.9891 1.4398 220 225 230
5.1986 3.9891 1.4894 220 225 230
5.1995 3.9928 1.5383 220 225 230
5.2024 3.9930 1.6004 220 225 230
5.1964 3.9902 1.6536 220 225 230
5.1953 3.9945 1.7093 220 225 230
5.2068 3.9882 1.7620 220 225 230
5.2042 3.9883 1.8184 220 225 230
5.1939 3.9872 1.8680 220 225 230
5.2015 3.9852 1.9322 220 225 230
5.1997 3.9883 1.9869 220 225 230
5.1989 3.9874 2.0333 220 225 230
5.2018 3.9899 2.0960 220 225 230
5.2022 3.9891 2.1514 220 225 230
5.2019 3.9900 2.2010 220 225 230
5.1949 3.9904 2.2653 220 225 230
5.2020 3.9958 2.3104 220 225 230
5.2014 3.9837 2.3652 220 225 230
5.2035 3.9777 2.4271 220 225 230
5.2036 3.9899 2.4777 220 225 230
5.1977 3.9859 2.5300 220 225 230
5.1963 3.9860 2.5868 220 225 230
5.2067 3.9950 2.6469 220 225 230
5.2008 3.9906 2.7009 220 225 230
5.1942 4.0525 -0.0058 220 225 230
5.2006 4.0516 0.0545 220 225 230
5.2080 4.0498 0.1075 220 225 230
5.1991 4.0462 0.1657 220 225 230
5.2025 4.0476 0.2185 220 225 230
5.1988 4.0530 0.2786 220 225 230
5.1988 4.0500 0.3259 220 225 230
5.1949 4.0481 0.3819 220 225 230
5.1984 4.0512 0.4433 220 225 230
5.1968 4.0481 0.4989 220 225 230
5.2023 4.0501 0.5482 220 225 230
5.1999 4.0504 0.6069 220 225 230
5.2081 4.0537 0.6564 220 225 230
5.1974 4.0497 0.7118 220 225 230
5.2006 4.0525 0.7717 220 225 230
5.2029 4.0488 0.8250 220 225 230
5.2038 4.0491 0.8847 220 225 230
5.1989 4.0550 0.9387 220 225 230
5.1984 4.0486 0.9933 220 225 230
5.2028 4.0529 1.0497 220 225 230
5.1969 4.0507 1.1011 220 225 230
5.1994 4.0437 1.1585 220 225 230
5.2047 4.0522 1.2102 220 225 230
5.2024 4.0486 1.2701 220 225 230
5.1998 4.0500 1.3239 220 225 230
5.2004 4.0516 1.3778 220 225 230
5.1973 4.0489 1.4336 220 225 230
5.2013 4.0506 1.4857 220 225 230
5.2012 4.0512 1.5446 220 225 230
5.1979 4.0524 1.6042 220 225 230
5.1941 4.0590 1.6541 220 225 230
5.1980 4.0480 1.7165 220 225 230
5.1993 4.0523 1.7609 220 225 230
5.1941 4.0538 1.8253 220 225 230
5.2065 4.0499 1.8718 220 225 230
5.1987 4.0542 1.9339 220 225 230
5.2025 4.0513 1.9927 220 225 230
5.2005 4.0514 2.0387 220 225 230
5.1997 4.0534 2.0977 220 225 230
5.1967 4.0532 2.1482 220 225 230
5.2012 4.0491 2.2009 220 225 230
5.1982 4.0509 2.2576 220 225 230
5.1994 4.0458 2.3217 220 225 230
5.2004 4.0506 2.3724 220 225 230
5.1991 4.0438 2.4237 220 225 230
5.2014 4.0534 2.4842 220 225 230
5.2038 4.0529 2.5349 220 225 230
5.1994 4.0562 2.5848 220 225 230
5.1977 4.0496 2.6404 220 225 230
5.2018 4.0541 2.7062 220 225 230
5.1942 4.1125 -0.0092 220 225 230
5.1993 4.1162 0.0495 220 225 230
5.2015 4.1117 0.1025 220 225 230
5.2037 4.1107 0.1748 220 225 230
5.1903 4.1113 0.2162 220 225 230
5.1962 4.1082 0.2736 220 225 230
5.2028 4.1090 0.3349 220 225 230
5.1930 4.1056 0.3850 220 225 230
5.2041 4.1146 0.4411 220 225 230
5.1929 4.1184 0.4935 220 225 230
5.2040 4.1155 0.5507 220 225 230
5.1950 4.1155 0.6122 220 225 230
5.1984 4.1126 0.6653 220 225 230
5.1960 4.1099 0.7216 220 225 230
5.2096 4.1148 0.7785 220 225 230
5.2034 4.1141 0.8191 220 225 230
5.2026 4.1095 0.8746 220 225 230
5.2026 4.1167 0.9418 220 225 230
5.1961 4.1122 0.9914 220 225 230
5.2001 4.1042 1.0490 220 225 230
5.2009 4.1071 1.0994 220 225 230
5.2015 4.1150 1.1616 220 225 230
5.2027 4.1145 1.2090 220 225 230
5.1965 4.1135 1.2662 220 225 230
5.2047 4.1149 1.3149 220 225 230
5.2012 4.0992 1.3710 220 225 230
5.2065 4.1181 1.4303 220 225 230
5.1973 4.1083 1.4859 220 225 230
5.1947 4.1100 1.5522 220 225 230
5.2010 4.1128 1.5972 220 225 230
5.2000 4.1148 1.6484 220 225 230
5.1990 4.1125 1.7038 220 225 230
5.1976 4.1136 1.7627 220 225 230
5.1982 4.1155 1.8116 220 225 230
5.2036 4.1117 1.8805 220 225 230
5.1995 4.1193 1.9267 220 225 230
5.2110 4.1076 1.9813 220 225 230
5.2045 4.1142 2.0417 220 225 230
5.1981 4.1167 2.0983 220 225 230
5.1975 4.1200 2.1467 220 225 230
5.1978 4.1153 2.2042 220 225 230
5.1990 4.1086 2.2609 220 225 230
5.2007 4.1124 2.3088 220 225 230
5.1993 4.1109 2.3709 220 225 230
5.2029 4.1173 2.4232 220 225 230
5.1987 4.1138 2.4712 220 225 230
5.2016 4.1217 2.5367 220 225 230
5.1988 4.1069 2.5873 220 225 230
5.2046 4.1091 2.6467 220 225 230
5.2034 4.1151 2.7012 220 225 230
5.1984 4.1718 -0.0015 220 225 230
5.1904 4.1694 0.0593 220 225 230
5.2018 4.1741 0.1133 220 225 230
5.2006 4.1799 0.1645 220 225 230
5.2053 4.1761 0.2228 220 225 230
5.1964 4.1786 0.2786 220 225 230
5.1976 4.1729 0.3221 220 225 230
5.1984 4.1737 0.3916 220 225 230
5.1989 4.1848 0.4405 220 225 230
5.1988 4.1775 0.4980 220 225 230
5.2002 4.1730 0.5461 220 225 230
5.1950 4.1761 0.6045 220 225 230
5.2029 4.1709 0.6673 220 225 230
5.1968 4.1758 0.7186 220 225 230
5.1995 4.1703 0.7721 220 225 230
5.2052 4.1843 0.8193 220 225 230
5.2034 4.1742 0.8775 220 225 230
5.2020 4.1755 0.9328 220 225 230
5.2019 4.1790 0.9951 220 225 230
5.1967 4.1820 1.0514 220 225 230
5.1969 4.1712 1.0930 220 225 230
5.2013 4.1640 1.1599 220 225 230
5.1933 4.1779 1.2150 220 225 230
5.2003 4.1803 1.2636 220 225 230
5.2011 4.1773 1.3146 220 225 230
5.2061 4.1758 1.3787 220 225 230
5.1978 4.1718 1.4343 220 225 230
5.1997 4.1668 1.4871 220 225 230
5.2022 4.1792 1.5403 220 225 230
5.1963 4.1772 1.5950 220 225 230
5.1999 4.1793 1.6508 220 225 230
5.1987 4.1726 1.7076 220 225 230
5.2034 4.1767 1.7662 220 225 230
5.2013 4.1784 1.8123 220 225 230
5.2022 4.1733 1.8750 220 225 230
5.2001 4.1720 1.9260 220 225 230
5.1930 4.1707 1.9863 220 225 230
5.2034 4.1712 2.0394 220 225 230
5.1997 4.1760 2.0955 220 225 230
5.2021 4.1783 2.1488 220 225 230
5.1982 4.1790 2.2073 220 225 230
5.1948 4.1753 2.2592 220 225 230
5.1977 4.1745 2.3103 220 225 230
5.1981 4.1775 2.3735 220 225 230
5.2059 4.1672 2.4267 220 225 230
5.1958 4.1705 2.4819 220 225 230
5.2000 4.1793 2.5426 220 225 230
5.1969 4.1751 2.5924 220 225 230
5.1935 4.1714 2.6372 220 225 230
5.1988 4.1746 2.6976 220 225 230
5.2000 4.2364 0.0017 220 225 230
5.2026 4.2324 0.0533 220 225 230
5.2049 4.2365 0.1170 220 225 230
5.2007 4.2279 0.1646 220 225 230
5.2008 4.2325 0.2195 220 225 230
5.2035 4.2355 0.2769 220 225 230
5.2046 4.2417 0.3177 220 225 230
5.2024 4.2373 0.3852 220 225 230
5.2039 4.2373 0.4435 220 225 230
5.1950 4.2389 0.4900 220 225 230
5.1982 4.2383 0.5443 220 225 230
5.2023 4.2344 0.6067 220 225 230
5.2029 4.2319 0.6601 220 225 230
5.1971 4.2399 0.7244 220 225 230
5.1958 4.2353 0.7678 220 225 230
5.2077 4.2371 0.8239 220 225 230
5.1963 4.2392 0.8773 220 225 230
5.2009 4.2349 0.9364 220 225 230
5.1964 4.2337 0.9825 220 225 230
5.1935 4.2384 1.0507 220 225 230
5.2001 4.2391 1.1055 220 225 230
5.1994 4.2390 1.1539 220 225 230
5.2022 4.2423 1.2181 220 225 230
5.2040 4.2399 1.2626 220 225 230
5.2033 4.2365 1.3239 220 225 230
5.2038 4.2322 1.3810 220 225 230
5.1989 4.2397 1.4294 220 225 230
5.2028 4.2302 1.4809 220 225 230
5.1897 4.2344 1.5468 220 225 230
5.1933 4.2323 1.5902 220 225 230
5.1949 4.2336 1.6555 220 225 230
5.1948 4.2317 1.7059 220 225 230
5.2063 4.2461 1.7663 220 225 230
5.1977 4.2309 1.8140 220 225 230
5.2061 4.2360 1.8797 220 225 230
5.2086 4.2461 1.9236 220 225 230
5.1978 4.2386 1.9864 220 225 230
5.2012 4.2419 2.0358 220 225 230
5.1996 4.2358 2.0940 220 225 230
5.2072 4.2347 2.1498 220 225 230
5.1943 4.2351 2.2059 220 225 230
5.1996 4.2414 2.2590 220 225 230
5.1979 4.2311 2.3109 220 225 230
5.1965 4.2379 2.3704 220 225 230
5.1935 4.2390 2.4268 220 225 230
5.1952 4.2417 2.4779 220 225 230
5.2018 4.2372 2.5335 220 225 230
5.1910 4.2398 2.5860 220 225 230
5.1968 4.2377 2.6413 220 225 230
5.1963 4.2380 2.7003 220 225 230
5.1981 4.3076 -0.0011 220 225 230
5.1995 4.3010 0.0573 220 225 230
5.2013 4.3032 0.1081 220 225 230
5.1998 4.3073 0.1684 220 225 230
5.2002 4.2989 0.2169 220 225 230
5.2002 4.2996 0.2767 220 225 230
5.2044 4.3043 0.3284 220 225 230
5.1911 4.2947 0.3865 220 225 230
5.1983 4.2926 0.4429 220 225 230
5.2014 4.3028 0.5012 220 225 230
5.2103 4.2995 0.5520 220 225 230
5.1972 4.3008 0.6051 220 225 230
5.2038 4.3002 0.6646 220 225 230
5.2039 4.3047 0.7183 220 225 230
5.2031 4.2958 0.7745 220 225 230
5.2030 4.3027 0.8266 220 225 230
5.1965 4.3084 0.8788 220 225 230
5.1960 4.3020 0.9383 220 225 230
5.1973 4.3029 0.9909 220 225 230
5.1981 4.3006 1.0544 220 225 230
5.1947 4.2990 1.0968 220 225 230
5.2020 4.3011 1.1629 220 225 230
5.1946 4.2946 1.2096 220 225 230
5.2058 4.2975 1.2699 220 225 230
5.2052 4.2983 1.3234 220 225 230
5.1990 4.3033 1.3742 220 225 230
5.2013 4.3053 1.4278 220 225 230
5.2042 4.3031 1.4826 220 225 230
5.2027 4.3050 1.5485 220 225 230
5.2002 4.3016 1.5930 220 225 230
5.1987 4.2969 1.6567 220 225 230
5.2020 4.2953 1.7115 220 225 230
5.2062 4.3046 1.7625 220 225 230
5.2050 4.3042 1.8150 220 225 230
5.2031 4.3045 1.8737 220 225 230
5.2023 4.2969 1.9263 220 225 230
5.2059 4.3049 1.9887 220 225 230
5.2015 4.2906 2.0339 220 225 230
5.2031 4.2975 2.1004 220 225 230
5.1999 4.3001 2.1455 220 225 230
5.1992 4.2989 2.1972 220 225 230
5.2059 4.3025 2.2559 220 225 230
5.1972 4.3031 2.3149 220 225 230
5.2018 4.2974 2.3697 220 225 230
5.1968 4.3008 2.4336 220 225 230
5.1964 4.3076 2.4765 220 225 230
5.1960 4.3004 2.5375 220 225 230
5.1967 4.2967 2.5865 220 225 230
5.2071 4.3047 2.6445 220 225 230
5.2085 4.2909 2.7030 220 225 230
-0.0006 4.2934 0.0030 220 225 230
0.0070 4.3003 0.0617 220 225 230
0.0083 4.2982 0.1088 220 225 230
0.0003 4.3049 0.1693 220 225 230
-0.0013 4.3004 0.2170 220 225 230
-0.0027 4.2987 0.2746 220 225 230
-0.0066 4.2979 0.3280 220 225 230
0.0026 4.2973 0.3931 220 225 230
-0.0029 4.3081 0.4467 220 225 230
0.0044 4.2957 0.5021 220 225 230
0.0007 4.3001 0.5516 220 225 230
0.0058 4.2979 0.6022 220 225 230
0.0047 4.2978 0.6700 220 225 230
-0.0065 4.3010 0.7182 220 225 230
0.0023 4.3017 0.7674 220 225 230
0.0009 4.2998 0.8268 220 225 230
0.0002 4.3070 0.8838 220 225 230
0.0045 4.3044 0.9391 220 225 230
0.0003 4.2999 0.9950 220 225 230
0.0039 4.3039 1.0447 220 225 230
-0.0041 4.3041 1.1039 220 225 230
0.0014 4.3022 1.1644 220 225 230
0.0006 4.3039 1.2065 220 225 230
-0.0010 4.3027 1.2637 220 225 230
0.0011 4.3059 1.3219 220 225 230
0.0059 4.3033 1.3768 220 225 230
-0.0002 4.2942 1.4244 220 225 230
-0.0040 4.2976 1.4821 220 225 230
-0.0027 4.3016 1.5388 220 225 230
0.0005 4.2982 1.6010 220 225 230
0.0025 4.3059 1.6557 220 225 230
-0.0028 4.2994 1.7044 220 225 230
0.0004 4.3040 1.7638 220 225 230
-0.0022 4.3046 1.8125 220 225 230
-0.0005 4.3014 1.8811 220 225 230
-0.0014 4.3032 1.9242 220 225 230
0.0039 4.2995 1.9840 220 225 230
-0.0017 4.3064 2.0424 220 225 230
-0.0072 4.3000 2.0939 220 225 230
0.0063 4.2988 2.1580 220 225 230
-0.0017 4.3008 2.2019 220 225 230
0.0032 4.3009 2.2622 220 225 230
-0.0022 4.2981 2.3164 220 225 230
0.0060 4.3050 2.3725 220 225 230
-0.0028 4.2990 2.4253 220 225 230
0.0023 4.2978 2.4884 220 225 230
-0.0040 4.3010 2.5323 220 225 230
0.0010 4.2963 2.5870 220 225 230
-0.0046 4.2983 2.6402 220 225 230
-0.0038 4.3004 2.6964 220 225 230
0.0725 4.2979 0.0030 220 225 230
0.0726 4.2993 0.0547 220 225 230
0.0643 4.3020 0.1148 220 225 230
0.0706 4.2997 0.1674 220 225 230
0.0644 4.3035 0.2197 220 225 230
0.0627 4.3040 0.2684 220 225 230
0.0657 4.2919 0.3276 220 225 230
0.0717 4.2992 0.3759 220 225 230
0.0735 4.2987 0.4370 220 225 230
0.0680 4.3010 0.4994 220 225 230
0.0648 4.3008 0.5528 220 225 230
0.0701 4.2988 0.6083 220 225 230
0.0613 4.3024 0.6650 220 225 230
0.0672 4.2964 0.7136 220 225 230
0.0631 4.3003 0.7723 220 225 230
0.0603 4.2924 0.8273 220 225 230
0.0637 4.3064 0.8873 220 225 230
0.0629 4.2959 0.9303 220 225 230
0.0601 4.2995 0.9902 220 225 230
0.0662 4.3034 1.0449 220 225 230
0.0669 4.2992 1.1058 220 225 230
0.0675 4.3057 1.1514 220 225 230
0.0631 4.2982 1.2141 220 225 230
0.0654 4.2942 1.2629 220 225 230
0.0633 4.3055 1.3301 220 225 230
0.0693 4.3003 1.3807 220 225 230
0.0663 4.2976 1.4317 220 225 230
0.0635 4.3078 1.4863 220 225 230
0.0647 4.2996 1.5469 220 225 230
0.0633 4.2995 1.5919 220 225 230
0.0667 4.3020 1.6463 220 225 230
0.0651 4.3035 1.7117 220 225 230
0.0722 4.3006 1.7634 220 225 230
0.0663 4.2992 1.8139 220 225 230
0.0699 4.3005 1.8721 220 225 230
0.0661 4.2911 1.9282 220 225 230
0.0732 4.2983 1.9856 220 225 230
0.0708 4.3020 2.0326 220 225 230
0.0755 4.2930 2.0889 220 225 230
0.0672 4.3059 2.1471 220 225 230
0.0639 4.3010 2.2123 220 225 230
0.0673 4.3023 2.2582 220 225 230
0.0615 4.3018 2.3178 220 225 230
0.0654 4.3038 2.3735 220 225 230
0.0730 4.3014 2.4232 220 225 230
0.0632 4.2970 2.4843 220 225 230
0.0637 4.3035 2.5358 220 225 230
0.0655 4.2936 2.5936 220 225 230
0.0682 4.3021 2.6465 220 225 230
0.0703 4.3053 2.6978 220 225 230
0.1306 4.2952 0.0144 220 225 230
0.1402 4.2993 0.0655 220 225 230
0.1292 4.2945 0.1116 220 225 230
0.1337 4.2985 0.1740 220 225 230
0.1329 4.2981 0.2202 220 225 230
0.1303 4.3012 0.2698 220 225 230
0.1319 4.2952 0.3291 220 225 230
0.1347 4.2988 0.3825 220 225 230
0.1290 4.3010 0.4440 220 225 230
0.1331 4.3026 0.4929 220 225 230
0.1237 4.3037 0.5533 220 225 230
0.1332 4.2992 0.6082 220 225 230
0.1292 4.2938 0.6642 220 225 230
0.1345 4.3018 0.7151 220 225 230
0.1230 4.2999 0.7747 220 225 230
0.1332 4.2974 0.8261 220 225 230
0.1321 4.3011 0.8849 220 225 230
0.1297 4.3023 0.9360 220 225 230
0.1350 4.2999 0.9929 220 225 230
0.1308 4.2982 1.0536 220 225 230
0.1294 4.3014 1.0938 220 225 230
0.1332 4.3068 1.1536 220 225 230
0.1302 4.2975 1.2174 220 225 230
0.1310 4.2968 1.2612 220 225 230
0.1408 4.2967 1.3226 220 225 230
0.1267 4.3046 1.3774 220 225 230
0.1312 4.2953 1.4381 220 225 230
0.1321 4.2991 1.4818 220 225 230
0.1314 4.2929 1.5478 220 225 230
0.1354 4.3006 1.5985 220 225 230
0.1331 4.2996 1.6575 220 225 230
0.1330 4.3014 1.7096 220 225 230
0.1373 4.3029 1.7622 220 225 230
0.1309 4.2958 1.8165 220 225 230
0.1353 4.3051 1.8688 220 225 230
0.1329 4.3038 1.9248 220 225 230
0.1232 4.2963 1.9862 220 225 230
0.1345 4.2956 2.0401 220 225 230
0.1306 4.3043 2.0976 220 225 230
0.1265 4.2999 2.1510 220 225 230
0.1362 4.2986 2.2092 220 225 230
0.1383 4.2982 2.2533 220 225 230
0.1287 4.3008 2.3188 220 225 230
0.1417 4.2960 2.3713 220 225 230
0.1247 4.3069 2.4224 220 225 230
0.1353 4.3026 2.4758 220 225 230
0.1290 4.3006 2.5380 220 225 230
0.1227 4.2977 2.5873 220 225 230
0.1381 4.3032 2.6410 220 225 230
0.1313 4.2965 2.6939 220 225 230
0.1933 4.2937 0.0030 220 225 230
0.2011 4.3001 0.0501 220 225 230
0.2027 4.2954 0.1151 220 225 230
0.1980 4.2976 0.1654 220 225 230
0.1967 4.2946 0.2242 220 225 230
0.1981 4.3049 0.2782 220 225 230
0.1973 4.2944 0.3342 220 225 230
0.1978 4.3019 0.3845 220 225 230
0.2017 4.3018 0.4359 220 225 230
0.1927 4.3068 0.4998 220 225 230
0.2016 4.2996 0.5547 220 225 230
0.2019 4.2970 0.6102 220 225 230
0.1977 4.3029 0.6629 220 225 230
0.1920 4.3013 0.7136 220 225 230
0.1940 4.3045 0.7806 220 225 230
0.1947 4.2967 0.8264 220 225 230
0.1983 4.3054 0.8843 220 225 230
0.1970 4.2955 0.9331 220 225 230
0.1946 4.3063 0.9926 220 225 230
0.1995 4.2977 1.0405 220 225 230
0.1968 4.2991 1.1013 220 225 230
0.1904 4.2986 1.1570 220 225 230
0.1891 4.2976 1.2157 220 225 230
0.1969 4.3005 1.2711 220 225 230
0.1987 4.2996 1.3194 220 225 230
0.1990 4.3039 1.3831 220 225 230
0.1974 4.3006 1.4340 220 225 230
0.1947 4.2970 1.4852 220 225 230
0.1885 4.2968 1.5461 220 225 230
0.1947 4.2946 1.5984 220 225 230
0.2013 4.3075 1.6543 220 225 230
0.1841 4.3003 1.7069 220 225 230
0.1997 4.2992 1.7619 220 225 230
0.2015 4.3045 1.8182 220 225 230
0.1898 4.2946 1.8718 220 225 230
0.1998 4.3046 1.9279 220 225 230
0.2039 4.3017 1.9853 220 225 230
0.1924 4.3011 2.0453 220 225 230
0.2105 4.3003 2.0945 220 225 230
0.2014 4.3000 2.1528 220 225 230
0.2046 4.2941 2.2098 220 225 230
0.1885 4.2915 2.2612 220 225 230
0.1981 4.3008 2.3128 220 225 230
0.1946 4.2978 2.3727 220 225 230
0.1967 4.3050 2.4327 220 225 230
0.2016 4.2990 2.4781 220 225 230
0.1968 4.2962 2.5356 220 225 230
0.1969 4.3027 2.5885 220 225 230
0.2032 4.2992 2.6434 220 225 230
0.1934 4.3038 2.7009 220 225 230
0.2609 4.3004 0.0051 220 225 230
0.2566 4.3036 0.0534 220 225 230
0.2646 4.2947 0.1138 220 225 230
0.2583 4.2984 0.1675 220 225 230
0.2567 4.2983 0.2155 220 225 230
0.2673 4.3023 0.2704 220 225 230
0.2635 4.3048 0.3187 220 225 230
0.2616 4.2953 0.3880 220 225 230
0.2643 4.2974 0.4363 220 225 230
0.2620 4.3035 0.5023 220 225 230
0.2728 4.3042 0.5497 220 225 230
0.2622 4.2971 0.6056 220 225 230
0.2728 4.2940 0.6721 220 225 230
0.2587 4.2973 0.7183 220 225 230
0.2637 4.3001 0.7732 220 225 230
0.2641 4.3063 0.8294 220 225 230
0.2600 4.3101 0.8811 220 225 230
0.2595 4.3031 0.9398 220 225 230
0.2646 4.2979 0.9881 220 225 230
0.2641 4.2997 1.0532 220 225 230
0.2580 4.2968 1.1030 220 225 230
0.2620 4.3084 1.1556 220 225 230
0.2627 4.2948 1.2160 220 225 230
0.2569 4.3001 1.2684 220 225 230
0.2714 4.2990 1.3196 220 225 230
0.2638 4.2981 1.3778 220 225 230
0.2642 4.2954 1.4337 220 225 230
0.2643 4.3040 1.4927 220 225 230
0.2661 4.3028 1.5337 220 225 230
0.2639 4.3033 1.5975 220 225 230
0.2647 4.3019 1.6487 220 225 230
0.2649 4.2941 1.7046 220 225 230
0.2658 4.2982 1.7591 220 225 230
0.2724 4.2984 1.8183 220 225 230
0.2665 4.2923 1.8765 220 225 230
0.2667 4.2967 1.9277 220 225 230
0.2639 4.3056 1.9806 220 225 230
0.2623 4.3018 2.0406 220 225 230
0.2635 4.3003 2.0921 220 225 230
0.2607 4.2986 2.1448 220 225 230
0.2612 4.2921 2.2090 220 225 230
0.2631 4.3028 2.2546 220 225 230
0.2629 4.2997 2.3124 220 225 230
0.2595 4.3017 2.3810 220 225 230
0.2646 4.3091 2.4250 220 225 230
0.2642 4.2941 2.4760 220 225 230
0.2651 4.3011 2.5414 220 225 230
0.2641 4.3023 2.5916 220 225 230
0.2577 4.3038 2.6425 220 225 230
0.2666 4.3014 2.6979 220 225 230
0.3281 4.2979 0.0032 220 225 230
0.3276 4.2927 0.0667 220 225 230
0.3210 4.3008 0.1165 220 225 230
0.3297 4.3018 0.1620 220 225 230
0.3292 4.2974 0.2199 220 225 230
0.3299 4.2987 0.2723 220 225 230
0.3362 4.2980 0.3283 220 225 230
0.3362 4.3022 0.3733 220 225 230
0.3313 4.2928 0.4361 220 225 230
0.3352 4.3014 0.4925 220 225 230
0.3224 4.3044 0.5517 220 225 230
0.3310 4.2946 0.6076 220 225 230
0.3280 4.2971 0.6628 220 225 230
0.3282 4.3016 0.7183 220 225 230
0.3306 4.2971 0.7798 220 225 230
0.3291 4.2993 0.8279 220 225 230
0.3251 4.2974 0.8812 220 225 230
0.3272 4.2917 0.9366 220 225 230
0.3308 4.2966 0.9860 220 225 230
0.3314 4.2992 1.0404 220 225 230
0.3310 4.3012 1.1028 220 225 230
0.3337 4.3030 1.1565 220 225 230
0.3275 4.2978 1.2133 220 225 230
0.3202 4.3023 1.2678 220 225 230
0.3245 4.2990 1.3242 220 225 230
0.3267 4.3091 1.3779 220 225 230
0.3345 4.2961 1.4350 220 225 230
0.3267 4.2961 1.4893 220 225 230
0.3271 4.2952 1.5394 220 225 230
0.3304 4.2926 1.5992 220 225 230
0.3248 4.3018 1.6559 220 225 230
0.3311 4.3016 1.7084 220 225 230
0.3348 4.2942 1.7720 220 225 230
0.3292 4.3028 1.8250 220 225 230
0.3350 4.2989 1.8683 220 225 230
0.3298 4.3015 1.9311 220 225 230
0.3243 4.3019 1.9823 220 225 230
0.3283 4.3027 2.0318 220 225 230
0.3261 4.3017 2.1016 220 225 230
0.3281 4.2978 2.1542 220 225 230
0.3326 4.3043 2.2010 220 225 230
0.3337 4.2972 2.2532 220 225 230
0.3356 4.3007 2.3157 220 225 230
0.3273 4.2982 2.3642 220 225 230
0.3222 4.2970 2.4248 220 225 230
0.3338 4.2926 2.4779 220 225 230
0.3300 4.2973 2.5328 220 225 230
0.3296 4.2983 2.5905 220 225 230
0.3218 4.2987 2.6449 220 225 230
0.3271 4.3035 2.6981 220 225 230
0.3935 4.2964 0.0046 220 225 230
0.3908 4.2973 0.0531 220 225 230
0.3884 4.3071 0.1133 220 225 230
0.3963 4.2950 0.1672 220 225 230
0.3986 4.2988 0.2185 220 225 230
0.4028 4.2945 0.2816 220 225 230
0.3931 4.3001 0.3306 220 225 230
0.3945 4.3047 0.3885 220 225 230
0.3964 4.3003 0.4384 220 225 230
0.3918 4.2954 0.4956 220 225 230
0.3966 4.2987 0.5556 220 225 230
0.4004 4.3038 0.6080 220 225 230
0.3944 4.3035 0.6621 220 225 230
0.3914 4.3000 0.7146 220 225 230
0.3912 4.2993 0.7714 220 225 230
0.3963 4.3009 0.8299 220 225 230
0.3939 4.2986 0.8865 220 225 230
0.4001 4.3010 0.9346 220 225 230
0.3976 4.2975 0.9915 220 225 230
0.3899 4.2956 1.0469 220 225 230
0.3905 4.2873 1.0982 220 225 230
0.3903 4.2923 1.1649 220 225 230
0.3900 4.2965 1.2143 220 225 230
0.4001 4.2975 1.2670 220 225 230
0.3973 4.3044 1.3185 220 225 230
0.4005 4.3045 1.3775 220 225 230
0.3877 4.3002 1.4333 220 225 230
0.3912 4.3028 1.4871 220 225 230
0.3942 4.2981 1.5369 220 225 230
0.3914 4.3049 1.5987 220 225 230
0.3956 4.2978 1.6532 220 225 230
0.3903 4.3026 1.7113 220 225 230
0.4001 4.3029 1.7615 220 225 230
0.3984 4.2975 1.8260 220 225 230
0.3998 4.3064 1.8804 220 225 230
0.3957 4.3057 1.9252 220 225 230
0.3919 4.2944 1.9831 220 225 230
0.3964 4.3021 2.0455 220 225 230
0.3950 4.2970 2.0977 220 225 230
0.3857 4.3007 2.1520 220 225 230
0.3909 4.2977 2.2065 220 225 230
0.3999 4.2998 2.2539 220 225 230
0.3951 4.3015 2.3158 220 225 230
0.3902 4.3088 2.3747 220 225 230
0.3986 4.3028 2.4189 220 225 230
0.3944 4.2959 2.4858 220 225 230
0.3922 4.3035 2.5355 220 225 230
0.4015 4.3042 2.5862 220 225 230
0.3958 4.3029 2.6521 220 225 230
0.3925 4.3051 2.7073 220 225 230
0.4656 4.2990 0.0018 220 225 230
0.4636 4.3011 0.0493 220 225 230
0.4550 4.3018 0.1106 220 225 230
0.4680 4.2998 0.1664 220 225 230
0.4613 4.2919 0.2194 220 225 230
0.4638 4.3016 0.2783 220 225 230
0.4529 4.2937 0.3215 220 225 230
0.4513 4.3026 0.3832 220 225 230
0.4599 4.2967 0.4355 220 225 230
0.4552 4.3027 0.4929 220 225 230
0.4627 4.3030 0.5534 220 225 230
0.4637 4.2948 0.6005 220 225 230
0.4597 4.3019 0.6664 220 225 230
0.4640 4.3037 0.7119 220 225 230
0.4641 4.3026 0.7719 220 225 230
0.4570 4.2905 0.8183 220 225 230
0.4645 4.2984 0.8813 220 225 230
0.4522 4.3020 0.9406 220 225 230
0.4589 4.3039 0.9912 220 225 230
0.4665 4.3006 1.0458 220 225 230
0.4622 4.3000 1.1033 220 225 230
0.4598 4.2966 1.1561 220 225 230
0.4551 4.3007 1.2108 220 225 230
0.4644 4.3008 1.2600 220 225 230
0.4646 4.3014 1.3224 220 225 230
0.4598 4.3067 1.3787 220 225 230
0.4564 4.2979 1.4316 220 225 230
0.4609 4.3031 1.4909 220 225 230
0.4633 4.2962 1.5387 220 225 230
0.4585 4.2936 1.5943 220 225 230
0.4571 4.2948 1.6548 220 225 230
0.4629 4.2921 1.7078 220 225 230
0.4630 4.2993 1.7638 220 225 230
0.4530 4.3030 1.8224 220 225 230
0.4612 4.3044 1.8753 220 225 230
0.4645 4.2987 1.9326 220 225 230
0.4579 4.2988 1.9836 220 225 230
0.4610 4.3072 2.0356 220 225 230
0.4628 4.3020 2.0919 220 225 230
0.4590 4.3010 2.1465 220 225 230
0.4627 4.2966 2.2065 220 225 230
0.4629 4.3013 2.2553 220 225 230
0.4607 4.3040 2.3087 220 225 230
0.4634 4.2939 2.3714 220 225 230
0.4631 4.2998 2.4186 220 225 230
0.4667 4.2909 2.4841 220 225 230
0.4594 4.2909 2.5361 220 225 230
0.4567 4.3008 2.5928 220 225 230
0.4626 4.2986 2.6389 220 225 230
0.4605 4.2974 2.6952 220 225 230
0.5289 4.3001 0.0030 220 225 230
0.5237 4.3064 0.0538 220 225 230
0.5303 4.3034 0.1160 220 225 230
0.5219 4.3013 0.1616 220 225 230
0.5299 4.2920 0.2155 220 225 230
0.5264 4.2993 0.2746 220 225 230
0.5297 4.3064 0.3337 220 225 230
0.5319 4.2980 0.3867 220 225 230
0.5281 4.2998 0.4447 220 225 230
0.5313 4.2995 0.4942 220 225 230
0.5257 4.2973 0.5493 220 225 230
0.5311 4.2950 0.6069 220 225 230
0.5295 4.2940 0.6608 220 225 230
0.5276 4.2981 0.7102 220 225 230
0.5256 4.2983 0.7746 220 225 230
0.5313 4.3012 0.8263 220 225 230
0.5291 4.3000 0.8835 220 225 230
0.5283 4.2999 0.9328 220 225 230
0.5276 4.3005 0.9872 220 225 230
0.5324 4.3008 1.0436 220 225 230
0.5282 4.2944 1.0969 220 225 230
0.5282 4.3045 1.1541 220 225 230
0.5320 4.2994 1.2129 220 225 230
0.5268 4.2970 1.2627 220 225 230
0.5251 4.3014 1.3221 220 225 230
0.5243 4.3043 1.3810 220 225 230
0.5254 4.3027 1.4337 220 225 230
0.5246 4.2965 1.4829 220 225 230
0.5178 4.2980 1.5408 220 225 230
0.5316 4.2919 1.5970 220 225 230
0.5306 4.2960 1.6516 220 225 230
0.5273 4.2924 1.7196 220 225 230
0.5217 4.2933 1.7590 220 225 230
0.5259 4.2951 1.8224 220 225 230
0.5264 4.2965 1.8685 220 225 230
0.5254 4.3022 1.9293 220 225 230
0.5337 4.2987 1.9873 220 225 230
0.5308 4.2995 2.0388 220 225 230
0.5243 4.3009 2.0890 220 225 230
0.5238 4.2991 2.1478 220 225 230
0.5326 4.3007 2.2064 220 225 230
0.5358 4.3024 2.2611 220 225 230
0.5324 4.2981 2.3159 220 225 230
0.5300 4.2995 2.3685 220 225 230
0.5286 4.2991 2.4240 220 225 230
0.5184 4.2946 2.4724 220 225 230
0.5236 4.2995 2.5316 220 225 230
0.5273 4.2940 2.5934 220 225 230
0.5276 4.2982 2.6421 220 225 230
0.5288 4.2997 2.7042 220 225 230
0.5918 4.2988 -0.0052 220 225 230
0.5901 4.3035 0.0534 220 225 230
0.5890 4.2960 0.1150 220 225 230
0.5968 4.3035 0.1566 220 225 230
0.5963 4.3043 0.2199 220 225 230
0.5931 4.2988 0.2827 220 225 230
0.5906 4.3045 0.3327 220 225 230
0.5950 4.2972 0.3863 220 225 230
0.5883 4.2964 0.4402 220 225 230
0.6032 4.3000 0.4962 220 225 230
0.5939 4.3008 0.5523 220 225 230
0.5928 4.2991 0.6114 220 225 230
0.5884 4.3019 0.6657 220 225 230
0.5927 4.3037 0.7170 220 225 230
0.5952 4.2919 0.7754 220 225 230
0.5901 4.3000 0.8214 220 225 230
0.5949 4.2922 0.8798 220 225 230
0.5913 4.2950 0.9310 220 225 230
0.5975 4.2998 0.9888 220 225 230
0.5939 4.2991 1.0478 220 225 230
0.5946 4.3039 1.1021 220 225 230
0.5943 4.2937 1.1584 220 225 230
0.5940 4.3057 1.2153 220 225 230
0.5918 4.3019 1.2667 220 225 230
0.5944 4.3068 1.3276 220 225 230
0.5943 4.3016 1.3755 220 225 230
0.5925 4.3024 1.4277 220 225 230
0.5923 4.3003 1.4812 220 225 230
0.5943 4.2973 1.5430 220 225 230
0.5910 4.3079 1.5976 220 225 230
0.5876 4.2971 1.6496 220 225 230
0.5999 4.3043 1.7112 220 225 230
0.5867 4.3030 1.7677 220 225 230
0.5950 4.2967 1.8215 220 225 230
0.5946 4.3009 1.8719 220 225 230
0.5949 4.2949 1.9315 220 225 230
0.5872 4.3001 1.9872 220 225 230
0.5923 4.2965 2.0335 220 225 230
0.5880 4.3023 2.0977 220 225 230
0.5883 4.3089 2.1449 220 225 230
0.5883 4.3006 2.2061 220 225 230
0.5866 4.2943 2.2538 220 225 230
0.5910 4.2989 2.3107 220 225 230
0.5827 4.2959 2.3665 220 225 230
0.5927 4.3020 2.4235 220 225 230
0.5945 4.2978 2.4798 220 225 230
0.5906 4.2995 2.5422 220 225 230
0.5842 4.3059 2.5839 220 225 230
0.5874 4.3004 2.6407 220 225 230
0.5882 4.2961 2.7079 220 225 230
0.6563 4.2905 0.0007 220 225 230
0.6602 4.2893 0.0619 220 225 230
0.6546 4.3002 0.1127 220 225 230
0.6605 4.2931 0.1622 220 225 230
0.6606 4.2992 0.2184 220 225 230
0.6556 4.2943 0.2745 220 225 230
0.6640 4.3035 0.3307 220 225 230
0.6553 4.3072 0.3840 220 225 230
0.6540 4.3013 0.4361 220 225 230
0.6611 4.3029 0.4920 220 225 230
0.6643 4.3080 0.5501 220 225 230
0.6523 4.2942 0.6064 220 225 230
0.6594 4.3119 0.6625 220 225 230
0.6614 4.2954 0.7161 220 225 230
0.6659 4.3051 0.7717 220 225 230
0.6512 4.3009 0.8238 220 225 230
0.6590 4.3009 0.8749 220 225 230
0.6518 4.2996 0.9352 220 225 230
0.6601 4.2988 0.9915 220 225 230
0.6641 4.2997 1.0494 220 225 230
0.6617 4.2981 1.1042 220 225 230
0.6582 4.3008 1.1525 220 225 230
0.6562 4.3036 1.2094 220 225 230
0.6677 4.2954 1.2601 220 225 230
0.6541 4.3039 1.3235 220 225 230
0.6613 4.3029 1.3786 220 225 230
0.6635 4.3015 1.4322 220 225 230
0.6574 4.2993 1.4863 220 225 230
0.6571 4.3045 1.5440 220 225 230
0.6561 4.3002 1.5964 220 225 230
0.6569 4.3009 1.6532 220 225 230
0.6622 4.3035 1.7120 220 225 230
0.6575 4.2933 1.7614 220 225 230
0.6630 4.3001 1.8258 220 225 230
0.6632 4.2984 1.8749 220 225 230
0.6516 4.2971 1.9314 220 225 230
0.6569 4.3019 1.9824 220 225 230
0.6602 4.3033 2.0352 220 225 230
0.6518 4.3036 2.0953 220 225 230
0.6624 4.3001 2.1527 220 225 230
0.6592 4.2962 2.2022 220 225 230
0.6547 4.2983 2.2556 220 225 230
0.6623 4.2974 2.3147 220 225 230
0.6532 4.3055 2.3679 220 225 230
0.6550 4.2999 2.4225 220 225 230
0.6569 4.2998 2.4727 220 225 230
0.6606 4.3027 2.5333 220 225 230
0.6573 4.2999 2.5913 220 225 230
0.6611 4.3036 2.6453 220 225 230
0.6554 4.2992 2.7008 220 225 230
0.7206 4.2951 0.0020 220 225 230
0.7169 4.3039 0.0494 220 225 230
0.7256 4.2961 0.1030 220 225 230
0.7246 4.3023 0.1634 220 225 230
0.7232 4.2995 0.2252 220 225 230
0.7189 4.3002 0.2747 220 225 230
0.7202 4.3089 0.3393 220 225 230
0.7189 4.3013 0.3867 220 225 230
0.7213 4.3000 0.4344 220 225 230
0.7216 4.3065 0.4940 220 225 230
0.7233 4.3050 0.5483 220 225 230
0.7268 4.2913 0.6093 220 225 230
0.7154 4.3019 0.6589 220 225 230
0.7210 4.3004 0.7094 220 225 230
0.7289 4.2963 0.7749 220 225 230
0.7312 4.2919 0.8263 220 225 230
0.7272 4.3048 0.8867 220 225 230
0.7169 4.3002 0.9336 220 225 230
0.7272 4.2982 0.9877 220 225 230
0.7301 4.3037 1.0421 220 225 230
0.7281 4.3035 1.1105 220 225 230
0.7299 4.3026 1.1568 220 225 230
0.7222 4.3008 1.2151 220 225 230
0.7236 4.2984 1.2681 220 225 230
0.7183 4.2981 1.3130 220 225 230
0.7142 4.3040 1.3721 220 225 230
0.7251 4.2958 1.4300 220 225 230
0.7265 4.2976 1.4879 220 225 230
0.7201 4.2970 1.5430 220 225 230
0.7300 4.2991 1.5978 220 225 230
0.7284 4.3006 1.6614 220 225 230
0.7202 4.2962 1.7122 220 225 230
0.7208 4.2977 1.7577 220 225 230
0.7257 4.2971 1.8191 220 225 230
0.7152 4.3041 1.8769 220 225 230
0.7168 4.2957 1.9278 220 225 230
0.7183 4.3006 1.9905 220 225 230
0.7135 4.3001 2.0377 220 225 230
0.7242 4.3043 2.0923 220 225 230
0.7268 4.2978 2.1555 220 225 230
0.7248 4.3020 2.2029 220 225 230
0.7262 4.3000 2.2525 220 225 230
0.7234 4.3053 2.3148 220 225 230
0.7265 4.3076 2.3778 220 225 230
0.7178 4.3005 2.4210 220 225 230
0.7322 4.2964 2.4857 220 225 230
0.7281 4.2982 2.5307 220 225 230
0.7280 4.3041 2.5966 220 225 230
0.7224 4.2979 2.6441 220 225 230
0.7198 4.3014 2.6975 220 225 230
0.7936 4.2908 -0.0010 220 225 230
0.7867 4.2994 0.0598 220 225 230
0.7839 4.3003 0.1120 220 225 230
0.7872 4.2971 0.1641 220 225 230
0.7900 4.3064 0.2246 220 225 230
0.7862 4.3065 0.2808 220 225 230
0.7856 4.2950 0.3384 220 225 230
0.7861 4.3012 0.3855 220 225 230
0.7858 4.2971 0.4375 220 225 230
0.7957 4.3051 0.5019 220 225 230
0.7859 4.3041 0.5479 220 225 230
0.7927 4.2949 0.6071 220 225 230
0.7904 4.3017 0.6593 220 225 230
0.7853 4.2909 0.7221 220 225 230
0.7937 4.2985 0.7711 220 225 230
0.7897 4.3002 0.8265 220 225 230
0.7906 4.3030 0.8775 220 225 230
0.7927 4.2949 0.9344 220 225 230
0.7938 4.2954 0.9906 220 225 230
0.7917 4.2977 1.0392 220 225 230
0.7886 4.3000 1.1017 220 225 230
0.7827 4.3027 1.1600 220 225 230
0.7823 4.3049 1.2096 220 225 230
0.7927 4.3042 1.2729 220 225 230
0.7887 4.3048 1.3198 220 225 230
0.7874 4.2963 1.3851 220 225 230
0.7872 4.2956 1.4334 220 225 230
0.7852 4.3040 1.4894 220 225 230
0.7871 4.2994 1.5391 220 225 230
0.7870 4.2972 1.6001 220 225 230
0.7887 4.3027 1.6518 220 225 230
0.7807 4.2969 1.7077 220 225 230
0.7867 4.2997 1.7559 220 225 230
0.7903 4.2939 1.8177 220 225 230
0.7959 4.2979 1.8690 220 225 230
0.7963 4.3049 1.9265 220 225 230
0.7857 4.2917 1.9858 220 225 230
0.7937 4.3008 2.0420 220 225 230
0.7893 4.3025 2.0975 220 225 230
0.7901 4.3031 2.1492 220 225 230
0.7960 4.2996 2.2022 220 225 230
0.7896 4.3066 2.2590 220 225 230
0.7917 4.3047 2.3144 220 225 230
0.7883 4.2991 2.3690 220 225 230
0.7934 4.2946 2.4219 220 225 230
0.7863 4.3053 2.4736 220 225 230
0.7862 4.2984 2.5280 220 225 230
0.7984 4.3041 2.5886 220 225 230
0.7932 4.3032 2.6464 220 225 230
0.7882 4.2994 2.7003 220 225 230
0.8547 4.2981 0.0066 220 225 230
0.8562 4.3076 0.0574 220 225 230
0.8491 4.3008 0.1113 220 225 230
0.8536 4.3050 0.1658 220 225 230
0.8565 4.3007 0.2237 220 225 230
0.8526 4.2933 0.2743 220 225 230
0.8530 4.3088 0.3269 220 225 230
0.8565 4.3038 0.3857 220 225 230
0.8523 4.3033 0.4374 220 225 230
0.8457 4.3053 0.4976 220 225 230
0.8634 4.3032 0.5549 220 225 230
0.8499 4.2992 0.6156 220 225 230
0.8556 4.2948 0.6602 220 225 230
0.8500 4.3001 0.7225 220 225 230
0.8561 4.2962 0.7765 220 225 230
0.8516 4.3030 0.8226 220 225 230
0.8538 4.3038 0.8833 220 225 230
0.8482 4.2975 0.9311 220 225 230
0.8576 4.3042 0.9906 220 225 230
0.8557 4.2959 1.0449 220 225 230
0.8515 4.2967 1.1061 220 225 230
0.8523 4.2966 1.1546 220 225 230
0.8520 4.3059 1.2150 220 225 230
0.8543 4.2998 1.2685 220 225 230
0.8570 4.2910 1.3251 220 225 230
0.8501 4.2981 1.3796 220 225 230
0.8602 4.2988 1.4290 220 225 230
0.8610 4.3005 1.4813 220 225 230
0.8582 4.2983 1.5416 220 225 230
0.8615 4.2966 1.5954 220 225 230
0.8664 4.3029 1.6521 220 225 230
0.8554 4.2983 1.7082 220 225 230
0.8485 4.3048 1.7580 220 225 230
0.8492 4.3049 1.8199 220 225 230
0.8546 4.3047 1.8699 220 225 230
0.8602 4.3015 1.9313 220 225 230
0.8494 4.2992 1.9810 220 225 230
0.8587 4.3015 2.0425 220 225 230
0.8616 4.2989 2.0959 220 225 230
0.8492 4.3053 2.1505 220 225 230
0.8617 4.3026 2.1942 220 225 230
0.8506 4.3017 2.2573 220 225 230
0.8615 4.2993 2.3100 220 225 230
0.8583 4.3042 2.3735 220 225 230
0.8605 4.2983 2.4285 220 225 230
0.8484 4.2938 2.4829 220 225 230
0.8517 4.2979 2.5348 220 225 230
0.8595 4.2979 2.5875 220 225 230
0.8527 4.2975 2.6537 220 225 230
0.8601 4.2980 2.6987 220 225 230
0.9252 4.3021 -0.0026 220 225 230
0.9187 4.2978 0.0527 220 225 230
0.9195 4.2969 0.1113 220 225 230
0.9184 4.2981 0.1579 220 225 230
0.9288 4.3022 0.2229 220 225 230
0.9183 4.2964 0.2806 220 225 230
0.9207 4.3038 0.3327 220 225 230
0.9169 4.3011 0.3834 220 225 230
0.9132 4.3017 0.4446 220 225 230
0.9220 4.3041 0.4924 220 225 230
0.9289 4.3030 0.5468 220 225 230
0.9194 4.2912 0.6076 220 225 230
0.9160 4.3025 0.6638 220 225 230
0.9064 4.3016 0.7138 220 225 230
0.9147 4.2928 0.7720 220 225 230
0.9209 4.3027 0.8269 220 225 230
0.9263 4.3015 0.8822 220 225 230
0.9266 4.3012 0.9359 220 225 230
0.9267 4.3020 0.9856 220 225 230
0.9212 4.2985 1.0520 220 225 230
0.9261 4.3008 1.1061 220 225 230
0.9165 4.3045 1.1552 220 225 230
0.9261 4.3057 1.2013 220 225 230
0.9282 4.3007 1.2689 220 225 230
0.9252 4.3031 1.3268 220 225 230
0.9262 4.2969 1.3740 220 225 230
0.9249 4.2973 1.4345 220 225 230
0.9226 4.3019 1.4913 220 225 230
0.9169 4.3030 1.5492 220 225 230
0.9193 4.2993 1.5989 220 225 230
0.9237 4.2977 1.6613 220 225 230
0.9204 4.2975 1.7045 220 225 230
0.9197 4.2993 1.7676 220 225 230
0.9193 4.3043 1.8221 220 225 230
0.9220 4.3066 1.8732 220 225 230
0.9203 4.2995 1.9313 220 225 230
0.9289 4.3009 1.9802 220 225 230
0.9240 4.3038 2.0426 220 225 230
0.9206 4.3011 2.0948 220 225 230
0.9255 4.2970 2.1478 220 225 230
0.9217 4.2971 2.2077 220 225 230
0.9297 4.3010 2.2671 220 225 230
0.9130 4.2985 2.3103 220 225 230
0.9149 4.3035 2.3736 220 225 230
0.9165 4.2968 2.4229 220 225 230
0.9240 4.2964 2.4861 220 225 230
0.9192 4.3030 2.5332 220 225 230
0.9201 4.3022 2.5970 220 225 230
0.9184 4.3011 2.6462 220 225 230
0.9239 4.2981 2.7041 220 225 230
0.9855 4.3089 0.0006 220 225 230
0.9856 4.2931 0.0552 220 225 230
0.9882 4.3005 0.1088 220 225 230
0.9844 4.3075 0.1752 220 225 230
0.9908 4.3032 0.2175 220 225 230
0.9896 4.2994 0.2755 220 225 230
0.9862 4.3042 0.3266 220 225 230
0.9837 4.3075 0.3807 220 225 230
0.9968 4.3034 0.4432 220 225 230
0.9815 4.2983 0.4994 220 225 230
0.9908 4.3040 0.5538 220 225 230
0.9904 4.3022 0.6084 220 225 230
0.9867 4.2964 0.6555 220 225 230
0.9913 4.2999 0.7105 220 225 230
0.9865 4.3009 0.7704 220 225 230
0.9837 4.2953 0.8208 220 225 230
0.9887 4.2998 0.8839 220 225 230
0.9824 4.3016 0.9328 220 225 230
0.9871 4.3020 0.9933 220 225 230
0.9841 4.3003 1.0466 220 225 230
0.9900 4.2995 1.1070 220 225 230
0.9941 4.3009 1.1563 220 225 230
0.9898 4.2996 1.2129 220 225 230
0.9859 4.3019 1.2722 220 225 230
0.9849 4.3042 1.3300 220 225 230
0.9857 4.2985 1.3741 220 225 230
0.9840 4.2984 1.4322 220 225 230
0.9907 4.3016 1.4840 220 225 230
0.9906 4.3003 1.5414 220 225 230
0.9938 4.2976 1.6031 220 225 230
0.9791 4.3008 1.6481 220 225 230
0.9890 4.3057 1.7160 220 225 230
0.9937 4.3050 1.7638 220 225 230
0.9787 4.3057 1.8237 220 225 230
0.9975 4.3006 1.8736 220 225 230
0.9868 4.3026 1.9258 220 225 230
0.9786 4.3001 1.9806 220 225 230
0.9858 4.3079 2.0321 220 225 230
0.9865 4.2965 2.0935 220 225 230
0.9848 4.2999 2.1427 220 225 230
0.9858 4.3026 2.2006 220 225 230
0.9847 4.3011 2.2580 220 225 230
0.9805 4.3010 2.3102 220 225 230
0.9842 4.2997 2.3688 220 225 230
0.9830 4.2993 2.4230 220 225 230
0.9894 4.2938 2.4850 220 225 230
0.9944 4.3062 2.5336 220 225 230
0.9889 4.2993 2.5852 220 225 230
0.9792 4.3068 2.6488 220 225 230
0.9918 4.3006 2.7040 220 225 230
1.0552 4.2977 -0.0072 220 225 230
1.0550 4.2968 0.0577 220 225 230
1.0502 4.3007 0.1066 220 225 230
1.0537 4.3056 0.1707 220 225 230
1.0514 4.2911 0.2204 220 225 230
1.0511 4.2969 0.2731 220 225 230
1.0471 4.2989 0.3314 220 225 230
1.0487 4.3007 0.3812 220 225 230
1.0505 4.2957 0.4489 220 225 230
1.0537 4.2985 0.4839 220 225 230
1.0538 4.2968 0.5488 220 225 230
1.0505 4.3024 0.6080 220 225 230
1.0497 4.3048 0.6627 220 225 230
1.0577 4.2988 0.7127 220 225 230
1.0557 4.3003 0.7741 220 225 230
1.0488 4.2997 0.8238 220 225 230
1.0522 4.3027 0.8861 220 225 230
1.0506 4.3002 0.9332 220 225 230
1.0510 4.3010 0.9840 220 225 230
1.0599 4.2961 1.0476 220 225 230
1.0534 4.3003 1.0970 220 225 230
1.0528 4.3012 1.1526 220 225 230
1.0528 4.2956 1.2179 220 225 230
1.0544 4.3039 1.2714 220 225 230
1.0565 4.3083 1.3235 220 225 230
1.0553 4.2972 1.3792 220 225 230
1.0538 4.2955 1.4303 220 225 230
1.0543 4.3037 1.4832 220 225 230
1.0561 4.2999 1.5498 220 225 230
1.0547 4.2952 1.6014 220 225 230
1.0535 4.3024 1.6530 220 225 230
1.0563 4.3042 1.7096 220 225 230
1.0525 4.3063 1.7579 220 225 230
1.0522 4.2917 1.8128 220 225 230
1.0481 4.2998 1.8694 220 225 230
1.0485 4.3046 1.9327 220 225 230
1.0536 4.3021 1.9843 220 225 230
1.0521 4.3085 2.0434 220 225 230
1.0553 4.2991 2.0953 220 225 230
1.0589 4.2960 2.1512 220 225 230
1.0548 4.3015 2.2085 220 225 230
1.0573 4.2998 2.2553 220 225 230
1.0572 4.3026 2.3147 220 225 230
1.0424 4.2995 2.3634 220 225 230
1.0570 4.2954 2.4306 220 225 230
1.0532 4.2946 2.4797 220 225 230
1.0510 4.2940 2.5389 220 225 230
1.0555 4.3007 2.5890 220 225 230
1.0519 4.2952 2.6452 220 225 230
1.0575 4.2961 2.7012 220 225 230
1.1176 4.3012 0.0001 220 225 230
1.1185 4.3040 0.0468 220 225 230
1.1235 4.3075 0.1075 220 225 230
1.1199 4.2984 0.1677 220 225 230
1.1281 4.3016 0.2181 220 225 230
1.1144 4.3018 0.2779 220 225 230
1.1228 4.2977 0.3303 220 225 230
1.1201 4.3022 0.3846 220 225 230
1.1122 4.2976 0.4434 220 225 230
1.1207 4.2951 0.4894 220 225 230
1.1147 4.2963 0.5513 220 225 230
1.1153 4.2999 0.6079 220 225 230
1.1157 4.2963 0.6646 220 225 230
1.1284 4.3021 0.7178 220 225 230
1.1233 4.3005 0.7709 220 225 230
1.1173 4.2974 0.8249 220 225 230
1.1061 4.3005 0.8775 220 225 230
1.1234 4.3011 0.9409 220 225 230
1.1215 4.3015 0.9944 220 225 230
1.1169 4.3006 1.0485 220 225 230
1.1194 4.2864 1.1002 220 225 230
1.1131 4.3029 1.1627 220 225 230
1.1211 4.3032 1.2086 220 225 230
1.1238 4.3030 1.2673 220 225 230
1.1132 4.3090 1.3208 220 225 230
1.1197 4.2971 1.3809 220 225 230
1.1163 4.2941 1.4378 220 225 230
1.1200 4.3034 1.4980 220 225 230
1.1229 4.3044 1.5490 220 225 230
1.1191 4.2971 1.5967 220 225 230
1.1164 4.3062 1.6549 220 225 230
1.1209 4.3046 1.7147 220 225 230
1.1148 4.2948 1.7632 220 225 230
1.1208 4.3010 1.8226 220 225 230
1.1205 4.3016 1.8768 220 225 230
1.1160 4.3024 1.9234 220 225 230
1.1187 4.2949 1.9874 220 225 230
1.1195 4.3037 2.0393 220 225 230
1.1255 4.2943 2.0933 220 225 230
1.1159 4.3029 2.1551 220 225 230
1.1154 4.2990 2.2048 220 225 230
1.1186 4.3011 2.2589 220 225 230
1.1238 4.3023 2.3110 220 225 230
1.1211 4.2962 2.3665 220 225 230
1.1148 4.2943 2.4147 220 225 230
1.1220 4.3048 2.4732 220 225 230
1.1195 4.2981 2.5360 220 225 230
1.1128 4.3004 2.5893 220 225 230
1.1180 4.3035 2.6506 220 225 230
1.1215 4.2975 2.7013 220 225 230
1.1813 4.2987 0.0001 220 225 230
1.1866 4.3010 0.0486 220 225 230
1.1853 4.2932 0.1103 220 225 230
1.1869 4.2994 0.1637 220 225 230
1.1806 4.2993 0.2284 220 225 230
1.1785 4.2993 0.2813 220 225 230
1.1828 4.2939 0.3249 220 225 230
1.1806 4.2953 0.3856 220 225 230
1.1800 4.2967 0.4386 220 225 230
1.1809 4.2990 0.4920 220 225 230
1.1863 4.3002 0.5536 220 225 230
1.1874 4.2977 0.6055 220 225 230
1.1778 4.2970 0.6575 220 225 230
1.1799 4.3031 0.7159 220 225 230
1.1909 4.2953 0.7776 220 225 230
1.1810 4.2956 0.8260 220 225 230
1.1861 4.3033 0.8801 220 225 230
1.1804 4.2990 0.9355 220 225 230
1.1842 4.2961 0.9911 220 225 230
1.1830 4.3068 1.0505 220 225 230
1.1896 4.2986 1.1051 220 225 230
1.1765 4.2985 1.1481 220 225 230
1.1887 4.3075 1.2094 220 225 230
1.1886 4.2922 1.2643 220 225 230
1.1879 4.2966 1.3261 220 225 230
1.1862 4.3013 1.3720 220 225 230
1.1868 4.3009 1.4290 220 225 230
1.1864 4.2990 1.4870 220 225 230
1.1847 4.2960 1.5428 220 225 230
1.1785 4.3010 1.5993 220 225 230
1.1942 4.3044 1.6473 220 225 230
1.1859 4.2928 1.7007 220 225 230
1.1848 4.3029 1.7566 220 225 230
1.1881 4.3012 1.8176 220 225 230
1.1845 4.2974 1.8639 220 225 230
1.1874 4.3072 1.9324 220 225 230
1.1806 4.2993 1.9805 220 225 230
1.1905 4.2996 2.0351 220 225 230
1.1835 4.2971 2.0994 220 225 230
1.1832 4.2929 2.1499 220 225 230
1.1905 4.3038 2.2143 220 225 230
1.1906 4.3014 2.2617 220 225 230
1.1840 4.2950 2.3145 220 225 230
1.1845 4.3014 2.3727 220 225 230
1.1799 4.2982 2.4253 220 225 230
1.1844 4.2992 2.4749 220 225 230
1.1826 4.3021 2.5307 220 225 230
1.1938 4.2972 2.5902 220 225 230
1.1856 4.3008 2.6440 220 225 230
1.1884 4.2956 2.7020 220 225 230
1.2519 4.2962 -0.0015 220 225 230
1.2468 4.3039 0.0530 220 225 230
1.2537 4.3015 0.1146 220 225 230
1.2440 4.3049 0.1612 220 225 230
1.2525 4.2984 0.2271 220 225 230
1.2489 4.3031 0.2726 220 225 230
1.2503 4.3021 0.3250 220 225 230
1.2479 4.3015 0.3820 220 225 230
1.2456 4.3055 0.4450 220 225 230
1.2448 4.2984 0.4935 220 225 230
1.2461 4.2955 0.5498 220 225 230
1.2509 4.3041 0.6101 220 225 230
1.2588 4.3050 0.6620 220 225 230
1.2453 4.2963 0.7124 220 225 230
1.2588 4.2967 0.7677 220 225 230
1.2472 4.2999 0.8287 220 225 230
1.2520 4.2991 0.8780 220 225 230
1.2540 4.3035 0.9314 220 225 230
1.2521 4.3003 0.9873 220 225 230
1.2513 4.3015 1.0477 220 225 230
1.2490 4.2975 1.1024 220 225 230
1.2544 4.2973 1.1601 220 225 230
1.2496 4.2992 1.2052 220 225 230
1.2552 4.3004 1.2664 220 225 230
1.2523 4.3026 1.3189 220 225 230
1.2528 4.2912 1.3801 220 225 230
1.2481 4.2937 1.4302 220 225 230
1.2460 4.3032 1.4832 220 225 230
1.2507 4.3001 1.5435 220 225 230
1.2508 4.2970 1.6033 220 225 230
1.2497 4.3035 1.6524 220 225 230
1.2503 4.3001 1.7141 220 225 230
1.2536 4.2984 1.7621 220 225 230
1.2522 4.3016 1.8177 220 225 230
1.2472 4.2985 1.8732 220 225 230
1.2456 4.3020 1.9320 220 225 230
1.2442 4.2945 1.9876 220 225 230
1.2528 4.3088 2.0330 220 225 230
1.2488 4.3037 2.0951 220 225 230
1.2521 4.3035 2.1520 220 225 230
1.2529 4.2978 2.2001 220 225 230
1.2500 4.3056 2.2595 220 225 230
1.2516 4.3034 2.3175 220 225 230
1.2598 4.3008 2.3697 220 225 230
1.2479 4.2949 2.4286 220 225 230
1.2581 4.2965 2.4773 220 225 230
1.2468 4.3007 2.5306 220 225 230
1.2510 4.3039 2.5919 220 225 230
1.2495 4.2933 2.6475 220 225 230
1.2532 4.3029 2.6994 220 225 230
1.3145 4.3036 0.0006 220 225 230
1.3162 4.3006 0.0562 220 225 230
1.3173 4.2956 0.1050 220 225 230
1.3149 4.2915 0.1655 220 225 230
1.3161 4.2997 0.2169 220 225 230
1.3172 4.3020 0.2771 220 225 230
1.3231 4.3039 0.3294 220 225 230
1.3194 4.3084 0.3820 220 225 230
1.3114 4.3022 0.4379 220 225 230
1.3165 4.3024 0.4990 220 225 230
1.3102 4.2992 0.5569 220 225 230
1.3159 4.2977 0.6088 220 225 230
1.3159 4.3052 0.6619 220 225 230
1.3190 4.2983 0.7114 220 225 230
1.3074 4.3015 0.7747 220 225 230
1.3169 4.3007 0.8282 220 225 230
1.3114 4.2926 0.8868 220 225 230
1.3172 4.2990 0.9323 220 225 230
1.3149 4.3036 0.9963 220 225 230
1.3172 4.2900 1.0425 220 225 230
1.3148 4.3015 1.0967 220 225 230
1.3120 4.3015 1.1546 220 225 230
1.3096 4.3030 1.2040 220 225 230
1.3153 4.3020 1.2766 220 225 230
1.3186 4.3002 1.3115 220 225 230
1.3155 4.2990 1.3745 220 225 230
1.3189 4.3007 1.4299 220 225 230
1.3184 4.3012 1.4863 220 225 230
1.3208 4.3026 1.5461 220 225 230
1.3112 4.3049 1.6012 220 225 230
1.3198 4.2983 1.6512 220 225 230
1.3197 4.2981 1.7054 220 225 230
1.3184 4.3068 1.7576 220 225 230
1.3068 4.3033 1.8181 220 225 230
1.3131 4.2984 1.8766 220 225 230
1.3175 4.2926 1.9263 220 225 230
1.3176 4.3023 1.9784 220 225 230
1.3205 4.2978 2.0412 220 225 230
1.3161 4.2949 2.0927 220 225 230
1.3157 4.2964 2.1442 220 225 230
1.3112 4.2960 2.1992 220 225 230
1.3087 4.3002 2.2619 220 225 230
1.3140 4.3019 2.3099 220 225 230
1.3191 4.3021 2.3657 220 225 230
1.3149 4.2971 2.4220 220 225 230
1.3150 4.3020 2.4795 220 225 230
1.3206 4.3023 2.5369 220 225 230
1.3139 4.3038 2.5868 220 225 230
1.3164 4.3000 2.6453 220 225 230
1.3175 4.3025 2.7011 220 225 230
1.3762 4.3064 0.0015 220 225 230
1.3859 4.3064 0.0507 220 225 230
1.3798 4.3003 0.1119 220 225 230
1.3845 4.2965 0.1597 220 225 230
1.3815 4.2975 0.2208 220 225 230
1.3802 4.3046 0.2756 220 225 230
1.3811 4.2970 0.3296 220 225 230
1.3818 4.3021 0.3870 220 225 230
1.3789 4.3068 0.4326 220 225 230
1.3822 4.3023 0.4929 220 225 230
1.3802 4.2913 0.5508 220 225 230
1.3871 4.2997 0.6033 220 225 230
1.3861 4.3008 0.6633 220 225 230
1.3816 4.3007 0.7159 220 225 230
1.3876 4.2948 0.7714 220 225 230
1.3794 4.2992 0.8282 220 225 230
1.3813 4.3009 0.8843 220 225 230
1.3773 4.3015 0.9303 220 225 230
1.3865 4.2986 0.9986 220 225 230
1.3833 4.3024 1.0407 220 225 230
1.3864 4.3046 1.0964 220 225 230
1.3781 4.2989 1.1595 220 225 230
1.3877 4.3020 1.2091 220 225 230
1.3828 4.3057 1.2661 220 225 230
1.3835 4.3014 1.3206 220 225 230
1.3850 4.2985 1.3784 220 225 230
1.3845 4.3026 1.4294 220 225 230
1.3786 4.3016 1.4857 220 225 230
1.3822 4.2978 1.5430 220 225 230
1.3811 4.3056 1.5967 220 225 230
1.3913 4.3002 1.6518 220 225 230
1.3828 4.3039 1.7106 220 225 230
1.3873 4.2976 1.7660 220 225 230
1.3829 4.3032 1.8168 220 225 230
1.3840 4.2941 1.8665 220 225 230
1.3816 4.2968 1.9273 220 225 230
1.3761 4.3034 1.9851 220 225 230
1.3871 4.2990 2.0376 220 225 230
1.3823 4.3063 2.0970 220 225 230
1.3873 4.3013 2.1466 220 225 230
1.3848 4.2991 2.2076 220 225 230
1.3779 4.2967 2.2584 220 225 230
1.3838 4.3007 2.3133 220 225 230
1.3838 4.3051 2.3666 220 225 230
1.3882 4.2973 2.4285 220 225 230
1.3794 4.2983 2.4836 220 225 230
1.3853 4.3014 2.5246 220 225 230
1.3834 4.2998 2.5940 220 225 230
1.3780 4.2955 2.6485 220 225 230
1.3810 4.2997 2.6968 220 225 230
1.4473 4.2998 -0.0035 220 225 230
1.4494 4.3003 0.0451 220 225 230
1.4468 4.3008 0.1057 220 225 230
1.4479 4.3048 0.1586 220 225 230
1.4465 4.3057 0.2234 220 225 230
1.4471 4.3002 0.2790 220 225 230
1.4472 4.2960 0.3199 220 225 230
1.4460 4.3045 0.3818 220 225 230
1.4475 4.3052 0.4401 220 225 230
1.4461 4.2978 0.4919 220 225 230
1.4509 4.2949 0.5481 220 225 230
1.4460 4.2939 0.6079 220 225 230
1.4507 4.2991 0.6630 220 225 230
1.4532 4.3039 0.7163 220 225 230
1.4494 4.3049 0.7732 220 225 230
1.4414 4.2980 0.8272 220 225 230
1.4533 4.3056 0.8836 220 225 230
1.4450 4.2973 0.9388 220 225 230
1.4458 4.3037 0.9964 220 225 230
1.4469 4.3017 1.0497 220 225 230
1.4438 4.2993 1.1047 220 225 230
1.4441 4.3065 1.1559 220 225 230
1.4476 4.3019 1.2113 220 225 230
1.4421 4.3039 1.2692 220 225 230
1.4463 4.3023 1.3153 220 225 230
1.4408 4.2975 1.3711 220 225 230
1.4534 4.2980 1.4396 220 225 230
1.4464 4.2974 1.4871 220 225 230
1.4512 4.2981 1.5468 220 225 230
1.4537 4.3012 1.5978 220 225 230
1.4474 4.2995 1.6469 220 225 230
1.4528 4.3083 1.7048 220 225 230
1.4497 4.2982 1.7624 220 225 230
1.4454 4.3037 1.8173 220 225 230
1.4522 4.3010 1.8702 220 225 230
1.4530 4.2943 1.9280 220 225 230
1.4532 4.2961 1.9882 220 225 230
1.4533 4.3039 2.0360 220 225 230
1.4474 4.2982 2.0945 220 225 230
1.4488 4.3027 2.1519 220 225 230
1.4490 4.3015 2.2093 220 225 230
1.4573 4.3020 2.2670 220 225 230
1.4454 4.3079 2.3142 220 225 230
1.4439 4.3004 2.3733 220 225 230
1.4439 4.2895 2.4251 220 225 230
1.4502 4.3012 2.4813 220 225 230
1.4500 4.2979 2.5277 220 225 230
1.4464 4.3049 2.5908 220 225 230
1.4530 4.2987 2.6500 220 225 230
1.4430 4.2961 2.7018 220 225 230
1.5147 4.2974 0.0038 220 225 230
1.5176 4.2959 0.0534 220 225 230
1.5153 4.3020 0.1089 220 225 230
1.5087 4.2983 0.1588 220 225 230
1.5136 4.3037 0.2178 220 225 230
1.5172 4.2924 0.2770 220 225 230
1.5141 4.3016 0.3280 220 225 230
1.5146 4.2970 0.3822 220 225 230
1.5162 4.3014 0.4371 220 225 230
1.5182 4.3056 0.5032 220 225 230
1.5139 4.3030 0.5517 220 225 230
1.5146 4.2975 0.6010 220 225 230
1.5179 4.2965 0.6605 220 225 230
1.5140 4.3013 0.7105 220 225 230
1.5169 4.3002 0.7708 220 225 230
1.5117 4.3019 0.8266 220 225 230
1.5169 4.2991 0.8824 220 225 230
1.5151 4.3021 0.9434 220 225 230
1.5183 4.2991 0.9871 220 225 230
1.5103 4.3042 1.0441 220 225 230
1.5134 4.2941 1.0986 220 225 230
1.5052 4.2972 1.1641 220 225 230
1.5174 4.2966 1.2131 220 225 230
1.5118 4.3024 1.2689 220 225 230
1.5123 4.2998 1.3234 220 225 230
1.5226 4.2960 1.3799 220 225 230
1.5117 4.3029 1.4339 220 225 230
1.5073 4.2947 1.4898 220 225 230
1.5158 4.2996 1.5397 220 225 230
1.5145 4.2923 1.5936 220 225 230
1.5163 4.2996 1.6503 220 225 230
1.5171 4.2984 1.7076 220 225 230
1.5104 4.2951 1.7643 220 225 230
1.5214 4.3003 1.8188 220 225 230
1.5120 4.3037 1.8776 220 225 230
1.5098 4.2966 1.9322 220 225 230
1.5077 4.2969 1.9737 220 225 230
1.5078 4.2988 2.0415 220 225 230
1.5166 4.2970 2.0976 220 225 230
1.5117 4.3031 2.1490 220 225 230
1.5131 4.2987 2.2041 220 225 230
1.5087 4.2994 2.2568 220 225 230
1.5215 4.3009 2.3186 220 225 230
1.5126 4.2996 2.3720 220 225 230
1.5115 4.2989 2.4224 220 225 230
1.5129 4.3017 2.4825 220 225 230
1.5116 4.3047 2.5366 220 225 230
1.5129 4.2990 2.5924 220 225 230
1.5202 4.3020 2.6484 220 225 230
1.5149 4.3004 2.7013 220 225 230
1.5767 4.2951 0.0003 220 225 230
1.5837 4.2924 0.0588 220 225 230
1.5828 4.2991 0.1143 220 225 230
1.5790 4.2983 0.1618 220 225 230
1.5861 4.2951 0.2210 220 225 230
1.5778 4.2984 0.2829 220 225 230
1.5896 4.2996 0.3317 220 225 230
1.5793 4.3117 0.3887 220 225 230
1.5787 4.2983 0.4380 220 225 230
1.5809 4.3053 0.4899 220 225 230
1.5768 4.3064 0.5524 220 225 230
1.5826 4.2939 0.6086 220 225 230
1.5776 4.3081 0.6617 220 225 230
1.5772 4.3007 0.7167 220 225 230
1.5790 4.3049 0.7722 220 225 230
1.5797 4.2972 0.8298 220 225 230
1.5815 4.3035 0.8809 220 225 230
1.5789 4.3036 0.9393 220 225 230
1.5883 4.2960 0.9863 220 225 230
1.5776 4.3016 1.0419 220 225 230
1.5809 4.3078 1.1036 220 225 230
1.5794 4.2931 1.1631 220 225 230
1.5814 4.2944 1.2124 220 225 230
1.5809 4.3054 1.2731 220 225 230
1.5811 4.2982 1.3154 220 225 230
1.5808 4.2979 1.3750 220 225 230
1.5861 4.2992 1.4361 220 225 230
1.5817 4.3023 1.4838 220 225 230
1.5798 4.2942 1.5403 220 225 230
1.5803 4.3008 1.5995 220 225 230
1.5835 4.3042 1.6480 220 225 230
1.5736 4.3034 1.7084 220 225 230
1.5819 4.3066 1.7660 220 225 230
1.5894 4.2948 1.8225 220 225 230
1.5760 4.3026 1.8636 220 225 230
1.5833 4.3008 1.9340 220 225 230
1.5801 4.3039 1.9839 220 225 230
1.5815 4.3018 2.0367 220 225 230
1.5763 4.3036 2.0960 220 225 230
1.5727 4.2982 2.1480 220 225 230
1.5836 4.2970 2.1971 220 225 230
1.5762 4.3056 2.2592 220 225 230
1.5838 4.3025 2.3084 220 225 230
1.5811 4.2984 2.3709 220 225 230
1.5806 4.3047 2.4198 220 225 230
1.5797 4.2969 2.4721 220 225 230
1.5817 4.2992 2.5357 220 225 230
1.5750 4.2973 2.5933 220 225 230
1.5794 4.2953 2.6418 220 225 230
1.5771 4.2980 2.6965 220 225 230
1.6497 4.2975 -0.0021 220 225 230
1.6417 4.2975 0.0509 220 225 230
1.6416 4.2990 0.1124 220 225 230
1.6409 4.3033 0.1583 220 225 230
1.6425 4.3022 0.2292 220 225 230
1.6483 4.2989 0.2774 220 225 230
1.6398 4.3061 0.3306 220 225 230
1.6408 4.3064 0.3921 220 225 230
1.6541 4.2979 0.4465 220 225 230
1.6491 4.2953 0.5006 220 225 230
1.6415 4.3002 0.5518 220 225 230
1.6488 4.3075 0.6071 220 225 230
1.6480 4.3072 0.6588 220 225 230
1.6518 4.3026 0.7180 220 225 230
1.6509 4.3014 0.7745 220 225 230
1.6490 4.3043 0.8254 220 225 230
1.6425 4.3079 0.8737 220 225 230
1.6469 4.2952 0.9269 220 225 230
1.6457 4.3040 0.9950 220 225 230
1.6514 4.3045 1.0511 220 225 230
1.6618 4.3024 1.1033 220 225 230
1.6483 4.3039 1.1592 220 225 230
1.6446 4.2982 1.2171 220 225 230
1.6420 4.2914 1.2663 220 225 230
1.6506 4.2994 1.3229 220 225 230
1.6435 4.2949 1.3858 220 225 230
1.6406 4.2966 1.4393 220 225 230
1.6523 4.3000 1.4856 220 225 230
1.6450 4.2971 1.5442 220 225 230
1.6430 4.3001 1.5959 220 225 230
1.6477 4.3000 1.6536 220 225 230
1.6488 4.3028 1.7059 220 225 230
1.6482 4.2952 1.7648 220 225 230
1.6461 4.3082 1.8146 220 225 230
1.6384 4.3000 1.8700 220 225 230
1.6406 4.2993 1.9267 220 225 230
1.6446 4.2999 1.9826 220 225 230
1.6488 4.2959 2.0355 220 225 230
1.6416 4.3037 2.0817 220 225 230
1.6425 4.2915 2.1533 220 225 230
1.6520 4.3050 2.2015 220 225 230
1.6435 4.2939 2.2601 220 225 230
1.6503 4.3004 2.3134 220 225 230
1.6482 4.2989 2.3696 220 225 230
1.6430 4.2986 2.4244 220 225 230
1.6476 4.3025 2.4773 220 225 230
1.6493 4.2970 2.5432 220 225 230
1.6506 4.3036 2.5882 220 225 230
1.6464 4.2990 2.6443 220 225 230
1.6368 4.2967 2.7051 220 225 230
1.7054 4.2943 0.0036 220 225 230
1.7107 4.3027 0.0545 220 225 230
1.7091 4.2996 0.1089 220 225 230
1.7125 4.2963 0.1640 220 225 230
1.7105 4.2999 0.2200 220 225 230
1.7140 4.2957 0.2771 220 225 230
1.7117 4.3055 0.3318 220 225 230
1.7014 4.3025 0.3829 220 225 230
1.7110 4.2990 0.4414 220 225 230
1.7153 4.3047 0.5023 220 225 230
1.7104 4.3002 0.5500 220 225 230
1.7120 4.2965 0.6023 220 225 230
1.7110 4.3018 0.6648 220 225 230
1.7131 4.2998 0.7142 220 225 230
1.7098 4.2984 0.7647 220 225 230
1.7066 4.2994 0.8270 220 225 230
1.7111 4.2970 0.8745 220 225 230
1.7094 4.2995 0.9339 220 225 230
1.7169 4.3002 0.9986 220 225 230
1.7003 4.2931 1.0460 220 225 230
1.7097 4.3003 1.0977 220 225 230
1.7097 4.3000 1.1493 220 225 230
1.7158 4.3029 1.2141 220 225 230
1.7145 4.3003 1.2602 220 225 230
1.7125 4.3055 1.3278 220 225 230
1.7163 4.3020 1.3746 220 225 230
1.7166 4.2920 1.4322 220 225 230
1.7073 4.2966 1.4917 220 225 230
1.7099 4.3013 1.5439 220 225 230
1.7067 4.3017 1.5947 220 225 230
1.7151 4.2921 1.6506 220 225 230
1.7176 4.2971 1.7050 220 225 230
1.7149 4.2971 1.7634 220 225 230
1.7170 4.2999 1.8136 220 225 230
1.7120 4.3064 1.8782 220 225 230
1.7124 4.3014 1.9304 220 225 230
1.7122 4.2989 1.9823 220 225 230
1.7143 4.2993 2.0410 220 225 230
1.7121 4.2993 2.0945 220 225 230
1.7135 4.2987 2.1506 220 225 230
1.7143 4.3060 2.2077 220 225 230
1.7211 4.2987 2.2605 220 225 230
1.7070 4.2929 2.3132 220 225 230
1.7126 4.3042 2.3702 220 225 230
1.7118 4.3013 2.4241 220 225 230
1.7113 4.2958 2.4763 220 225 230
1.7141 4.3015 2.5355 220 225 230
1.7097 4.2983 2.5957 220 225 230
1.7077 4.2999 2.6420 220 225 230
1.7037 4.2998 2.7012 220 225 230
1.7766 4.2986 0.0017 220 225 230
1.7792 4.3019 0.0557 220 225 230
1.7747 4.2989 0.1078 220 225 230
1.7772 4.3013 0.1621 220 225 230
1.7754 4.3005 0.2212 220 225 230
1.7745 4.2944 0.2716 220 225 230
1.7825 4.2987 0.3320 220 225 230
1.7752 4.2984 0.3926 220 225 230
1.7798 4.2986 0.4385 220 225 230
1.7816 4.3087 0.4980 220 225 230
1.7715 4.3048 0.5543 220 225 230
1.7788 4.2965 0.5994 220 225 230
1.7776 4.2908 0.6657 220 225 230
1.7844 4.2967 0.7140 220 225 230
1.7833 4.2909 0.7697 220 225 230
1.7742 4.3034 0.8275 220 225 230
1.7708 4.3022 0.8842 220 225 230
1.7757 4.2970 0.9376 220 225 230
1.7721 4.2948 0.9955 220 225 230
1.7787 4.3032 1.0427 220 225 230
1.7781 4.2950 1.1050 220 225 230
1.7802 4.3012 1.1522 220 225 230
1.7769 4.3003 1.2103 220 225 230
1.7778 4.3042 1.2695 220 225 230
1.7816 4.2956 1.3290 220 225 230
1.7774 4.2996 1.3797 220 225 230
1.7802 4.2944 1.4352 220 225 230
1.7742 4.3039 1.4905 220 225 230
1.7771 4.2905 1.5449 220 225 230
1.7752 4.2947 1.5948 220 225 230
1.7799 4.3046 1.6587 220 225 230
1.7866 4.2985 1.7112 220 225 230
1.7746 4.2996 1.7655 220 225 230
1.7789 4.2996 1.8172 220 225 230
1.7687 4.2978 1.8791 220 225 230
1.7740 4.2962 1.9302 220 225 230
1.7806 4.3038 1.9858 220 225 230
1.7742 4.2992 2.0395 220 225 230
1.7768 4.3028 2.0926 220 225 230
1.7756 4.3105 2.1514 220 225 230
1.7827 4.2956 2.2094 220 225 230
1.7845 4.2951 2.2637 220 225 230
1.7768 4.2982 2.3179 220 225 230
1.7755 4.2999 2.3726 220 225 230
1.7726 4.2974 2.4249 220 225 230
1.7773 4.3022 2.4799 220 225 230
1.7830 4.2930 2.5341 220 225 230
1.7756 4.3005 2.5915 220 225 230
1.7742 4.2969 2.6513 220 225 230
1.7742 4.3066 2.6983 220 225 230
1.8351 4.2996 -0.0042 220 225 230
1.8472 4.3017 0.0529 220 225 230
1.8431 4.2901 0.1063 220 225 230
1.8366 4.2930 0.1558 220 225 230
1.8420 4.2977 0.2197 220 225 230
1.8505 4.3033 0.2764 220 225 230
1.8386 4.2968 0.3303 220 225 230
1.8476 4.2939 0.3837 220 225 230
1.8477 4.3024 0.4421 220 225 230
1.8368 4.3034 0.4978 220 225 230
1.8435 4.2984 0.5517 220 225 230
1.8450 4.2984 0.6055 220 225 230
1.8413 4.3000 0.6579 220 225 230
1.8440 4.3050 0.7136 220 225 230
1.8379 4.2957 0.7716 220 225 230
1.8363 4.3032 0.8209 220 225 230
1.8390 4.3045 0.8839 220 225 230
1.8418 4.2918 2.2561 220 225 230
1.8467 4.2994 2.3086 220 225 230
1.8423 4.3036 2.3657 220 225 230
1.8349 4.2998 2.4204 220 225 230
1.8401 4.2952 2.4720 220 225 230
1.8427 4.3037 2.5345 220 225 230
1.8392 4.3068 2.5870 220 225 230
1.8494 4.3008 2.6444 220 225 230
1.8450 4.2969 2.7013 220 225 230
1.9109 4.3005 -0.0096 220 225 230
1.9090 4.2924 0.0573 220 225 230
1.9067 4.2997 0.1072 220 225 230
1.9101 4.2953 0.1651 220 225 230
1.9082 4.2979 0.2203 220 225 230
1.9066 4.3008 0.2705 220 225 230
1.9115 4.3017 0.3357 220 225 230
1.9162 4.2950 0.3806 220 225 230
1.9094 4.3003 0.4432 220 225 230
1.9138 4.3000 0.4996 220 225 230
1.9160 4.2987 0.5536 220 225 230
1.9053 4.3004 0.6031 220 225 230
1.9100 4.3034 0.6612 220 225 230
1.9090 4.2992 0.7132 220 225 230
1.9114 4.3018 0.7709 220 225 230
1.9128 4.2975 0.8319 220 225 230
1.9065 4.2989 0.8806 220 225 230
1.9063 4.2996 2.2601 220 225 230
1.9124 4.3048 2.3204 220 225 230
1.9112 4.2949 2.3720 220 225 230
1.9093 4.3009 2.4185 220 225 230
1.9077 4.2971 2.4811 220 225 230
1.9070 4.2981 2.5337 220 225 230
1.9111 4.2977 2.5918 220 225 230
1.9128 4.2965 2.6457 220 225 230
1.9086 4.3084 2.6942 220 225 230
1.9710 4.3025 -0.0002 220 225 230
1.9732 4.3040 0.0572 220 225 230
1.9691 4.2998 0.1179 220 225 230
1.9787 4.3038 0.1672 220 225 230
1.9792 4.3041 0.2175 220 225 230
1.9825 4.3031 0.2792 220 225 230
1.9722 4.3050 0.3365 220 225 230
1.9820 4.2967 0.3963 220 225 230
1.9780 4.3062 0.4463 220 225 230
1.9727 4.3054 0.5008 220 225 230
1.9767 4.3074 0.5550 220 225 230
1.9705 4.3039 0.6079 220 225 230
1.9765 4.3063 0.6614 220 225 230
1.9743 4.2990 0.7102 220 225 230
1.9786 4.2974 0.7739 220 225 230
1.9730 4.3045 0.8282 220 225 230
1.9805 4.3031 0.8814 220 225 230
1.9733 4.2958 2.2589 220 225 230
1.9696 4.3027 2.3168 220 225 230
1.9774 4.3019 2.3656 220 225 230
1.9745 4.2999 2.4271 220 225 230
1.9714 4.2995 2.4807 220 225 230
1.9677 4.3042 2.5331 220 225 230
1.9731 4.2998 2.5891 220 225 230
1.9724 4.3019 2.6429 220 225 230
1.9731 4.3067 2.7030 220 225 230
2.0342 4.3017 0.0047 220 225 230
2.0367 4.2959 0.0565 220 225 230
2.0428 4.3021 0.1126 220 225 230
2.0438 4.2950 0.1676 220 225 230
2.0407 4.3054 0.2224 220 225 230
2.0361 4.3013 0.2731 220 225 230
2.0310 4.3017 0.3344 220 225 230
2.0429 4.2978 0.3907 220 225 230
2.0388 4.2996 0.4406 220 225 230
2.0372 4.2948 0.4946 220 225 230
2.0447 4.3030 0.5575 220 225 230
2.0383 4.3048 0.6052 220 225 230
2.0353 4.2918 0.6654 220 225 230
2.0450 4.3070 0.7154 220 225 230
2.0407 4.3007 0.7750 220 225 230
2.0386 4.2992 0.8310 220 225 230
2.0315 4.2965 0.8831 220 225 230
2.0400 4.2953 2.2569 220 225 230
2.0366 4.2938 2.3139 220 225 230
2.0354 4.2971 2.3652 220 225 230
2.0398 4.3033 2.4262 220 225 230
2.0390 4.3017 2.4742 220 225 230
2.0390 4.2999 2.5350 220 225 230
2.0344 4.2933 2.5935 220 225 230
2.0419 4.3005 2.6444 220 225 230
2.0376 4.2990 2.6993 220 225 230
2.1023 4.3006 -0.0010 220 225 230
2.0972 4.3005 0.0577 220 225 230
2.1066 4.3006 0.1117 220 225 230
2.0966 4.3008 0.1639 220 225 230
2.1071 4.3007 0.2255 220 225 230
2.0991 4.2993 0.2777 220 225 230
2.1060 4.2986 0.3337 220 225 230
2.1099 4.2989 0.3908 220 225 230
2.1048 4.3059 0.4378 220 225 230
2.1058 4.2962 0.4950 220 225 230
2.1072 4.2969 0.5531 220 225 230
2.1130 4.3012 0.6093 220 225 230
2.1050 4.2974 0.6638 220 225 230
2.1118 4.3020 0.7112 220 225 230
2.1115 4.2970 0.7702 220 225 230
2.1079 4.3027 0.8228 220 225 230
2.1019 4.2943 0.8845 220 225 230
2.1069 4.2976 2.2591 220 225 230
2.0963 4.2938 2.3164 220 225 230
2.1092 4.3016 2.3667 220 225 230
2.1039 4.3010 2.4239 220 225 230
2.1117 4.2952 2.4813 220 225 230
2.1075 4.2990 2.5368 220 225 230
2.1074 4.2988 2.5863 220 225 230
2.1057 4.2999 2.6433 220 225 230
2.1061 4.2966 2.6981 220 225 230
2.1610 4.2958 -0.0013 220 225 230
2.1705 4.3042 0.0551 220 225 230
2.1728 4.2950 0.1133 220 225 230
2.1704 4.2930 0.1696 220 225 230
2.1793 4.3026 0.2195 220 225 230
2.1612 4.3070 0.2728 220 225 230
2.1716 4.3047 0.3311 220 225 230
2.1653 4.3007 0.3793 220 225 230
2.1703 4.2989 0.4438 220 225 230
2.1750 4.3030 0.5015 220 225 230
2.1728 4.2922 0.5594 220 225 230
2.1753 4.2988 0.6037 220 225 230
2.1693 4.2986 0.6606 220 225 230
2.1713 4.2941 0.7195 220 225 230
2.1721 4.2958 0.7652 220 225 230
2.1735 4.2969 0.8229 220 225 230
2.1766 4.2984 0.8754 220 225 230
2.1736 4.3036 2.2536 220 225 230
2.1710 4.2920 2.3158 220 225 230
2.1698 4.3036 2.3648 220 225 230
2.1673 4.2984 2.4187 220 225 230
2.1675 4.3049 2.4866 220 225 230
2.1743 4.3021 2.5332 220 225 230
2.1854 4.2936 2.5889 220 225 230
2.1782 4.3043 2.6479 220 225 230
2.1679 4.3086 2.6973 220 225 230
2.2322 4.3027 -0.0025 220 225 230
2.2365 4.3012 0.0498 220 225 230
2.2336 4.2977 0.1132 220 225 230
2.2364 4.3020 0.1660 220 225 230
2.2378 4.2950 0.2253 220 225 230
2.2384 4.2975 0.2731 220 225 230
2.2437 4.2947 0.3259 220 225 230
2.2333 4.3052 0.3870 220 225 230
2.2457 4.3014 0.4366 220 225 230
2.2420 4.2941 0.4931 220 225 230
2.2420 4.3075 0.5540 220 225 230
2.2365 4.3025 0.6055 220 225 230
2.2403 4.3021 0.6549 220 225 230
2.2359 4.3090 0.7151 220 225 230
2.2347 4.3013 0.7651 220 225 230
2.2364 4.3010 0.8221 220 225 230
2.2368 4.2996 0.8789 220 225 230
2.2400 4.2936 2.2646 220 225 230
2.2427 4.2987 2.3171 220 225 230
2.2414 4.3029 2.3724 220 225 230
2.2331 4.2981 2.4150 220 225 230
2.2278 4.3006 2.4804 220 225 230
2.2430 4.2963 2.5342 220 225 230
2.2433 4.3113 2.5879 220 225 230
2.2365 4.2979 2.6463 220 225 230
2.2339 4.3053 2.7006 220 225 230
2.2975 4.3022 0.0002 220 225 230
2.3121 4.3039 0.0563 220 225 230
2.3032 4.3064 0.1071 220 225 230
2.3048 4.2991 0.1642 220 225 230
2.2967 4.3045 0.2132 220 225 230
2.3060 4.2994 0.2672 220 225 230
2.3066 4.2988 0.3284 220 225 230
2.2971 4.2988 0.3815 220 225 230
2.3068 4.2974 0.4384 220 225 230
2.2944 4.2988 0.4953 220 225 230
2.3040 4.3040 0.5454 220 225 230
2.3016 4.2994 0.6078 220 225 230
2.2994 4.3057 0.6516 220 225 230
2.2966 4.2972 0.7150 220 225 230
2.3094 4.2998 0.7673 220 225 230
2.3086 4.3005 0.8222 220 225 230
2.3041 4.3068 0.8815 220 225 230
2.3001 4.2969 2.2602 220 225 230
2.3013 4.3036 2.3111 220 225 230
2.3027 4.3008 2.3599 220 225 230
2.3000 4.3032 2.4207 220 225 230
2.3060 4.3033 2.4669 220 225 230
2.3020 4.3012 2.5357 220 225 230
2.3083 4.3016 2.5910 220 225 230
2.2976 4.2994 2.6422 220 225 230
2.3073 4.2941 2.6954 220 225 230
2.3698 4.2980 0.0084 220 225 230
2.3701 4.3019 0.0571 220 225 230
2.3667 4.3047 0.1090 220 225 230
2.3651 4.2988 0.1636 220 225 230
2.3664 4.2987 0.2240 220 225 230
2.3689 4.2871 0.2741 220 225 230
2.3752 4.2967 0.3305 220 225 230
2.3725 4.3006 0.3886 220 225 230
2.3725 4.2961 0.4415 220 225 230
2.3679 4.2970 0.5018 220 225 230
2.3658 4.3066 0.5513 220 225 230
2.3701 4.3024 0.6075 220 225 230
2.3691 4.2956 0.6571 220 225 230
2.3678 4.2973 0.7200 220 225 230
2.3717 4.2997 0.7669 220 225 230
2.3633 4.3021 0.8246 220 225 230
2.3724 4.3008 0.8828 220 225 230
2.3694 4.2993 2.2578 220 225 230
2.3662 4.2993 2.3090 220 225 230
2.3807 4.3039 2.3697 220 225 230
2.3701 4.3031 2.4240 220 225 230
2.3681 4.3089 2.4796 220 225 230
2.3725 4.2940 2.5340 220 225 230
2.3721 4.2981 2.5858 220 225 230
2.3684 4.3025 2.6449 220 225 230
2.3717 4.3036 2.6995 220 225 230
2.4355 4.3048 -0.0002 220 225 230
2.4377 4.3010 0.0542 220 225 230
2.4457 4.2961 0.1048 220 225 230
2.4329 4.2999 0.1612 220 225 230
2.4349 4.3028 0.2183 220 225 230
2.4334 4.3004 0.2669 220 225 230
2.4384 4.3054 0.3276 220 225 230
2.4357 4.3026 0.3825 220 225 230
2.4415 4.3070 0.4471 220 225 230
2.4295 4.2999 0.4951 220 225 230
2.4389 4.3022 0.5527 220 225 230
2.4381 4.2963 0.5977 220 225 230
2.4395 4.2999 0.6644 220 225 230
2.4343 4.2983 0.7126 220 225 230
2.4400 4.2959 0.7699 220 225 230
2.4402 4.3067 0.8289 220 225 230
2.4304 4.3002 0.8854 220 225 230
2.4371 4.3018 2.2588 220 225 230
2.4352 4.3031 2.3114 220 225 230
2.4456 4.3023 2.3687 220 225 230
2.4387 4.2940 2.4167 220 225 230
2.4368 4.3027 2.4807 220 225 230
2.4372 4.3046 2.5319 220 225 230
2.4420 4.3004 2.6020 220 225 230
2.4409 4.3007 2.6449 220 225 230
2.4336 4.2958 2.7032 220 225 230
2.5026 4.2987 -0.0005 220 225 230
2.5032 4.2944 0.0504 220 225 230
2.5030 4.3001 0.1102 220 225 230
2.5082 4.3003 0.1701 220 225 230
2.5013 4.2989 0.2258 220 225 230
2.5069 4.3089 0.2792 220 225 230
2.4999 4.3048 0.3370 220 225 230
2.4965 4.3117 0.3879 220 225 230
2.5017 4.2965 0.4469 220 225 230
2.5040 4.3019 0.4912 220 225 230
2.4953 4.3073 0.5414 220 225 230
2.5034 4.2992 0.6090 220 225 230
2.4955 4.3021 0.6645 220 225 230
2.5063 4.3015 0.7106 220 225 230
2.4974 4.3019 0.7731 220 225 230
2.5023 4.3007 0.8302 220 225 230
2.5004 4.3033 0.8845 220 225 230
2.5074 4.3033 2.2645 220 225 230
2.5079 4.3025 2.3083 220 225 230
2.4965 4.2976 2.3678 220 225 230
2.5038 4.3075 2.4273 220 225 230
2.4988 4.2990 2.4834 220 225 230
2.5024 4.2977 2.5279 220 225 230
2.5012 4.3012 2.5850 220 225 230
2.4986 4.2975 2.6465 220 225 230
2.5006 4.2986 2.7011 220 225 230
2.5687 4.2939 0.0026 220 225 230
2.5733 4.3010 0.0548 220 225 230
2.5622 4.3019 0.1144 220 225 230
2.5658 4.2982 0.1652 220 225 230
2.5635 4.3042 0.2222 220 225 230
2.5726 4.2884 0.2796 220 225 230
2.5648 4.3012 0.3374 220 225 230
2.5701 4.2995 0.3910 220 225 230
2.5661 4.2981 0.4369 220 225 230
2.5649 4.2981 0.4946 220 225 230
2.5648 4.2926 0.5540 220 225 230
2.5729 4.2984 0.6069 220 225 230
2.5662 4.2975 0.6653 220 225 230
2.5671 4.2959 0.7209 220 225 230
2.5708 4.2981 0.7715 220 225 230
2.5671 4.3032 0.8298 220 225 230
2.5743 4.2984 0.8883 220 225 230
2.5666 4.3053 2.2583 220 225 230
2.5697 4.3024 2.3190 220 225 230
2.5665 4.3077 2.3661 220 225 230
2.5673 4.2959 2.4350 220 225 230
2.5691 4.3024 2.4783 220 225 230
2.5648 4.3065 2.5376 220 225 230
2.5709 4.2974 2.5930 220 225 230
2.5681 4.2927 2.6422 220 225 230
2.5669 4.3007 2.6978 220 225 230
2.6355 4.3012 -0.0016 220 225 230
2.6317 4.3017 0.0610 220 225 230
2.6334 4.2964 0.1044 220 225 230
2.6443 4.3012 0.1620 220 225 230
2.6365 4.3004 0.2190 220 225 230
2.6346 4.3004 0.2781 220 225 230
2.6226 4.2996 0.3254 220 225 230
2.6341 4.3027 0.3885 220 225 230
2.6306 4.2974 0.4452 220 225 230
2.6247 4.2965 0.4958 220 225 230
2.6281 4.2996 0.5536 220 225 230
2.6379 4.2995 0.6056 220 225 230
2.6321 4.2949 0.6577 220 225 230
2.6367 4.2982 0.7206 220 225 230
2.6314 4.3027 0.7752 220 225 230
2.6361 4.2995 0.8184 220 225 230
2.6259 4.2920 0.8773 220 225 230
2.6359 4.2936 2.2669 220 225 230
2.6289 4.2979 2.3183 220 225 230
2.6338 4.3080 2.3670 220 225 230
2.6292 4.2971 2.4281 220 225 230
2.6276 4.3048 2.4775 220 225 230
2.6320 4.2935 2.5384 220 225 230
2.6322 4.2911 2.5908 220 225 230
2.6368 4.3049 2.6390 220 225 230
2.6372 4.3012 2.6951 220 225 230
2.6935 4.3044 0.0011 220 225 230
2.6990 4.2982 0.0493 220 225 230
2.6982 4.2965 0.1032 220 225 230
2.7070 4.2950 0.1716 220 225 230
2.6995 4.3040 0.2196 220 225 230
2.6956 4.2990 0.2741 220 225 230
2.7011 4.2989 0.3299 220 225 230
2.7058 4.2991 0.3817 220 225 230
2.6893 4.3002 0.4371 220 225 230
2.7027 4.2947 0.5058 220 225 230
2.7072 4.3002 0.5454 220 225 230
2.7009 4.3019 0.6047 220 225 230
2.6914 4.3014 0.6649 220 225 230
2.7001 4.3078 0.7146 220 225 230
2.6990 4.2993 0.7729 220 225 230
2.7007 4.3017 0.8154 220 225 230
2.6926 4.3035 0.8776 220 225 230
2.7003 4.2972 2.2675 220 225 230
2.7054 4.3037 2.3198 220 225 230
2.6981 4.2945 2.3711 220 225 230
2.6981 4.2993 2.4289 220 225 230
2.6983 4.3053 2.4879 220 225 230
2.7030 4.3042 2.5353 220 225 230
2.6973 4.3027 2.5789 220 225 230
2.6984 4.2983 2.6415 220 225 230
2.7074 4.3045 2.7059 220 225 230
2.7613 4.2951 0.0019 220 225 230
2.7617 4.3011 0.0622 220 225 230
2.7622 4.2993 0.1068 220 225 230
2.7693 4.3038 0.1563 220 225 230
2.7598 4.3022 0.2183 220 225 230
2.7635 4.2965 0.2693 220 225 230
2.7606 4.3006 0.3294 220 225 230
2.7704 4.2971 0.3848 220 225 230
2.7638 4.3038 0.4458 220 225 230
2.7664 4.2957 0.5008 220 225 230
2.7712 4.2963 0.5467 220 225 230
2.7539 4.3039 0.6045 220 225 230
2.7654 4.2991 0.6574 220 225 230
2.7714 4.2953 0.7162 220 225 230
2.7604 4.2965 0.7601 220 225 230
2.7594 4.3007 0.8330 220 225 230
2.7646 4.3017 0.8809 220 225 230
2.7699 4.2932 2.2558 220 225 230
2.7666 4.3027 2.3146 220 225 230
2.7612 4.3042 2.3713 220 225 230
2.7634 4.2970 2.4139 220 225 230
2.7660 4.2999 2.4830 220 225 230
2.7641 4.2996 2.5294 220 225 230
2.7569 4.3026 2.5877 220 225 230
2.7672 4.2956 2.6436 220 225 230
2.7664 4.2930 2.7054 220 225 230
2.8289 4.3003 0.0020 220 225 230
2.8331 4.2951 0.0532 220 225 230
2.8305 4.2931 0.1138 220 225 230
2.8354 4.3028 0.1709 220 225 230
2.8347 4.2956 0.2257 220 225 230
2.8251 4.2984 0.2763 220 225 230
2.8301 4.3004 0.3286 220 225 230
2.8241 4.3042 0.3860 220 225 230
2.8287 4.2990 0.4374 220 225 230
2.8344 4.3002 0.4985 220 225 230
2.8317 4.2946 0.5490 220 225 230
2.8339 4.3027 0.5988 220 225 230
2.8321 4.2893 0.6619 220 225 230
2.8301 4.3003 0.7129 220 225 230
2.8371 4.2966 0.7735 220 225 230
2.8239 4.2974 0.8229 220 225 230
2.8295 4.3032 0.8852 220 225 230
2.8299 4.3031 2.2537 220 225 230
2.8263 4.2965 2.3173 220 225 230
2.8291 4.2932 2.3652 220 225 230
2.8310 4.2958 2.4283 220 225 230
2.8310 4.3060 2.4837 220 225 230
2.8296 4.2959 2.5333 220 225 230
2.8244 4.3084 2.5845 220 225 230
2.8282 4.3007 2.6426 220 225 230
2.8236 4.2983 2.7062 220 225 230
2.8967 4.2966 -0.0073 220 225 230
2.9022 4.3054 0.0545 220 225 230
2.8965 4.3033 0.1081 220 225 230
2.8879 4.3060 0.1681 220 225 230
2.9003 4.3101 0.2248 220 225 230
2.8970 4.3008 0.2760 220 225 230
2.8936 4.2975 0.3256 220 225 230
2.8943 4.2976 0.3912 220 225 230
2.8970 4.2998 0.4396 220 225 230
2.8989 4.3000 0.4939 220 225 230
2.8911 4.3043 0.5553 220 225 230
2.8903 4.3001 0.6121 220 225 230
2.8940 4.2966 0.6588 220 225 230
2.8901 4.3063 0.7129 220 225 230
2.9010 4.2990 0.7693 220 225 230
2.8937 4.3011 0.8279 220 225 230
2.8991 4.2971 0.8841 220 225 230
2.9020 4.2937 2.2638 220 225 230
2.8985 4.3058 2.3129 220 225 230
2.8938 4.2952 2.3641 220 225 230
2.9004 4.3035 2.4325 220 225 230
2.9013 4.3053 2.4816 220 225 230
2.8970 4.2995 2.5350 220 225 230
2.8931 4.2961 2.5929 220 225 230
2.8908 4.3041 2.6415 220 225 230
2.8882 4.2910 2.7026 220 225 230
2.9558 4.3019 -0.0000 220 225 230
2.9665 4.3055 0.0552 220 225 230
2.9706 4.2978 0.1114 220 225 230
2.9589 4.3058 0.1643 220 225 230
2.9610 4.2897 0.2165 220 225 230
2.9642 4.2996 0.2730 220 225 230
2.9602 4.2927 0.3336 220 225 230
2.9625 4.3041 0.3845 220 225 230
2.9617 4.3057 0.4335 220 225 230
2.9610 4.3039 0.4962 220 225 230
2.9634 4.3069 0.5473 220 225 230
2.9667 4.3007 0.6055 220 225 230
2.9630 4.2954 0.6622 220 225 230
2.9614 4.2982 0.7101 220 225 230
2.9640 4.2993 0.7664 220 225 230
2.9624 4.3018 0.8260 220 225 230
2.9573 4.2955 0.8786 220 225 230
2.9622 4.2972 2.2554 220 225 230
2.9643 4.3002 2.3064 220 225 230
2.9555 4.3049 2.3692 220 225 230
2.9617 4.3001 2.4321 220 225 230
2.9628 4.2992 2.4882 220 225 230
2.9668 4.3059 2.5365 220 225 230
2.9626 4.2971 2.5956 220 225 230
2.9698 4.3016 2.6464 220 225 230
2.9552 4.3078 2.7065 220 225 230
3.0265 4.2991 -0.0058 220 225 230
3.0273 4.3037 0.0545 220 225 230
3.0289 4.3011 0.1116 220 225 230
3.0343 4.2974 0.1634 220 225 230
3.0296 4.2986 0.2263 220 225 230
3.0296 4.3008 0.2782 220 225 230
3.0235 4.3077 0.3272 220 225 230
3.0251 4.3017 0.3899 220 225 230
3.0273 4.2985 0.4408 220 225 230
3.0230 4.2991 0.4950 220 225 230
3.0280 4.3000 0.5472 220 225 230
3.0223 4.2972 0.5965 220 225 230
3.0306 4.2946 0.6529 220 225 230
3.0333 4.2959 0.7126 220 225 230
3.0239 4.2909 0.7684 220 225 230
3.0261 4.3008 0.8212 220 225 230
3.0235 4.3036 0.8759 220 225 230
3.0266 4.2986 2.2526 220 225 230
3.0219 4.3054 2.3116 220 225 230
3.0271 4.2965 2.3612 220 225 230
3.0370 4.3006 2.4282 220 225 230
3.0330 4.2968 2.4783 220 225 230
3.0257 4.3024 2.5280 220 225 230
3.0311 4.2965 2.5888 220 225 230
3.0226 4.2976 2.6521 220 225 230
3.0272 4.2984 2.6949 220 225 230
3.0861 4.3036 0.0017 220 225 230
3.0904 4.3009 0.0554 220 225 230
3.0991 4.2984 0.1094 220 225 230
3.0936 4.3010 0.1634 220 225 230
3.0982 4.2979 0.2125 220 225 230
3.0977 4.2960 0.2786 220 225 230
3.0990 4.2986 0.3281 220 225 230
3.0930 4.3006 0.3869 220 225 230
3.0920 4.3024 0.4393 220 225 230
3.0953 4.3001 0.4917 220 225 230
3.0941 4.2986 0.5447 220 225 230
3.0961 4.3024 0.6059 220 225 230
3.0989 4.2980 0.6587 220 225 230
3.0986 4.3022 0.7183 220 225 230
3.0946 4.2948 0.7740 220 225 230
3.0873 4.3047 0.8289 220 225 230
3.0999 4.2956 0.8885 220 225 230
3.0902 4.3001 2.2573 220 225 230
3.0988 4.2996 2.3149 220 225 230
3.0946 4.2975 2.3694 220 225 230
3.0965 4.2976 2.4233 220 225 230
3.0866 4.2978 2.4855 220 225 230
3.0926 4.2987 2.5361 220 225 230
3.0934 4.3012 2.5799 220 225 230
3.0907 4.2975 2.6423 220 225 230
3.0936 4.3021 2.6992 220 225 230
3.1530 4.3043 -0.0004 220 225 230
3.1656 4.3011 0.0509 220 225 230
3.1648 4.3039 0.1076 220 225 230
3.1698 4.2983 0.1715 220 225 230
3.1605 4.2981 0.2184 220 225 230
3.1578 4.3033 0.2758 220 225 230
3.1606 4.3015 0.3264 220 225 230
3.1568 4.2975 0.3896 220 225 230
3.1617 4.2980 0.4466 220 225 230
3.1601 4.2986 0.4935 220 225 230
3.1640 4.3016 0.5494 220 225 230
3.1566 4.3046 0.6018 220 225 230
3.1611 4.2973 0.6673 220 225 230
3.1591 4.2975 0.7150 220 225 230
3.1587 4.3020 0.7758 220 225 230
3.1627 4.2981 0.8304 220 225 230
3.1570 4.2927 0.8811 220 225 230
3.1627 4.3122 2.2567 220 225 230
3.1631 4.2973 2.3173 220 225 230
3.1558 4.2976 2.3633 220 225 230
3.1564 4.3045 2.4310 220 225 230
3.1565 4.3038 2.4848 220 225 230
3.1585 4.2969 2.5386 220 225 230
3.1611 4.3014 2.5882 220 225 230
3.1528 4.2926 2.6504 220 225 230
3.1545 4.2967 2.6963 220 225 230
3.2274 4.3039 0.0001 220 225 230
3.2243 4.3012 0.0525 220 225 230
3.2263 4.2998 0.1092 220 225 230
3.2346 4.2999 0.1697 220 225 230
3.2257 4.2966 0.2198 220 225 230
3.2276 4.2984 0.2766 220 225 230
3.2255 4.3031 0.3328 220 225 230
3.2297 4.2949 0.3793 220 225 230
3.2262 4.3002 0.4389 220 225 230
3.2300 4.3040 0.4936 220 225 230
3.2293 4.3030 0.5538 220 225 230
3.2245 4.2959 0.6026 220 225 230
3.2216 4.2997 0.6610 220 225 230
3.2309 4.2953 0.7174 220 225 230
3.2309 4.3005 0.7683 220 225 230
3.2233 4.2996 0.8260 220 225 230
3.2268 4.3012 0.8744 220 225 230
3.2224 4.3002 2.2620 220 225 230
3.2307 4.2983 2.3167 220 225 230
3.2239 4.2961 2.3627 220 225 230
3.2225 4.2990 2.4224 220 225 230
3.2200 4.2991 2.4787 220 225 230
3.2196 4.2982 2.5272 220 225 230
3.2299 4.3034 2.5894 220 225 230
3.2353 4.3009 2.6330 220 225 230
3.2281 4.3037 2.7041 220 225 230
3.2981 4.3092 0.0012 220 225 230
3.2946 4.2985 0.0564 220 225 230
3.2953 4.2960 0.1096 220 225 230
3.2891 4.3034 0.1652 220 225 230
3.2881 4.2935 0.2183 220 225 230
3.2799 4.2998 0.2760 220 225 230
3.2938 4.2940 0.3325 220 225 230
3.2881 4.3031 0.3887 220 225 230
3.2922 4.3046 0.4380 220 225 230
3.2935 4.3006 0.5022 220 225 230
3.2875 4.3069 0.5526 220 225 230
3.2962 4.3001 0.6065 220 225 230
3.2908 4.3039 0.6542 220 225 230
3.2913 4.3035 0.7177 220 225 230
3.2858 4.3004 0.7839 220 225 230
3.2843 4.3030 0.8259 220 225 230
3.2969 4.2975 0.8757 220 225 230
3.2903 4.3042 2.2603 220 225 230
3.2835 4.2969 2.3168 220 225 230
3.2937 4.3025 2.3718 220 225 230
3.2941 4.2968 2.4186 220 225 230
3.2827 4.3030 2.4803 220 225 230
3.2864 4.2984 2.5344 220 225 230
3.2878 4.3030 2.5938 220 225 230
3.2846 4.2982 2.6431 220 225 230
3.2867 4.2948 2.6990 220 225 230
3.3564 4.2964 -0.0003 220 225 230
3.3555 4.2984 0.0521 220 225 230
3.3579 4.2963 0.1164 220 225 230
3.3640 4.3082 0.1624 220 225 230
3.3567 4.2994 0.2260 220 225 230
3.3478 4.3000 0.2772 220 225 230
3.3503 4.2982 0.3279 220 225 230
3.3579 4.3040 0.3985 220 225 230
3.3630 4.2994 0.4423 220 225 230
3.3589 4.3001 0.4913 220 225 230
3.3579 4.3014 0.5546 220 225 230
3.3513 4.2992 0.6031 220 225 230
3.3508 4.2991 0.6523 220 225 230
3.3595 4.3092 0.7177 220 225 230
3.3557 4.2976 0.7725 220 225 230
3.3526 4.3007 0.8285 220 225 230
3.3608 4.3044 0.8844 220 225 230
3.3599 4.2946 2.2577 220 225 230
3.3464 4.2965 2.3135 220 225 230
3.3631 4.2939 2.3676 220 225 230
3.3557 4.2937 2.4231 220 225 230
3.3541 4.2974 2.4828 220 225 230
3.3505 4.2980 2.5368 220 225 230
3.3620 4.2980 2.5935 220 225 230
3.3611 4.2983 2.6540 220 225 230
3.3570 4.2939 2.7039 220 225 230
3.4196 4.3090 -0.0051 220 225 230
3.4182 4.2976 0.0503 220 225 230
3.4228 4.2981 0.1110 220 225 230
3.4201 4.2994 0.1627 220 225 230
3.4209 4.2999 0.2169 220 225 230
3.4281 4.3030 0.2729 220 225 230
3.4256 4.3030 0.3312 220 225 230
3.4231 4.3047 0.3864 220 225 230
3.4240 4.2991 0.4418 220 225 230
3.4202 4.3044 0.4936 220 225 230
3.4206 4.2912 0.5487 220 225 230
3.4223 4.3074 0.6022 220 225 230
3.4140 4.3038 0.6642 220 225 230
3.4149 4.3013 0.7189 220 225 230
3.4229 4.3053 0.7683 220 225 230
3.4297 4.3048 0.8224 220 225 230
3.4175 4.3090 0.8818 220 225 230
3.4214 4.2997 0.9362 220 225 230
3.4266 4.2989 1.0010 220 225 230
3.4246 4.3017 1.0497 220 225 230
3.4163 4.3037 1.1047 220 225 230
3.4200 4.3074 1.1642 220 225 230
3.4234 4.3008 1.2148 220 225 230
3.4254 4.2954 1.2660 220 225 230
3.4259 4.3002 1.3205 220 225 230
3.4205 4.3023 1.3772 220 225 230
3.4230 4.2974 1.4296 220 225 230
3.4285 4.2992 1.4824 220 225 230
3.4235 4.2986 1.5387 220 225 230
3.4305 4.3009 1.5972 220 225 230
3.4291 4.2982 1.6524 220 225 230
3.4170 4.2975 1.7142 220 225 230
3.4224 4.3028 1.7563 220 225 230
3.4319 4.3043 1.8252 220 225 230
3.4151 4.2978 1.8734 220 225 230
3.4201 4.2996 1.9307 220 225 230
3.4231 4.3031 1.9833 220 225 230
3.4130 4.3045 2.0331 220 225 230
3.4258 4.3037 2.1002 220 225 230
3.4238 4.2979 2.1447 220 225 230
3.4313 4.2937 2.2073 220 225 230
3.4223 4.2987 2.2573 220 225 230
3.4265 4.3024 2.3125 220 225 230
3.4200 4.3030 2.3668 220 225 230
3.4223 4.2948 2.4238 220 225 230
3.4175 4.3044 2.4734 220 225 230
3.4234 4.2933 2.5366 220 225 230
3.4190 4.3018 2.5911 220 225 230
3.4235 4.3021 2.6412 220 225 230
3.4193 4.3028 2.6984 220 225 230
3.4915 4.3000 -0.0057 220 225 230
3.4873 4.3053 0.0583 220 225 230
3.4957 4.2886 0.1064 220 225 230
3.4968 4.2920 0.1633 220 225 230
3.4881 4.2938 0.2230 220 225 230
3.4843 4.2967 0.2790 220 225 230
3.4821 4.2992 0.3295 220 225 230
3.4871 4.3014 0.3800 220 225 230
3.4949 4.2944 0.4424 220 225 230
3.4869 4.2906 0.4956 220 225 230
3.4896 4.2972 0.5457 220 225 230
3.4894 4.2995 0.6147 220 225 230
3.4844 4.3024 0.6560 220 225 230
3.4935 4.3046 0.7214 220 225 230
3.4964 4.3021 0.7684 220 225 230
3.4844 4.2995 0.8247 220 225 230
3.4857 4.2994 0.8788 220 225 230
3.4889 4.3038 0.9374 220 225 230
3.4826 4.2964 1.0015 220 225 230
3.4835 4.2945 1.0500 220 225 230
3.4827 4.3039 1.1014 220 225 230
3.4806 4.2989 1.1520 220 225 230
3.4881 4.3111 1.2162 220 225 230
3.4862 4.3007 1.2617 220 225 230
3.4896 4.3065 1.3201 220 225 230
3.4879 4.3005 1.3830 220 225 230
3.4871 4.3051 1.4303 220 225 230
3.4863 4.3026 1.4928 220 225 230
3.4886 4.2989 1.5393 220 225 230
3.4881 4.3000 1.5969 220 225 230
3.4929 4.3057 1.6507 220 225 230
3.4847 4.3015 1.7108 220 225 230
3.4870 4.2996 1.7563 220 225 230
3.4891 4.3037 1.8216 220 225 230
3.4968 4.2945 1.8784 220 225 230
3.4892 4.2980 1.9285 220 225 230
3.4844 4.3085 1.9868 220 225 230
3.4923 4.3004 2.0364 220 225 230
3.4854 4.3013 2.0947 220 225 230
3.4928 4.3006 2.1424 220 225 230
3.4797 4.2953 2.2009 220 225 230
3.4925 4.3015 2.2484 220 225 230
3.4842 4.2988 2.3030 220 225 230
3.4868 4.3047 2.3646 220 225 230
3.4881 4.2988 2.4259 220 225 230
3.4947 4.3088 2.4789 220 225 230
3.4870 4.3026 2.5389 220 225 230
3.4898 4.3023 2.5880 220 225 230
3.4892 4.2984 2.6348 220 225 230
3.4909 4.3054 2.6959 220 225 230
3.5581 4.3079 -0.0053 220 225 230
3.5566 4.3016 0.0537 220 225 230
3.5544 4.2998 0.1120 220 225 230
3.5462 4.2988 0.1639 220 225 230
3.5576 4.3037 0.2220 220 225 230
3.5437 4.2936 0.2757 220 225 230
3.5571 4.3032 0.3268 220 225 230
3.5474 4.2986 0.3910 220 225 230
3.5558 4.3044 0.4314 220 225 230
3.5535 4.3000 0.4994 220 225 230
3.5571 4.3019 0.5545 220 225 230
3.5517 4.3034 0.6093 220 225 230
3.5544 4.3074 0.6678 220 225 230
3.5522 4.2966 0.7204 220 225 230
3.5545 4.2946 0.7700 220 225 230
3.5545 4.2978 0.8316 220 225 230
3.5532 4.2982 0.8806 220 225 230
3.5609 4.3023 0.9338 220 225 230
3.5558 4.2956 0.9847 220 225 230
3.5528 4.3085 1.0456 220 225 230
3.5596 4.3119 1.0989 220 225 230
3.5549 4.3004 1.1600 220 225 230
3.5512 4.3020 1.2073 220 225 230
3.5567 4.3062 1.2619 220 225 230
3.5498 4.2944 1.3217 220 225 230
3.5584 4.2940 1.3792 220 225 230
3.5583 4.2987 1.4412 220 225 230
3.5549 4.3022 1.4935 220 225 230
3.5600 4.3053 1.5400 220 225 230
3.5586 4.2979 1.6068 220 225 230
3.5575 4.2978 1.6551 220 225 230
3.5607 4.3004 1.7081 220 225 230
3.5501 4.2940 1.7656 220 225 230
3.5565 4.3037 1.8179 220 225 230
3.5534 4.2977 1.8709 220 225 230
3.5476 4.2981 1.9310 220 225 230
3.5573 4.2947 1.9874 220 225 230
3.5520 4.3010 2.0440 220 225 230
3.5496 4.2956 2.0879 220 225 230
3.5538 4.3015 2.1440 220 225 230
3.5549 4.3000 2.2037 220 225 230
3.5517 4.2973 2.2594 220 225 230
3.5583 4.3042 2.3139 220 225 230
3.5599 4.3075 2.3709 220 225 230
3.5545 4.3011 2.4241 220 225 230
3.5543 4.3000 2.4726 220 225 230
3.5563 4.2902 2.5378 220 225 230
3.5509 4.2978 2.5830 220 225 230
3.5540 4.2980 2.6367 220 225 230
3.5552 4.2978 2.6966 220 225 230
3.6166 4.2930 -0.0017 220 225 230
3.6224 4.3024 0.0583 220 225 230
3.6211 4.2980 0.1090 220 225 230
3.6264 4.2969 0.1603 220 225 230
3.6178 4.3042 0.2216 220 225 230
3.6216 4.2974 0.2748 220 225 230
3.6179 4.2990 0.3316 220 225 230
3.6143 4.3027 0.3869 220 225 230
3.6117 4.2988 0.4357 220 225 230
3.6217 4.2972 0.4894 220 225 230
3.6226 4.3064 0.5479 220 225 230
3.6161 4.3078 0.6020 220 225 230
3.6236 4.3021 0.6583 220 225 230
3.6216 4.2999 0.7162 220 225 230
3.6269 4.3034 0.7717 220 225 230
3.6207 4.3022 0.8272 220 225 230
3.6256 4.2912 0.8846 220 225 230
3.6160 4.2953 0.9375 220 225 230
3.6183 4.3022 0.9931 220 225 230
3.6214 4.3034 1.0502 220 225 230
3.6181 4.3034 1.0979 220 225 230
3.6225 4.3046 1.1545 220 225 230
3.6247 4.2991 1.2147 220 225 230
3.6140 4.3000 1.2713 220 225 230
3.6157 4.3073 1.3262 220 225 230
3.6231 4.3007 1.3754 220 225 230
3.6199 4.3034 1.4357 220 225 230
3.6282 4.3036 1.4845 220 225 230
3.6223 4.3045 1.5365 220 225 230
3.6214 4.2964 1.5961 220 225 230
3.6178 4.2969 1.6613 220 225 230
3.6264 4.3072 1.7095 220 225 230
3.6242 4.3045 1.7560 220 225 230
3.6182 4.3022 1.8135 220 225 230
3.6157 4.2978 1.8726 220 225 230
3.6151 4.3012 1.9257 220 225 230
3.6210 4.3018 1.9877 220 225 230
3.6260 4.3088 2.0391 220 225 230
3.6187 4.2965 2.1027 220 225 230
3.6230 4.3038 2.1519 220 225 230
3.6188 4.3009 2.2063 220 225 230
3.6206 4.2976 2.2582 220 225 230
3.6228 4.2982 2.3131 220 225 230
3.6257 4.3015 2.3652 220 225 230
3.6258 4.2985 2.4253 220 225 230
3.6225 4.2963 2.4782 220 225 230
3.6250 4.2973 2.5375 220 225 230
3.6271 4.2936 2.5909 220 225 230
3.6240 4.3021 2.6433 220 225 230
3.6223 4.2928 2.7028 220 225 230
3.6877 4.2982 0.0002 220 225 230
3.6867 4.3065 0.0569 220 225 230
3.6885 4.3020 0.1142 220 225 230
3.6856 4.2981 0.1611 220 225 230
3.6886 4.2957 0.2242 220 225 230
3.6855 4.3011 0.2735 220 225 230
3.6867 4.2920 0.3224 220 225 230
3.6846 4.3046 0.3842 220 225 230
3.6841 4.3015 0.4381 220 225 230
3.6854 4.3003 0.4867 220 225 230
3.6831 4.2986 0.5448 220 225 230
3.6838 4.2986 0.6116 220 225 230
3.6865 4.2999 0.6605 220 225 230
3.6764 4.3039 0.7147 220 225 230
3.6831 4.3044 0.7755 220 225 230
3.6806 4.2967 0.8267 220 225 230
3.6962 4.3008 0.8849 220 225 230
3.6861 4.3085 0.9315 220 225 230
3.6851 4.3024 0.9887 220 225 230
3.6818 4.2935 1.0439 220 225 230
3.6895 4.3005 1.1054 220 225 230
3.6874 4.2970 1.1512 220 225 230
3.6860 4.3047 1.2153 220 225 230
3.6929 4.2955 1.2648 220 225 230
3.6848 4.2985 1.3227 220 225 230
3.6878 4.2997 1.3773 220 225 230
3.6829 4.2991 1.4358 220 225 230
3.6900 4.3030 1.4838 220 225 230
3.6852 4.3047 1.5419 220 225 230
3.6914 4.3030 1.6002 220 225 230
3.6799 4.3029 1.6545 220 225 230
3.6864 4.3000 1.7094 220 225 230
3.6837 4.2978 1.7591 220 225 230
3.6890 4.3015 1.8198 220 225 230
3.6874 4.3008 1.8724 220 225 230
3.6939 4.3020 1.9247 220 225 230
3.6848 4.3027 1.9911 220 225 230
3.6836 4.2999 2.0367 220 225 230
3.6840 4.2983 2.0877 220 225 230
3.6865 4.3015 2.1514 220 225 230
3.6867 4.3011 2.2059 220 225 230
3.6881 4.2987 2.2575 220 225 230
3.6798 4.2977 2.3163 220 225 230
3.6828 4.2961 2.3639 220 225 230
3.6830 4.2938 2.4248 220 225 230
3.6925 4.2971 2.4824 220 225 230
3.6879 4.3008 2.5312 220 225 230
3.6846 4.2997 2.5905 220 225 230
3.6856 4.2968 2.6379 220 225 230
3.6858 4.2997 2.7004 220 225 230
3.7577 4.2982 0.0046 220 225 230
3.7541 4.3017 0.0597 220 225 230
3.7475 4.3049 0.1079 220 225 230
3.7533 4.3003 0.1618 220 225 230
3.7559 4.3009 0.2164 220 225 230
3.7521 4.2919 0.2761 220 225 230
3.7495 4.2925 0.3386 220 225 230
3.7554 4.3014 0.3848 220 225 230
3.7508 4.3004 0.4374 220 225 230
3.7487 4.3037 0.4898 220 225 230
3.7544 4.3032 0.5506 220 225 230
3.7553 4.2998 0.6049 220 225 230
3.7504 4.2940 0.6591 220 225 230
3.7449 4.2919 0.7220 220 225 230
3.7484 4.2999 0.7696 220 225 230
3.7497 4.3004 0.8242 220 225 230
3.7443 4.3029 0.8836 220 225 230
3.7500 4.3018 0.9368 220 225 230
3.7563 4.2972 0.9976 220 225 230
3.7552 4.2970 1.0457 220 225 230
3.7515 4.2994 1.1023 220 225 230
3.7561 4.2982 1.1518 220 225 230
3.7508 4.2983 1.2113 220 225 230
3.7487 4.3075 1.2629 220 225 230
3.7461 4.2978 1.3226 220 225 230
3.7559 4.3008 1.3717 220 225 230
3.7593 4.3026 1.4274 220 225 230
3.7499 4.2997 1.4812 220 225 230
3.7518 4.3068 1.5435 220 225 230
3.7524 4.3030 1.6018 220 225 230
3.7567 4.2939 1.6578 220 225 230
3.7510 4.3015 1.7094 220 225 230
3.7553 4.2913 1.7671 220 225 230
3.7531 4.3008 1.8148 220 225 230
3.7475 4.2972 1.8751 220 225 230
3.7583 4.3007 1.9236 220 225 230
3.7500 4.3054 1.9885 220 225 230
3.7525 4.2948 2.0272 220 225 230
3.7488 4.3038 2.0890 220 225 230
3.7562 4.2979 2.1528 220 225 230
3.7547 4.2943 2.2025 220 225 230
3.7501 4.2955 2.2580 220 225 230
3.7487 4.2930 2.3101 220 225 230
3.7559 4.3031 2.3695 220 225 230
3.7508 4.2940 2.4242 220 225 230
3.7491 4.2947 2.4839 220 225 230
3.7524 4.2978 2.5370 220 225 230
3.7439 4.3027 2.5980 220 225 230
3.7529 4.3021 2.6430 220 225 230
3.7486 4.3034 2.7014 220 225 230
3.8193 4.3016 -0.0061 220 225 230
3.8179 4.3054 0.0516 220 225 230
3.8203 4.2983 0.1080 220 225 230
3.8166 4.3022 0.1633 220 225 230
3.8170 4.3000 0.2231 220 225 230
3.8135 4.3017 0.2730 220 225 230
3.8169 4.2875 0.3353 220 225 230
3.8114 4.2967 0.3883 220 225 230
3.8135 4.2968 0.4348 220 225 230
3.8162 4.2985 0.4943 220 225 230
3.8161 4.2964 0.5454 220 225 230
3.8154 4.2985 0.6139 220 225 230
3.8206 4.3019 0.6627 220 225 230
3.8181 4.2969 0.7114 220 225 230
3.8108 4.2998 0.7741 220 225 230
3.8181 4.2959 0.8248 220 225 230
3.8111 4.2961 0.8846 220 225 230
3.8132 4.2936 0.9439 220 225 230
3.8147 4.2979 0.9852 220 225 230
3.8207 4.2971 1.0432 220 225 230
3.8173 4.2975 1.0995 220 225 230
3.8157 4.3012 1.1557 220 225 230
3.8193 4.2951 1.2082 220 225 230
3.8101 4.2998 1.2740 220 225 230
3.8102 4.2913 1.3188 220 225 230
3.8219 4.2890 1.3776 220 225 230
3.8215 4.3049 1.4385 220 225 230
3.8231 4.2937 1.4823 220 225 230
3.8226 4.2936 1.5360 220 225 230
3.8158 4.3012 1.5993 220 225 230
3.8223 4.2983 1.6524 220 225 230
3.8122 4.2989 1.7080 220 225 230
3.8207 4.2999 1.7654 220 225 230
3.8189 4.2926 1.8167 220 225 230
3.8168 4.3090 1.8767 220 225 230
3.8236 4.2996 1.9256 220 225 230
3.8117 4.2981 1.9784 220 225 230
3.8277 4.2966 2.0401 220 225 230
3.8195 4.2999 2.0903 220 225 230
3.8205 4.2960 2.1493 220 225 230
3.8141 4.3016 2.2054 220 225 230
3.8147 4.3063 2.2679 220 225 230
3.8147 4.3033 2.3148 220 225 230
3.8193 4.3016 2.3768 220 225 230
3.8197 4.3030 2.4207 220 225 230
3.8144 4.3021 2.4751 220 225 230
3.8164 4.2975 2.5357 220 225 230
3.8169 4.3003 2.5919 220 225 230
3.8143 4.3085 2.6437 220 225 230
3.8138 4.3019 2.7021 220 225 230
3.8890 4.2995 -0.0009 220 225 230
3.8883 4.3055 0.0581 220 225 230
3.8812 4.3105 0.1130 220 225 230
3.8890 4.3031 0.1614 220 225 230
3.8787 4.2935 0.2160 220 225 230
3.8715 4.2974 0.2787 220 225 230
3.8794 4.2989 0.3208 220 225 230
3.8800 4.3003 0.3855 220 225 230
3.8821 4.3021 0.4384 220 225 230
3.8731 4.3016 0.4920 220 225 230
3.8822 4.3024 0.5491 220 225 230
3.8805 4.2997 0.6098 220 225 230
3.8878 4.3031 0.6669 220 225 230
3.8801 4.3071 0.7218 220 225 230
3.8852 4.2982 0.7681 220 225 230
3.8817 4.3003 0.8285 220 225 230
3.8837 4.3003 0.8779 220 225 230
3.8852 4.2964 0.9418 220 225 230
3.8842 4.3039 0.9943 220 225 230
3.8862 4.2966 1.0446 220 225 230
3.8806 4.3015 1.1012 220 225 230
3.8876 4.2985 1.1644 220 225 230
3.8791 4.3014 1.2154 220 225 230
3.8849 4.2963 1.2706 220 225 230
3.8828 4.3009 1.3245 220 225 230
3.8854 4.2938 1.3803 220 225 230
3.8871 4.3034 1.4370 220 225 230
3.8922 4.2971 1.4915 220 225 230
3.8826 4.3032 1.5422 220 225 230
3.8805 4.3043 1.5970 220 225 230
3.8841 4.2998 1.6478 220 225 230
3.8869 4.2972 1.7019 220 225 230
3.8895 4.3020 1.7625 220 225 230
3.8836 4.2955 1.8166 220 225 230
3.8820 4.3033 1.8674 220 225 230
3.8882 4.3049 1.9320 220 225 230
3.8817 4.3042 1.9908 220 225 230
3.8817 4.3031 2.0348 220 225 230
3.8853 4.3038 2.0905 220 225 230
3.8876 4.3038 2.1472 220 225 230
3.8795 4.2991 2.1965 220 225 230
3.8813 4.2984 2.2684 220 225 230
3.8802 4.3016 2.3182 220 225 230
3.8745 4.2998 2.3658 220 225 230
3.8856 4.3025 2.4237 220 225 230
3.8880 4.3021 2.4802 220 225 230
3.8760 4.3004 2.5331 220 225 230
3.8835 4.2962 2.5836 220 225 230
3.8888 4.3036 2.6479 220 225 230
3.8788 4.2991 2.6977 220 225 230
3.9504 4.3035 -0.0075 220 225 230
3.9548 4.3015 0.0547 220 225 230
3.9471 4.2932 0.1080 220 225 230
3.9476 4.2978 0.1640 220 225 230
3.9468 4.3004 0.2207 220 225 230
3.9568 4.2953 0.2728 220 225 230
3.9491 4.3023 0.3273 220 225 230
3.9542 4.3042 0.3831 220 225 230
3.9482 4.3050 0.4343 220 225 230
3.9417 4.3057 0.5025 220 225 230
3.9487 4.2979 0.5540 220 225 230
3.9487 4.2964 0.6015 220 225 230
3.9534 4.2978 0.6669 220 225 230
3.9407 4.3067 0.7190 220 225 230
3.9508 4.2938 0.7776 220 225 230
3.9430 4.2976 0.8238 220 225 230
3.9480 4.3012 0.8812 220 225 230
3.9495 4.3019 0.9323 220 225 230
3.9471 4.3015 0.9868 220 225 230
3.9428 4.3005 1.0569 220 225 230
3.9510 4.3060 1.0974 220 225 230
3.9541 4.3051 1.1641 220 225 230
3.9478 4.3002 1.2126 220 225 230
3.9493 4.3020 1.2652 220 225 230
3.9491 4.3011 1.3252 220 225 230
3.9515 4.3026 1.3812 220 225 230
3.9429 4.3047 1.4325 220 225 230
3.9514 4.3021 1.4880 220 225 230
3.9510 4.3016 1.5464 220 225 230
3.9471 4.2971 1.5969 220 225 230
3.9576 4.2977 1.6572 220 225 230
3.9486 4.2916 1.7124 220 225 230
3.9512 4.2950 1.7612 220 225 230
3.9487 4.3016 1.8142 220 225 230
3.9551 4.2964 1.8768 220 225 230
3.9531 4.3007 1.9267 220 225 230
3.9499 4.3012 1.9817 220 225 230
3.9489 4.2980 2.0317 220 225 230
3.9596 4.2990 2.0877 220 225 230
3.9458 4.3027 2.1535 220 225 230
3.9488 4.2962 2.1997 220 225 230
3.9457 4.3015 2.2591 220 225 230
3.9504 4.2932 2.3119 220 225 230
3.9420 4.2965 2.3683 220 225 230
3.9500 4.3022 2.4254 220 225 230
3.9528 4.3028 2.4852 220 225 230
3.9556 4.3044 2.5301 220 225 230
3.9538 4.2970 2.5901 220 225 230
3.9457 4.3021 2.6461 220 225 230
3.9536 4.2963 2.6975 220 225 230
4.0129 4.3026 -0.0017 220 225 230
4.0096 4.2964 0.0502 220 225 230
4.0075 4.2955 0.1090 220 225 230
4.0187 4.2970 0.1649 220 225 230
4.0137 4.2951 0.2139 220 225 230
4.0241 4.2886 0.2725 220 225 230
4.0116 4.3056 0.3336 220 225 230
4.0179 4.2965 0.3794 220 225 230
4.0216 4.2975 0.4442 220 225 230
4.0134 4.2951 0.4952 220 225 230
4.0152 4.2980 0.5454 220 225 230
4.0158 4.2978 0.6051 220 225 230
4.0159 4.2973 0.6580 220 225 230
4.0102 4.2974 0.7144 220 225 230
4.0188 4.3012 0.7692 220 225 230
4.0132 4.3071 0.8227 220 225 230
4.0148 4.2997 0.8802 220 225 230
4.0227 4.3051 0.9377 220 225 230
4.0129 4.3038 0.9926 220 225 230
4.0132 4.3029 1.0522 220 225 230
4.0082 4.2970 1.0980 220 225 230
4.0146 4.3031 1.1573 220 225 230
4.0209 4.2987 1.2124 220 225 230
4.0207 4.3024 1.2685 220 225 230
4.0203 4.2946 1.3194 220 225 230
4.0154 4.2969 1.3739 220 225 230
4.0186 4.3033 1.4459 220 225 230
4.0198 4.2980 1.4799 220 225 230
4.0205 4.3032 1.5508 220 225 230
4.0208 4.3081 1.5981 220 225 230
4.0146 4.3049 1.6557 220 225 230
4.0172 4.2953 1.7112 220 225 230
4.0188 4.3019 1.7624 220 225 230
4.0192 4.2991 1.8220 220 225 230
4.0114 4.3043 1.8730 220 225 230
4.0112 4.2950 1.9311 220 225 230
4.0144 4.2953 1.9825 220 225 230
4.0189 4.2971 2.0347 220 225 230
4.0179 4.3058 2.0968 220 225 230
4.0201 4.3004 2.1517 220 225 230
4.0160 4.3018 2.2062 220 225 230
4.0229 4.2997 2.2496 220 225 230
4.0133 4.3041 2.3144 220 225 230
4.0153 4.2952 2.3699 220 225 230
4.0089 4.3015 2.4245 220 225 230
4.0129 4.3021 2.4784 220 225 230
4.0139 4.2973 2.5346 220 225 230
4.0199 4.2984 2.5852 220 225 230
4.0220 4.3036 2.6453 220 225 230
4.0248 4.2941 2.6979 220 225 230
4.0836 4.3006 0.0001 220 225 230
4.0885 4.2909 0.0564 220 225 230
4.0850 4.2943 0.1088 220 225 230
4.0767 4.3013 0.1665 220 225 230
4.0789 4.3021 0.2184 220 225 230
4.0844 4.2998 0.2694 220 225 230
4.0819 4.2944 0.3297 220 225 230
4.0773 4.2972 0.3822 220 225 230
4.0771 4.3022 0.4471 220 225 230
4.0835 4.2986 0.4951 220 225 230
4.0844 4.3035 0.5458 220 225 230
4.0796 4.3021 0.6070 220 225 230
4.0805 4.3005 0.6626 220 225 230
4.0775 4.3034 0.7210 220 225 230
4.0769 4.2977 0.7706 220 225 230
4.0844 4.3081 0.8262 220 225 230
4.0846 4.2947 0.8804 220 225 230
4.0858 4.3046 0.9390 220 225 230
4.0857 4.3060 0.9966 220 225 230
4.0794 4.3001 1.0497 220 225 230
4.0858 4.3011 1.0978 220 225 230
4.0834 4.2996 1.1570 220 225 230
4.0791 4.3014 1.2048 220 225 230
4.0805 4.3000 1.2692 220 225 230
4.0790 4.3044 1.3217 220 225 230
4.0762 4.3047 1.3797 220 225 230
4.0816 4.3012 1.4398 220 225 230
4.0777 4.2997 1.4839 220 225 230
4.0837 4.2911 1.5524 220 225 230
4.0750 4.3018 1.6000 220 225 230
4.0765 4.2960 1.6532 220 225 230
4.0794 4.2956 1.7161 220 225 230
4.0871 4.2976 1.7627 220 225 230
4.0855 4.3031 1.8238 220 225 230
4.0788 4.3041 1.8691 220 225 230
4.0827 4.2957 1.9253 220 225 230
4.0788 4.2948 1.9832 220 225 230
4.0842 4.2986 2.0488 220 225 230
4.0818 4.2984 2.0950 220 225 230
4.0829 4.3045 2.1486 220 225 230
4.0769 4.2997 2.2000 220 225 230
4.0821 4.3032 2.2619 220 225 230
4.0815 4.3033 2.3120 220 225 230
4.0834 4.3087 2.3673 220 225 230
4.0830 4.3040 2.4282 220 225 230
4.0749 4.2925 2.4882 220 225 230
4.0882 4.2958 2.5366 220 225 230
4.0822 4.2982 2.5855 220 225 230
4.0819 4.2927 2.6445 220 225 230
4.0752 4.2907 2.7009 220 225 230
4.1389 4.2971 -0.0052 220 225 230
4.1428 4.2964 0.0551 220 225 230
4.1425 4.3046 0.1125 220 225 230
4.1432 4.3096 0.1628 220 225 230
4.1461 4.3058 0.2248 220 225 230
4.1472 4.3063 0.2758 220 225 230
4.1525 4.2977 0.3361 220 225 230
4.1500 4.3032 0.3883 220 225 230
4.1465 4.3021 0.4463 220 225 230
4.1437 4.3042 0.4988 220 225 230
4.1513 4.2990 0.5507 220 225 230
4.1512 4.3015 0.6031 220 225 230
4.1496 4.2979 0.6644 220 225 230
4.1426 4.3012 0.7134 220 225 230
4.1401 4.3011 0.7715 220 225 230
4.1475 4.3009 0.8246 220 225 230
4.1451 4.3014 0.8801 220 225 230
4.1484 4.3009 0.9352 220 225 230
4.1437 4.3042 0.9897 220 225 230
4.1469 4.2900 1.0465 220 225 230
4.1463 4.2955 1.1032 220 225 230
4.1436 4.3002 1.1592 220 225 230
4.1491 4.3048 1.2114 220 225 230
4.1495 4.2971 1.2646 220 225 230
4.1365 4.3062 1.3152 220 225 230
4.1439 4.2966 1.3765 220 225 230
4.1497 4.2986 1.4281 220 225 230
4.1529 4.2986 1.4928 220 225 230
4.1447 4.2995 1.5465 220 225 230
4.1515 4.2995 1.5994 220 225 230
4.1461 4.3001 1.6527 220 225 230
4.1454 4.2992 1.7127 220 225 230
4.1534 4.3021 1.7646 220 225 230
4.1470 4.2956 1.8204 220 225 230
4.1523 4.3017 1.8785 220 225 230
4.1509 4.2970 1.9335 220 225 230
4.1443 4.3007 1.9844 220 225 230
4.1414 4.3014 2.0329 220 225 230
4.1495 4.3032 2.0933 220 225 230
4.1486 4.2999 2.1477 220 225 230
4.1492 4.3001 2.2068 220 225 230
4.1490 4.3003 2.2615 220 225 230
4.1458 4.2979 2.3135 220 225 230
4.1513 4.2955 2.3723 220 225 230
4.1463 4.2966 2.4273 220 225 230
4.1463 4.3058 2.4796 220 225 230
4.1484 4.2999 2.5312 220 225 230
4.1428 4.3068 2.5868 220 225 230
4.1518 4.3004 2.6448 220 225 230
4.1508 4.2942 2.7020 220 225 230
4.2112 4.3001 -0.0028 220 225 230
4.2128 4.3005 0.0526 220 225 230
4.2086 4.2971 0.1168 220 225 230
4.2156 4.3073 0.1610 220 225 230
4.2029 4.2996 0.2146 220 225 230
4.2195 4.2989 0.2692 220 225 230
4.2203 4.3017 0.3326 220 225 230
4.2188 4.3088 0.3817 220 225 230
4.2113 4.2994 0.4407 220 225 230
4.2097 4.3018 0.4980 220 225 230
4.2108 4.2969 0.5553 220 225 230
4.2091 4.2972 0.6035 220 225 230
4.2142 4.2968 0.6539 220 225 230
4.2126 4.3055 0.7160 220 225 230
4.2089 4.3021 0.7728 220 225 230
4.2103 4.2970 0.8238 220 225 230
4.2155 4.3014 0.8876 220 225 230
4.2101 4.2984 0.9390 220 225 230
4.2223 4.2970 0.9943 220 225 230
4.2165 4.2975 1.0525 220 225 230
4.2121 4.3041 1.1018 220 225 230
4.2137 4.3052 1.1625 220 225 230
4.2122 4.3071 1.2164 220 225 230
4.2170 4.3027 1.2624 220 225 230
4.2191 4.2941 1.3271 220 225 230
4.2062 4.3050 1.3733 220 225 230
4.2036 4.2983 1.4283 220 225 230
4.2128 4.3018 1.4938 220 225 230
4.2145 4.2938 1.5423 220 225 230
4.2049 4.3030 1.6007 220 225 230
4.2232 4.2941 1.6496 220 225 230
4.2093 4.3002 1.7083 220 225 230
4.2084 4.3067 1.7646 220 225 230
4.2118 4.3007 1.8186 220 225 230
4.2146 4.3091 1.8711 220 225 230
4.2025 4.2967 1.9215 220 225 230
4.2153 4.2970 1.9852 220 225 230
4.2115 4.2998 2.0426 220 225 230
4.2155 4.2982 2.0913 220 225 230
4.2083 4.2979 2.1553 220 225 230
4.2122 4.2981 2.2025 220 225 230
4.2177 4.2982 2.2568 220 225 230
4.2041 4.2953 2.3155 220 225 230
4.2137 4.3028 2.3679 220 225 230
4.2118 4.3016 2.4301 220 225 230
4.2162 4.3006 2.4857 220 225 230
4.2134 4.3009 2.5362 220 225 230
4.2077 4.2939 2.5849 220 225 230
4.2109 4.3035 2.6424 220 225 230
4.2212 4.3071 2.6989 220 225 230
4.2850 4.2943 0.0035 220 225 230
4.2815 4.2976 0.0555 220 225 230
4.2709 4.3010 0.1143 220 225 230
4.2776 4.2976 0.1607 220 225 230
4.2809 4.3035 0.2225 220 225 230
4.2780 4.3003 0.2784 220 225 230
4.2817 4.2989 0.3315 220 225 230
4.2788 4.2904 0.3812 220 225 230
4.2721 4.3041 0.4403 220 225 230
4.2799 4.3037 0.5003 220 225 230
4.2749 4.3055 0.5524 220 225 230
4.2833 4.3049 0.6061 220 225 230
4.2691 4.3003 0.6639 220 225 230
4.2742 4.3000 0.7183 220 225 230
4.2765 4.3096 0.7737 220 225 230
4.2686 4.2983 0.8218 220 225 230
4.2809 4.3033 0.8893 220 225 230
4.2850 4.3037 0.9404 220 225 230
4.2833 4.2937 0.9922 220 225 230
4.2742 4.2963 1.0456 220 225 230
4.2841 4.3002 1.1020 220 225 230
4.2833 4.2961 1.1568 220 225 230
4.2759 4.2969 1.2057 220 225 230
4.2795 4.3020 1.2730 220 225 230
4.2822 4.3016 1.3274 220 225 230
4.2755 4.2953 1.3723 220 225 230
4.2781 4.2988 1.4324 220 225 230
4.2867 4.3022 1.4844 220 225 230
4.2866 4.2971 1.5394 220 225 230
4.2762 4.3053 1.5931 220 225 230
4.2775 4.3030 1.6481 220 225 230
4.2768 4.3057 1.7106 220 225 230
4.2743 4.3016 1.7680 220 225 230
4.2819 4.3059 1.8189 220 225 230
4.2741 4.2963 1.8705 220 225 230
4.2799 4.3007 1.9317 220 225 230
4.2765 4.2971 1.9784 220 225 230
4.2775 4.2944 2.0349 220 225 230
4.2835 4.2949 2.0995 220 225 230
4.2767 4.2967 2.1518 220 225 230
4.2761 4.3028 2.2069 220 225 230
4.2820 4.2995 2.2549 220 225 230
4.2811 4.3013 2.3139 220 225 230
4.2787 4.3040 2.3695 220 225 230
4.2800 4.2964 2.4211 220 225 230
4.2738 4.3072 2.4795 220 225 230
4.2792 4.3009 2.5309 220 225 230
4.2830 4.2956 2.5900 220 225 230
4.2748 4.3046 2.6469 220 225 230
4.2857 4.3056 2.7069 220 225 230
4.3534 4.2963 0.0002 220 225 230
4.3397 4.2971 0.0558 220 225 230
4.3460 4.2989 0.0963 220 225 230
4.3483 4.3014 0.1639 220 225 230
4.3488 4.2982 0.2185 220 225 230
4.3474 4.3000 0.2773 220 225 230
4.3425 4.2990 0.3318 220 225 230
4.3438 4.3069 0.3829 220 225 230
4.3430 4.2936 0.4419 220 225 230
4.3445 4.3042 0.4934 220 225 230
4.3408 4.2923 0.5516 220 225 230
4.3526 4.3020 0.6081 220 225 230
4.3428 4.3054 0.6629 220 225 230
4.3441 4.3044 0.7201 220 225 230
4.3530 4.3074 0.7663 220 225 230
4.3478 4.2945 0.8248 220 225 230
4.3459 4.2985 0.8864 220 225 230
4.3472 4.3049 0.9393 220 225 230
4.3494 4.2970 0.9887 220 225 230
4.3514 4.2985 1.0438 220 225 230
4.3358 4.3043 1.1047 220 225 230
4.3444 4.2984 1.1513 220 225 230
4.3420 4.2989 1.2098 220 225 230
4.3393 4.2974 1.2664 220 225 230
4.3399 4.2988 1.3217 220 225 230
4.3415 4.3015 1.3832 220 225 230
4.3422 4.3081 1.4240 220 225 230
4.3400 4.2928 1.4878 220 225 230
4.3430 4.3044 1.5351 220 225 230
4.3411 4.2944 1.5991 220 225 230
4.3440 4.2978 1.6587 220 225 230
4.3389 4.3003 1.7085 220 225 230
4.3466 4.2957 1.7624 220 225 230
4.3473 4.3016 1.8108 220 225 230
4.3462 4.3031 1.8759 220 225 230
4.3482 4.3049 1.9232 220 225 230
4.3470 4.3017 1.9929 220 225 230
4.3513 4.2991 2.0423 220 225 230
4.3414 4.2947 2.1048 220 225 230
4.3465 4.3015 2.1450 220 225 230
4.3364 4.3021 2.2056 220 225 230
4.3430 4.2971 2.2641 220 225 230
4.3459 4.3028 2.3125 220 225 230
4.3375 4.2995 2.3689 220 225 230
4.3424 4.3044 2.4218 220 225 230
4.3473 4.2935 2.4832 220 225 230
4.3521 4.2979 2.5282 220 225 230
4.3430 4.3028 2.5883 220 225 230
4.3394 4.3038 2.6415 220 225 230
4.3496 4.3075 2.6987 220 225 230
4.4114 4.2975 -0.0074 220 225 230
4.4146 4.3017 0.0520 220 225 230
4.4098 4.3004 0.1135 220 225 230
4.4113 4.2949 0.1631 220 225 230
4.4104 4.2996 0.2171 220 225 230
4.4050 4.2956 0.2686 220 225 230
4.4088 4.3017 0.3264 220 225 230
4.4057 4.3004 0.3868 220 225 230
4.4085 4.2934 0.4409 220 225 230
4.3980 4.2997 0.4922 220 225 230
4.4051 4.2970 0.5505 220 225 230
4.4128 4.3001 0.6079 220 225 230
4.4179 4.2969 0.6572 220 225 230
4.4146 4.3008 0.7079 220 225 230
4.4077 4.2963 0.7704 220 225 230
4.4210 4.2964 0.8263 220 225 230
4.4108 4.2937 0.8886 220 225 230
4.4109 4.2972 0.9335 220 225 230
4.4115 4.3013 0.9878 220 225 230
4.4036 4.3022 1.0483 220 225 230
4.4135 4.2985 1.1028 220 225 230
4.4118 4.3014 1.1498 220 225 230
4.4099 4.2975 1.2119 220 225 230
4.4132 4.2960 1.2711 220 225 230
4.4071 4.3078 1.3310 220 225 230
4.4004 4.2960 1.3712 220 225 230
4.4111 4.2975 1.4361 220 225 230
4.4114 4.2977 1.4891 220 225 230
4.4086 4.3010 1.5483 220 225 230
4.4116 4.3076 1.5980 220 225 230
4.4073 4.2964 1.6603 220 225 230
4.4092 4.2976 1.7013 220 225 230
4.4078 4.2953 1.7615 220 225 230
4.4034 4.3037 1.8148 220 225 230
4.4022 4.3031 1.8801 220 225 230
4.4061 4.3005 1.9255 220 225 230
4.4161 4.2990 1.9854 220 225 230
4.4119 4.3040 2.0330 220 225 230
4.4179 4.3002 2.0993 220 225 230
4.4119 4.3066 2.1464 220 225 230
4.4170 4.2973 2.2001 220 225 230
4.4046 4.3022 2.2629 220 225 230
4.4103 4.3051 2.3090 220 225 230
4.4085 4.2993 2.3657 220 225 230
4.4109 4.2880 2.4219 220 225 230
4.4112 4.2979 2.4811 220 225 230
4.4041 4.2931 2.5315 220 225 230
4.4110 4.2979 2.5911 220 225 230
4.4076 4.2980 2.6472 220 225 230
4.4109 4.2967 2.7039 220 225 230
4.4739 4.3064 0.0022 220 225 230
4.4816 4.3005 0.0546 220 225 230
4.4811 4.3003 0.1084 220 225 230
4.4783 4.2997 0.1627 220 225 230
4.4813 4.3044 0.2229 220 225 230
4.4726 4.3041 0.2730 220 225 230
4.4779 4.2996 0.3336 220 225 230
4.4707 4.3027 0.3837 220 225 230
4.4739 4.2991 0.4366 220 225 230
4.4827 4.2967 0.4923 220 225 230
4.4812 4.2959 0.5473 220 225 230
4.4819 4.3019 0.6110 220 225 230
4.4758 4.3014 0.6568 220 225 230
4.4742 4.3042 0.7122 220 225 230
4.4788 4.2980 0.7725 220 225 230
4.4771 4.2939 0.8316 220 225 230
4.4783 4.2998 0.8790 220 225 230
4.4744 4.3082 0.9358 220 225 230
4.4684 4.2961 0.9887 220 225 230
4.4738 4.2943 1.0460 220 225 230
4.4727 4.2983 1.1090 220 225 230
4.4738 4.2955 1.1585 220 225 230
4.4835 4.2990 1.2168 220 225 230
4.4831 4.2913 1.2741 220 225 230
4.4708 4.3031 1.3257 220 225 230
4.4745 4.3072 1.3776 220 225 230
4.4817 4.2991 1.4377 220 225 230
4.4710 4.2944 1.4832 220 225 230
4.4704 4.2967 1.5432 220 225 230
4.4774 4.3012 1.5934 220 225 230
4.4716 4.3026 1.6551 220 225 230
4.4726 4.3024 1.7143 220 225 230
4.4739 4.2986 1.7725 220 225 230
4.4754 4.3023 1.8238 220 225 230
4.4855 4.2983 1.8817 220 225 230
4.4770 4.3092 1.9284 220 225 230
4.4798 4.2924 1.9825 220 225 230
4.4699 4.3023 2.0407 220 225 230
4.4817 4.2950 2.0992 220 225 230
4.4805 4.3028 2.1437 220 225 230
4.4744 4.3033 2.1995 220 225 230
4.4749 4.2980 2.2586 220 225 230
4.4648 4.2971 2.3101 220 225 230
4.4858 4.2961 2.3632 220 225 230
4.4756 4.3003 2.4266 220 225 230
4.4788 4.3033 2.4835 220 225 230
4.4740 4.3012 2.5301 220 225 230
4.4763 4.3014 2.5898 220 225 230
4.4731 4.3074 2.6415 220 225 230
4.4736 4.3002 2.7043 220 225 230
4.5356 4.3002 0.0022 220 225 230
4.5414 4.3015 0.0558 220 225 230
4.5483 4.2960 0.1161 220 225 230
4.5350 4.3002 0.1567 220 225 230
4.5396 4.2978 0.2188 220 225 230
4.5494 4.2992 0.2706 220 225 230
4.5375 4.3026 0.3324 220 225 230
4.5450 4.3037 0.3812 220 225 230
4.5372 4.3015 0.4373 220 225 230
4.5504 4.2952 0.5006 220 225 230
4.5458 4.3046 0.5478 220 225 230
4.5367 4.3016 0.6020 220 225 230
4.5475 4.3040 0.6628 220 225 230
4.5399 4.2942 0.7149 220 225 230
4.5505 4.3025 0.7708 220 225 230
4.5403 4.2930 0.8259 220 225 230
4.5405 4.3095 0.8813 220 225 230
4.5405 4.2900 0.9339 220 225 230
4.5393 4.3037 0.9904 220 225 230
4.5455 4.2932 1.0461 220 225 230
4.5400 4.2959 1.1033 220 225 230
4.5423 4.2977 1.1582 220 225 230
4.5429 4.3090 1.2035 220 225 230
4.5414 4.2968 1.2719 220 225 230
4.5448 4.2946 1.3245 220 225 230
4.5412 4.3017 1.3757 220 225 230
4.5444 4.3082 1.4261 220 225 230
4.5451 4.2975 1.4910 220 225 230
4.5382 4.3028 1.5448 220 225 230
4.5340 4.2960 1.5933 220 225 230
4.5420 4.3086 1.6510 220 225 230
4.5423 4.2939 1.7015 220 225 230
4.5366 4.2966 1.7610 220 225 230
4.5377 4.2970 1.8237 220 225 230
4.5434 4.3007 1.8659 220 225 230
4.5447 4.3011 1.9314 220 225 230
4.5413 4.3001 1.9830 220 225 230
4.5426 4.3055 2.0429 220 225 230
4.5443 4.3036 2.0955 220 225 230
4.5404 4.2985 2.1497 220 225 230
4.5474 4.3002 2.2005 220 225 230
4.5413 4.3037 2.2584 220 225 230
4.5410 4.3024 2.3165 220 225 230
4.5461 4.3035 2.3761 220 225 230
4.5380 4.2955 2.4292 220 225 230
4.5409 4.3017 2.4834 220 225 230
4.5429 4.3034 2.5391 220 225 230
4.5474 4.3048 2.5824 220 225 230
4.5433 4.2973 2.6407 220 225 230
4.5360 4.3015 2.7051 220 225 230
4.6074 4.3006 -0.0022 220 225 230
4.6077 4.3041 0.0574 220 225 230
4.6084 4.3080 0.1060 220 225 230
4.6054 4.2984 0.1580 220 225 230
4.6103 4.2983 0.2207 220 225 230
4.6146 4.3039 0.2680 220 225 230
4.6131 4.3061 0.3263 220 225 230
4.6084 4.3038 0.3851 220 225 230
4.6106 4.2974 0.4379 220 225 230
4.6109 4.3013 0.4961 220 225 230
4.6076 4.2968 0.5508 220 225 230
4.6093 4.2991 0.6109 220 225 230
4.6126 4.2942 0.6639 220 225 230
4.6106 4.3010 0.7128 220 225 230
4.6106 4.2991 0.7718 220 225 230
4.6074 4.2990 0.8288 220 225 230
4.6068 4.3002 0.8793 220 225 230
4.6113 4.3033 0.9326 220 225 230
4.6096 4.3034 0.9884 220 225 230
4.6090 4.3011 1.0422 220 225 230
4.6088 4.3005 1.1046 220 225 230
4.6122 4.3083 1.1543 220 225 230
4.6114 4.2983 1.2122 220 225 230
4.6082 4.3003 1.2688 220 225 230
4.6027 4.3009 1.3243 220 225 230
4.6092 4.2975 1.3716 220 225 230
4.6029 4.3022 1.4285 220 225 230
4.6081 4.2997 1.4899 220 225 230
4.6070 4.3086 1.5420 220 225 230
4.6061 4.2961 1.5970 220 225 230
4.6090 4.3001 1.6513 220 225 230
4.6135 4.3004 1.7054 220 225 230
4.6098 4.2983 1.7607 220 225 230
4.6088 4.2976 1.8170 220 225 230
4.6043 4.2937 1.8714 220 225 230
4.6086 4.3030 1.9297 220 225 230
4.6060 4.2998 1.9897 220 225 230
4.6079 4.3051 2.0373 220 225 230
4.6058 4.3001 2.0963 220 225 230
4.6084 4.3014 2.1449 220 225 230
4.6103 4.3017 2.1984 220 225 230
4.6011 4.3020 2.2574 220 225 230
4.6020 4.2984 2.3070 220 225 230
4.6006 4.2961 2.3721 220 225 230
4.6104 4.2985 2.4305 220 225 230
4.6072 4.3006 2.4791 220 225 230
4.6057 4.2945 2.5377 220 225 230
4.6029 4.3012 2.5934 220 225 230
4.6085 4.2985 2.6457 220 225 230
4.6110 4.3023 2.6983 220 225 230
4.6727 4.3000 -0.0014 220 225 230
4.6670 4.2974 0.0643 220 225 230
4.6749 4.2988 0.1028 220 225 230
4.6721 4.2943 0.1633 220 225 230
4.6792 4.3040 0.2188 220 225 230
4.6717 4.2977 0.2728 220 225 230
4.6782 4.3031 0.3317 220 225 230
4.6723 4.3049 0.3874 220 225 230
4.6759 4.2988 0.4333 220 225 230
4.6711 4.3012 0.4950 220 225 230
4.6776 4.2947 0.5459 220 225 230
4.6693 4.2994 0.6072 220 225 230
4.6661 4.2920 0.6617 220 225 230
4.6694 4.3029 0.7161 220 225 230
4.6726 4.3022 0.7740 220 225 230
4.6819 4.3046 0.8330 220 225 230
4.6778 4.3033 0.8769 220 225 230
4.6718 4.2954 0.9381 220 225 230
4.6751 4.3060 0.9993 220 225 230
4.6755 4.2978 1.0461 220 225 230
4.6649 4.2994 1.1049 220 225 230
4.6714 4.2998 1.1593 220 225 230
4.6754 4.3031 1.2046 220 225 230
4.6758 4.3045 1.2677 220 225 230
4.6773 4.3017 1.3243 220 225 230
4.6726 4.2998 1.3830 220 225 230
4.6641 4.3000 1.4275 220 225 230
4.6721 4.2992 1.4852 220 225 230
4.6764 4.3046 1.5435 220 225 230
4.6849 4.2974 1.6001 220 225 230
4.6716 4.2986 1.6532 220 225 230
4.6756 4.3052 1.7006 220 225 230
4.6687 4.2927 1.7679 220 225 230
4.6679 4.3025 1.8158 220 225 230
4.6695 4.3041 1.8724 220 225 230
4.6739 4.2947 1.9219 220 225 230
4.6735 4.2922 1.9829 220 225 230
4.6736 4.2996 2.0398 220 225 230
4.6685 4.3034 2.0911 220 225 230
4.6725 4.3013 2.1518 220 225 230
4.6706 4.3073 2.2123 220 225 230
4.6705 4.2951 2.2566 220 225 230
4.6734 4.3008 2.3158 220 225 230
4.6749 4.3023 2.3603 220 225 230
4.6679 4.2963 2.4254 220 225 230
4.6756 4.2930 2.4797 220 225 230
4.6736 4.3013 2.5325 220 225 230
4.6746 4.2996 2.5929 220 225 230
4.6734 4.2966 2.6447 220 225 230
4.6721 4.3044 2.7003 220 225 230
4.7421 4.3038 -0.0029 220 225 230
4.7390 4.3002 0.0514 220 225 230
4.7395 4.3002 0.1058 220 225 230
4.7344 4.2979 0.1607 220 225 230
4.7413 4.2971 0.2231 220 225 230
4.7346 4.2978 0.2775 220 225 230
4.7383 4.3043 0.3258 220 225 230
4.7410 4.3059 0.3870 220 225 230
4.7452 4.2986 0.4402 220 225 230
4.7367 4.3016 0.4958 220 225 230
4.7351 4.2956 0.5550 220 225 230
4.7385 4.3009 0.6036 220 225 230
4.7369 4.3019 0.6646 220 225 230
4.7303 4.3036 0.7092 220 225 230
4.7386 4.3019 0.7705 220 225 230
4.7400 4.3039 0.8223 220 225 230
4.7389 4.3005 0.8793 220 225 230
4.7366 4.3007 0.9327 220 225 230
4.7435 4.3012 0.9912 220 225 230
4.7357 4.3053 1.0484 220 225 230
4.7418 4.3040 1.0995 220 225 230
4.7421 4.3036 1.1609 220 225 230
4.7378 4.2935 1.2102 220 225 230
4.7425 4.2928 1.2607 220 225 230
4.7396 4.2994 1.3230 220 225 230
4.7384 4.2948 1.3748 220 225 230
4.7388 4.3042 1.4325 220 225 230
4.7382 4.2966 1.4942 220 225 230
4.7431 4.2995 1.5471 220 225 230
4.7335 4.3021 1.5961 220 225 230
4.7399 4.2999 1.6508 220 225 230
4.7416 4.2982 1.7060 220 225 230
4.7339 4.3005 1.7639 220 225 230
4.7397 4.2998 1.8156 220 225 230
4.7406 4.3005 1.8765 220 225 230
4.7401 4.2964 1.9278 220 225 230
4.7371 4.2980 1.9896 220 225 230
4.7350 4.3014 2.0469 220 225 230
4.7478 4.3006 2.1022 220 225 230
4.7424 4.2954 2.1451 220 225 230
4.7406 4.2949 2.2021 220 225 230
4.7435 4.2951 2.2562 220 225 230
4.7403 4.2940 2.3160 220 225 230
4.7360 4.2985 2.3728 220 225 230
4.7376 4.3003 2.4206 220 225 230
4.7387 4.2965 2.4812 220 225 230
4.7386 4.3004 2.5358 220 225 230
4.7390 4.2976 2.5871 220 225 230
4.7312 4.3008 2.6427 220 225 230
4.7374 4.2950 2.6964 220 225 230
4.8014 4.2981 0.0022 220 225 230
4.8036 4.2934 0.0552 220 225 230
4.8066 4.2953 0.1113 220 225 230
4.8029 4.3006 0.1650 220 225 230
4.8069 4.3054 0.2228 220 225 230
4.8049 4.3002 0.2805 220 225 230
4.8051 4.3025 0.3399 220 225 230
4.8018 4.2967 0.3898 220 225 230
4.8133 4.3021 0.4395 220 225 230
4.8099 4.3009 0.4955 220 225 230
4.8063 4.2941 0.5538 220 225 230
4.8048 4.3013 0.6070 220 225 230
4.8079 4.3029 0.6631 220 225 230
4.8034 4.2905 0.7205 220 225 230
4.8104 4.2990 0.7798 220 225 230
4.8056 4.2952 0.8245 220 225 230
4.8079 4.3027 0.8766 220 225 230
4.8092 4.3011 0.9364 220 225 230
4.8032 4.3000 0.9868 220 225 230
4.8034 4.3019 1.0495 220 225 230
4.8087 4.2929 1.1023 220 225 230
4.8073 4.3028 1.1493 220 225 230
4.8109 4.3013 1.2149 220 225 230
4.8027 4.2994 1.2643 220 225 230
4.8090 4.2979 1.3200 220 225 230
4.8036 4.3032 1.3809 220 225 230
4.8081 4.2994 1.4373 220 225 230
4.8038 4.3058 1.4900 220 225 230
4.8060 4.2996 1.5453 220 225 230
4.8130 4.2944 1.5981 220 225 230
4.8079 4.3022 1.6509 220 225 230
4.8013 4.3039 1.7067 220 225 230
4.8099 4.3040 1.7607 220 225 230
4.8048 4.3043 1.8115 220 225 230
4.8117 4.3019 1.8673 220 225 230
4.8053 4.2968 1.9282 220 225 230
4.8018 4.2978 1.9868 220 225 230
4.8087 4.2988 2.0394 220 225 230
4.8056 4.3043 2.0937 220 225 230
4.7967 4.2974 2.1512 220 225 230
4.7997 4.2978 2.1987 220 225 230
4.8083 4.2976 2.2623 220 225 230
4.7956 4.3022 2.3077 220 225 230
4.8042 4.2967 2.3682 220 225 230
4.8031 4.2967 2.4217 220 225 230
4.8015 4.2955 2.4808 220 225 230
4.8077 4.2936 2.5302 220 225 230
4.8049 4.3056 2.5911 220 225 230
4.8080 4.3019 2.6430 220 225 230
4.8077 4.3037 2.6968 220 225 230
4.8740 4.2964 0.0036 220 225 230
4.8742 4.3009 0.0510 220 225 230
4.8694 4.3019 0.1140 220 225 230
4.8751 4.3050 0.1662 220 225 230
4.8686 4.2965 0.2168 220 225 230
4.8759 4.3009 0.2704 220 225 230
4.8776 4.3029 0.3346 220 225 230
4.8652 4.3112 0.3916 220 225 230
4.8698 4.2963 0.4383 220 225 230
4.8673 4.2927 0.4981 220 225 230
4.8725 4.2991 0.5544 220 225 230
4.8727 4.2949 0.6096 220 225 230
4.8717 4.3008 0.6636 220 225 230
4.8695 4.3054 0.7133 220 225 230
4.8744 4.2963 0.7777 220 225 230
4.8666 4.2981 0.8324 220 225 230
4.8789 4.3071 0.8820 220 225 230
4.8766 4.2960 0.9388 220 225 230
4.8720 4.3033 0.9905 220 225 230
4.8712 4.2936 1.0430 220 225 230
4.8703 4.3018 1.1006 220 225 230
4.8657 4.3000 1.1634 220 225 230
4.8670 4.2909 1.2076 220 225 230
4.8664 4.3036 1.2620 220 225 230
4.8659 4.2977 1.3242 220 225 230
4.8671 4.3002 1.3704 220 225 230
4.8673 4.3006 1.4255 220 225 230
4.8712 4.2989 1.4871 220 225 230
4.8768 4.3006 1.5452 220 225 230
4.8679 4.3016 1.6001 220 225 230
4.8700 4.2949 1.6538 220 225 230
4.8625 4.3053 1.7094 220 225 230
4.8741 4.3043 1.7671 220 225 230
4.8661 4.3010 1.8177 220 225 230
4.8720 4.3004 1.8771 220 225 230
4.8660 4.2993 1.9260 220 225 230
4.8767 4.3037 1.9865 220 225 230
4.8683 4.2984 2.0426 220 225 230
4.8698 4.3017 2.0920 220 225 230
4.8715 4.3026 2.1475 220 225 230
4.8768 4.2958 2.2040 220 225 230
4.8687 4.2998 2.2615 220 225 230
4.8784 4.2957 2.3132 220 225 230
4.8722 4.2969 2.3696 220 225 230
4.8697 4.2965 2.4163 220 225 230
4.8711 4.3038 2.4800 220 225 230
4.8680 4.3022 2.5334 220 225 230
4.8707 4.3022 2.5897 220 225 230
4.8669 4.2953 2.6453 220 225 230
4.8728 4.3007 2.6997 220 225 230
4.9423 4.3023 -0.0017 220 225 230
4.9378 4.3011 0.0558 220 225 230
4.9322 4.2985 0.1138 220 225 230
4.9348 4.2991 0.1693 220 225 230
4.9375 4.3009 0.2189 220 225 230
4.9376 4.2982 0.2751 220 225 230
4.9356 4.3003 0.3280 220 225 230
4.9374 4.3011 0.3810 220 225 230
4.9356 4.2984 0.4442 220 225 230
4.9381 4.3076 0.4924 220 225 230
4.9469 4.3042 0.5553 220 225 230
4.9341 4.2943 0.6064 220 225 230
4.9361 4.3066 0.6605 220 225 230
4.9391 4.2985 0.7239 220 225 230
4.9328 4.3021 0.7708 220 225 230
4.9353 4.2989 0.8270 220 225 230
4.9355 4.2987 0.8827 220 225 230
4.9340 4.3037 0.9429 220 225 230
4.9300 4.3024 0.9943 220 225 230
4.9381 4.3002 1.0488 220 225 230
4.9305 4.3002 1.1066 220 225 230
4.9332 4.3050 1.1608 220 225 230
4.9364 4.2998 1.2115 220 225 230
4.9337 4.2998 1.2657 220 225 230
4.9378 4.2954 1.3274 220 225 230
4.9402 4.3034 1.3787 220 225 230
4.9427 4.3036 1.4291 220 225 230
4.9364 4.3031 1.4885 220 225 230
4.9297 4.3053 1.5359 220 225 230
4.9319 4.2946 1.5857 220 225 230
4.9333 4.3020 1.6568 220 225 230
4.9356 4.2979 1.7101 220 225 230
4.9378 4.3021 1.7631 220 225 230
4.9332 4.3027 1.8157 220 225 230
4.9372 4.2925 1.8757 220 225 230
4.9356 4.3020 1.9298 220 225 230
4.9381 4.2929 1.9808 220 225 230
4.9457 4.3047 2.0374 220 225 230
4.9411 4.2984 2.0946 220 225 230
4.9441 4.3039 2.1535 220 225 230
4.9308 4.2995 2.2026 220 225 230
4.9384 4.2982 2.2611 220 225 230
4.9385 4.3032 2.3181 220 225 230
4.9380 4.3012 2.3651 220 225 230
4.9411 4.2992 2.4312 220 225 230
4.9309 4.2949 2.4793 220 225 230
4.9480 4.3004 2.5330 220 225 230
4.9395 4.3056 2.5877 220 225 230
4.9423 4.3039 2.6397 220 225 230
4.9379 4.2992 2.7017 220 225 230
5.0012 4.2979 -0.0037 220 225 230
4.9996 4.3017 0.0542 220 225 230
5.0061 4.3040 0.1077 220 225 230
4.9984 4.2904 0.1635 220 225 230
5.0054 4.2979 0.2197 220 225 230
4.9986 4.3010 0.2753 220 225 230
5.0056 4.3011 0.3310 220 225 230
5.0000 4.2989 0.3795 220 225 230
5.0028 4.3037 0.4452 220 225 230
5.0043 4.2971 0.4878 220 225 230
4.9982 4.3001 0.5511 220 225 230
5.0050 4.3023 0.6061 220 225 230
5.0045 4.3053 0.6576 220 225 230
5.0011 4.2956 0.7114 220 225 230
5.0082 4.2976 0.7722 220 225 230
4.9999 4.2964 0.8239 220 225 230
5.0004 4.2979 0.8805 220 225 230
5.0025 4.3051 0.9463 220 225 230
5.0027 4.2902 0.9970 220 225 230
5.0016 4.2969 1.0462 220 225 230
5.0017 4.2994 1.0999 220 225 230
5.0023 4.3008 1.1621 220 225 230
4.9998 4.2991 1.2181 220 225 230
5.0040 4.2933 1.2688 220 225 230
4.9961 4.3008 1.3289 220 225 230
5.0019 4.2973 1.3753 220 225 230
5.0029 4.3004 1.4307 220 225 230
5.0029 4.2996 1.4767 220 225 230
5.0008 4.2985 1.5455 220 225 230
5.0005 4.3017 1.6016 220 225 230
4.9967 4.3016 1.6453 220 225 230
4.9964 4.3056 1.7081 220 225 230
4.9939 4.3002 1.7626 220 225 230
5.0105 4.3016 1.8085 220 225 230
5.0136 4.2980 1.8771 220 225 230
5.0003 4.2936 1.9314 220 225 230
5.0023 4.3068 1.9890 220 225 230
5.0057 4.2957 2.0410 220 225 230
5.0073 4.3064 2.0907 220 225 230
5.0096 4.3030 2.1513 220 225 230
5.0022 4.3088 2.2027 220 225 230
4.9975 4.2950 2.2651 220 225 230
5.0002 4.3018 2.3105 220 225 230
5.0016 4.2998 2.3742 220 225 230
5.0075 4.2972 2.4272 220 225 230
5.0024 4.3061 2.4867 220 225 230
4.9991 4.3003 2.5320 220 225 230
5.0072 4.3017 2.5833 220 225 230
5.0054 4.3015 2.6477 220 225 230
5.0142 4.3034 2.7005 220 225 230
5.0615 4.3054 -0.0009 220 225 230
5.0627 4.3026 0.0548 220 225 230
5.0728 4.3019 0.1066 220 225 230
5.0645 4.3003 0.1618 220 225 230
5.0705 4.3010 0.2165 220 225 230
5.0690 4.3038 0.2690 220 225 230
5.0689 4.2951 0.3332 220 225 230
5.0739 4.3051 0.3829 220 225 230
5.0569 4.3011 0.4504 220 225 230
5.0734 4.2958 0.4965 220 225 230
5.0637 4.3037 0.5571 220 225 230
5.0706 4.3029 0.5991 220 225 230
5.0636 4.3016 0.6538 220 225 230
5.0736 4.3070 0.7178 220 225 230
5.0707 4.2972 0.7713 220 225 230
5.0739 4.3070 0.8207 220 225 230
5.0687 4.2989 0.8809 220 225 230
5.0646 4.2907 0.9375 220 225 230
5.0655 4.3027 0.9922 220 225 230
5.0691 4.3002 1.0478 220 225 230
5.0716 4.3003 1.1043 220 225 230
5.0676 4.2975 1.1659 220 225 230
5.0643 4.2926 1.2116 220 225 230
5.0707 4.2992 1.2644 220 225 230
5.0664 4.2988 1.3155 220 225 230
5.0738 4.3002 1.3802 220 225 230
5.0631 4.2979 1.4322 220 225 230
5.0690 4.3013 1.4902 220 225 230
5.0625 4.2994 1.5461 220 225 230
5.0680 4.2964 1.5970 220 225 230
5.0724 4.3062 1.6504 220 225 230
5.0677 4.3009 1.7064 220 225 230
5.0663 4.2994 1.7594 220 225 230
5.0667 4.2995 1.8200 220 225 230
5.0638 4.2931 1.8702 220 225 230
5.0674 4.2997 1.9320 220 225 230
5.0786 4.3052 1.9786 220 225 230
5.0677 4.2970 2.0422 220 225 230
5.0718 4.3057 2.0892 220 225 230
5.0678 4.2993 2.1471 220 225 230
5.0656 4.3035 2.2024 220 225 230
5.0671 4.2975 2.2655 220 225 230
5.0680 4.2953 2.3105 220 225 230
5.0660 4.3038 2.3668 220 225 230
5.0672 4.2971 2.4237 220 225 230
5.0683 4.2999 2.4832 220 225 230
5.0704 4.3056 2.5321 220 225 230
5.0690 4.2999 2.5888 220 225 230
5.0620 4.3035 2.6468 220 225 230
5.0679 4.3051 2.7033 220 225 230
5.1386 4.3058 -0.0035 220 225 230
5.1413 4.3086 0.0586 220 225 230
5.1290 4.2955 0.1164 220 225 230
5.1360 4.3027 0.1662 220 225 230
5.1368 4.3086 0.2202 220 225 230
5.1344 4.2999 0.2859 220 225 230
5.1359 4.2964 0.3276 220 225 230
5.1272 4.3035 0.3890 220 225 230
5.1379 4.3041 0.4409 220 225 230
5.1322 4.3037 0.4940 220 225 230
5.1319 4.3005 0.5443 220 225 230
5.1387 4.2992 0.6005 220 225 230
5.1356 4.3073 0.6661 220 225 230
5.1332 4.2998 0.7143 220 225 230
5.1327 4.2983 0.7747 220 225 230
5.1259 4.2958 0.8222 220 225 230
5.1344 4.3046 0.8796 220 225 230
5.1326 4.2995 0.9398 220 225 230
5.1383 4.2970 0.9941 220 225 230
5.1267 4.3036 1.0407 220 225 230
5.1329 4.2986 1.1003 220 225 230
5.1360 4.2985 1.1536 220 225 230
5.1305 4.3019 1.2076 220 225 230
5.1338 4.2992 1.2640 220 225 230
5.1312 4.3021 1.3161 220 225 230
5.1312 4.2942 1.3777 220 225 230
5.1342 4.2981 1.4283 220 225 230
5.1362 4.2992 1.4850 220 225 230
5.1251 4.3019 1.5381 220 225 230
5.1393 4.2943 1.5996 220 225 230
5.1408 4.2999 1.6517 220 225 230
5.1328 4.2935 1.6992 220 225 230
5.1265 4.3009 1.7537 220 225 230
5.1328 4.3061 1.8228 220 225 230
5.1345 4.3017 1.8715 220 225 230
5.1398 4.3084 1.9335 220 225 230
5.1314 4.3037 1.9824 220 225 230
5.1390 4.2960 2.0348 220 225 230
5.1338 4.2965 2.0912 220 225 230
5.1296 4.3004 2.1551 220 225 230
5.1344 4.3029 2.2059 220 225 230
5.1379 4.3034 2.2612 220 225 230
5.1395 4.2976 2.3127 220 225 230
5.1303 4.2990 2.3613 220 225 230
5.1307 4.3007 2.4236 220 225 230
5.1302 4.2931 2.4762 220 225 230
5.1313 4.2997 2.5243 220 225 230
5.1292 4.3005 2.5809 220 225 230
5.1376 4.3083 2.6451 220 225 230
5.1348 4.2999 2.6964 220 225 230
5.1981 4.3032 0.0039 220 225 230
5.2016 4.3008 0.0543 220 225 230
5.2005 4.3027 0.1017 220 225 230
5.2038 4.3043 0.1609 220 225 230
5.1997 4.3010 0.2184 220 225 230
5.2025 4.3004 0.2694 220 225 230
5.2021 4.3006 0.3269 220 225 230
5.2034 4.2981 0.3781 220 225 230
5.1972 4.3084 0.4405 220 225 230
5.2036 4.2974 0.4948 220 225 230
5.1991 4.3044 0.5490 220 225 230
5.1959 4.3021 0.6032 220 225 230
5.1958 4.2963 0.6579 220 225 230
5.1990 4.2976 0.7190 220 225 230
5.1966 4.3088 0.7781 220 225 230
5.2048 4.2986 0.8280 220 225 230
5.2040 4.2989 0.8826 220 225 230
5.2092 4.2974 0.9292 220 225 230
5.2040 4.2978 0.9950 220 225 230
5.2050 4.3007 1.0486 220 225 230
5.2045 4.3050 1.0952 220 225 230
5.1996 4.2988 1.1561 220 225 230
5.1973 4.2978 1.2058 220 225 230
5.1966 4.3018 1.2653 220 225 230
5.2050 4.3000 1.3158 220 225 230
5.1987 4.3007 1.3776 220 225 230
5.1960 4.2944 1.4325 220 225 230
5.2016 4.2991 1.4895 220 225 230
5.1989 4.3004 1.5413 220 225 230
5.1990 4.2923 1.5914 220 225 230
5.1986 4.2976 1.6548 220 225 230
5.2027 4.2918 1.7028 220 225 230
5.2018 4.3016 1.7654 220 225 230
5.2020 4.3026 1.8264 220 225 230
5.1987 4.2976 1.8744 220 225 230
5.2019 4.2998 1.9240 220 225 230
5.2033 4.2955 1.9824 220 225 230
5.2031 4.2947 2.0403 220 225 230
5.1959 4.2925 2.0959 220 225 230
5.1980 4.2982 2.1535 220 225 230
5.1998 4.3002 2.2032 220 225 230
5.2012 4.2999 2.2502 220 225 230
5.1959 4.2940 2.3172 220 225 230
5.1986 4.2996 2.3689 220 225 230
5.2019 4.3048 2.4258 220 225 230
5.2038 4.2974 2.4826 220 225 230
5.2048 4.2985 2.5415 220 225 230
5.1989 4.3030 2.5822 220 225 230
5.2015 4.3054 2.6410 220 225 230
5.1990 4.2938 2.7038 220 225 230
-0.0068 -0.0021 0.0014 220 225 230
0.0009 -0.0019 0.0610 220 225 230
-0.0027 -0.0028 0.1183 220 225 230
0.0053 -0.0041 0.1692 220 225 230
-0.0071 0.0044 0.2149 220 225 230
0.0025 0.0048 0.2784 220 225 230
0.0030 0.0025 0.3397 220 225 230
-0.0020 -0.0038 0.3865 220 225 230
-0.0040 -0.0019 0.4345 220 225 230
0.0079 -0.0015 0.4934 220 225 230
-0.0066 -0.0030 0.5486 220 225 230
-0.0040 -0.0010 0.6095 220 225 230
0.0050 0.0028 0.6667 220 225 230
0.0018 -0.0016 0.7119 220 225 230
-0.0029 -0.0021 0.7768 220 225 230
-0.0003 0.0031 0.8278 220 225 230
0.0059 -0.0051 0.8871 220 225 230
0.0005 0.0036 0.9361 220 225 230
0.0035 0.0031 0.9899 220 225 230
-0.0099 -0.0018 1.0473 220 225 230
-0.0037 -0.0013 1.1029 220 225 230
-0.0033 -0.0063 1.1576 220 225 230
-0.0001 0.0031 1.2157 220 225 230
-0.0038 -0.0080 1.2706 220 225 230
0.0080 -0.0032 1.3253 220 225 230
-0.0020 -0.0031 1.3676 220 225 230
-0.0011 0.0051 1.4343 220 225 230
0.0016 -0.0016 1.4827 220 225 230
0.0037 -0.0044 1.5349 220 225 230
-0.0012 -0.0044 1.5986 220 225 230
-0.0028 0.0006 1.6506 220 225 230
0.0018 -0.0010 1.6990 220 225 230
0.0070 -0.0079 1.7695 220 225 230
0.0023 -0.0052 1.8238 220 225 230
-0.0031 0.0030 1.8743 220 225 230
-0.0033 -0.0028 1.9262 220 225 230
0.0015 0.0035 1.9919 220 225 230
0.0006 -0.0056 2.0384 220 225 230
-0.0002 0.0004 2.0865 220 225 230
0.0000 -0.0022 2.1495 220 225 230
0.0002 -0.0018 2.2065 220 225 230
0.0045 0.0023 2.2526 220 225 230
0.0007 -0.0027 2.3124 220 225 230
-0.0045 0.0037 2.3685 220 225 230
-0.0004 -0.0026 2.4271 220 225 230
-0.0006 0.0044 2.4733 220 225 230
-0.0062 0.0020 2.5372 220 225 230
0.0017 0.0012 2.5860 220 225 230
-0.0015 0.0052 2.6386 220 225 230
0.0033 -0.0055 2.6902 220 225 230
-0.0040 0.0632 -0.0050 220 225 230
0.0008 0.0642 0.0586 220 225 230
0.0012 0.0593 0.1098 220 225 230
-0.0035 0.0583 0.1691 220 225 230
0.0007 0.0625 0.2235 220 225 230
-0.0035 0.0618 0.2803 220 225 230
0.0027 0.0583 0.3195 220 225 230
0.0033 0.0583 0.3817 220 225 230
0.0057 0.0589 0.4385 220 225 230
0.0000 0.0625 0.4888 220 225 230
0.0040 0.0663 0.5472 220 225 230
-0.0038 0.0648 0.6062 220 225 230
-0.0074 0.0635 0.6601 220 225 230
-0.0075 0.0527 0.7114 220 225 230
-0.0024 0.0676 0.7691 220 225 230
0.0021 0.0565 0.8241 220 225 230
0.0050 0.0691 0.8815 220 225 230
-0.0034 0.0629 0.9346 220 225 230
-0.0003 0.0573 0.9887 220 225 230
0.0096 0.0638 1.0558 220 225 230
-0.0022 0.0615 1.1018 220 225 230
-0.0108 0.0599 1.1583 220 225 230
-0.0027 0.0561 1.2132 220 225 230
0.0005 0.0560 1.2669 220 225 230
0.0050 0.0652 1.3221 220 225 230
-0.0029 0.0562 1.3812 220 225 230
0.0006 0.0609 1.4333 220 225 230
0.0080 0.0561 1.4897 220 225 230
-0.0018 0.0570 1.5399 220 225 230
-0.0016 0.0677 1.5933 220 225 230
0.0066 0.0522 1.6479 220 225 230
0.0064 0.0529 1.7076 220 225 230
-0.0037 0.0640 1.7614 220 225 230
0.0043 0.0625 1.8170 220 225 230
-0.0054 0.0705 1.8775 220 225 230
0.0017 0.0648 1.9239 220 225 230
0.0004 0.0511 1.9811 220 225 230
-0.0040 0.0633 2.0377 220 225 230
0.0025 0.0619 2.0961 220 225 230
-0.0080 0.0697 2.1514 220 225 230
0.0042 0.0595 2.1996 220 225 230
-0.0035 0.0661 2.2644 220 225 230
0.0052 0.0595 2.3097 220 225 230
0.0011 0.0585 2.3715 220 225 230
-0.0014 0.0627 2.4233 220 225 230
-0.0045 0.0620 2.4804 220 225 230
0.0044 0.0630 2.5293 220 225 230
0.0079 0.0591 2.5935 220 225 230
-0.0046 0.0595 2.6378 220 225 230
-0.0061 0.0656 2.6995 220 225 230
0.0006 0.1298 0.0002 220 225 230
-0.0029 0.1237 0.0615 220 225 230
0.0017 0.1256 0.1164 220 225 230
0.0054 0.1281 0.1634 220 225 230
0.0081 0.1222 0.2196 220 225 230
-0.0021 0.1211 0.2728 220 225 230
0.0023 0.1272 0.3286 220 225 230
0.0023 0.1203 0.3822 220 225 230
0.0050 0.1261 0.4428 220 225 230
0.0033 0.1105 0.4942 220 225 230
-0.0018 0.1265 0.5475 220 225 230
0.0004 0.1218 0.5988 220 225 230
0.0010 0.1220 0.6641 220 225 230
0.0002 0.1243 0.7186 220 225 230
0.0032 0.1171 0.7754 220 225 230
-0.0014 0.1279 0.8257 220 225 230
-0.0005 0.1202 0.8825 220 225 230
-0.0018 0.1287 0.9295 220 225 230
-0.0031 0.1247 0.9933 220 225 230
-0.0014 0.1264 1.0471 220 225 230
0.0056 0.1241 1.1074 220 225 230
0.0011 0.1223 1.1569 220 225 230
0.0036 0.1156 1.2160 220 225 230
-0.0051 0.1137 1.2655 220 225 230
0.0024 0.1261 1.3156 220 225 230
-0.0020 0.1248 1.3746 220 225 230
0.0086 0.1249 1.4336 220 225 230
-0.0031 0.1283 1.4878 220 225 230
-0.0004 0.1344 1.5472 220 225 230
0.0021 0.1243 1.6107 220 225 230
0.0078 0.1260 1.6584 220 225 230
-0.0020 0.1236 1.7066 220 225 230
-0.0005 0.1199 1.7666 220 225 230
-0.0008 0.1277 1.8216 220 225 230
-0.0042 0.1278 1.8689 220 225 230
-0.0003 0.1272 1.9277 220 225 230
0.0041 0.1277 1.9792 220 225 230
0.0008 0.1284 2.0315 220 225 230
-0.0015 0.1259 2.0903 220 225 230
-0.0066 0.1264 2.1452 220 225 230
0.0027 0.1221 2.2032 220 225 230
-0.0016 0.1286 2.2600 220 225 230
0.0022 0.1310 2.3106 220 225 230
0.0010 0.1237 2.3675 220 225 230
-0.0041 0.1232 2.4226 220 225 230
-0.0016 0.1256 2.4810 220 225 230
0.0083 0.1264 2.5354 220 225 230
0.0058 0.1251 2.5987 220 225 230
-0.0034 0.1265 2.6416 220 225 230
0.0012 0.1277 2.7077 220 225 230
-0.0029 0.1885 0.0013 220 225 230
-0.0029 0.1839 0.0573 220 225 230
0.0001 0.1894 0.1079 220 225 230
0.0069 0.1867 0.1618 220 225 230
0.0043 0.1846 0.2164 220 225 230
-0.0014 0.1869 0.2789 220 225 230
-0.0012 0.1886 0.3292 220 225 230
-0.0007 0.1980 0.3938 220 225 230
0.0024 0.1967 0.4431 220 225 230
-0.0020 0.1861 0.4937 220 225 230
-0.0021 0.1829 0.5415 220 225 230
-0.0099 0.1902 0.6101 220 225 230
-0.0045 0.1838 0.6600 220 225 230
-0.0025 0.1940 0.7245 220 225 230
0.0032 0.1940 0.7703 220 225 230
0.0032 0.1893 0.8198 220 225 230
0.0033 0.1851 0.8881 220 225 230
0.0034 0.1761 0.9408 220 225 230
0.0037 0.1894 0.9943 220 225 230
0.0016 0.1838 1.0455 220 225 230
-0.0055 0.1881 1.1010 220 225 230
0.0008 0.1914 1.1549 220 225 230
0.0008 0.1965 1.2146 220 225 230
-0.0004 0.1908 1.2658 220 225 230
-0.0058 0.1864 1.3183 220 225 230
0.0009 0.1892 1.3792 220 225 230
0.0054 0.1861 1.4359 220 225 230
-0.0045 0.1912 1.4835 220 225 230
0.0024 0.1964 1.5338 220 225 230
0.0004 0.1839 1.6002 220 225 230
0.0048 0.1927 1.6555 220 225 230
0.0048 0.1838 1.7111 220 225 230
0.0098 0.1901 1.7671 220 225 230
0.0034 0.1818 1.8244 220 225 230
-0.0025 0.1835 1.8706 220 225 230
-0.0055 0.1855 1.9312 220 225 230
-0.0039 0.1865 1.9785 220 225 230
-0.0004 0.1937 2.0362 220 225 230
-0.0006 0.1928 2.0885 220 225 230
0.0029 0.1861 2.1524 220 225 230
0.0050 0.1854 2.2018 220 225 230
0.0049 0.1907 2.2598 220 225 230
0.0036 0.1829 2.3132 220 225 230
0.0035 0.1938 2.3754 220 225 230
-0.0014 0.1940 2.4263 220 225 230
0.0050 0.1881 2.4796 220 225 230
-0.0039 0.1913 2.5333 220 225 230
-0.0022 0.1977 2.5897 220 225 230
0.0015 0.1853 2.6470 220 225 230
-0.0017 0.1838 2.6927 220 225 230
0.0018 0.2537 0.0013 220 225 230
-0.0010 0.2503 0.0497 220 225 230
0.0051 0.2520 0.1159 220 225 230
0.0031 0.2435 0.1619 220 225 230
0.0006 0.2562 0.2218 220 225 230
0.0035 0.2513 0.2752 220 225 230
0.0031 0.2489 0.3356 220 225 230
0.0028 0.2499 0.3771 220 225 230
-0.0023 0.2529 0.4451 220 225 230
0.0026 0.2487 0.5004 220 225 230
0.0034 0.2458 0.5503 220 225 230
0.0005 0.2485 0.6023 220 225 230
0.0013 0.2446 0.6632 220 225 230
-0.0010 0.2452 0.7117 220 225 230
-0.0044 0.2459 0.7682 220 225 230
-0.0047 0.2530 0.8295 220 225 230
-0.0021 0.2525 0.8833 220 225 230
0.0028 0.2526 0.9371 220 225 230
0.0043 0.2465 0.9973 220 225 230
0.0019 0.2456 1.0494 220 225 230
-0.0007 0.2504 1.1061 220 225 230
-0.0018 0.2494 1.1525 220 225 230
0.0022 0.2476 1.2119 220 225 230
-0.0011 0.2504 1.2665 220 225 230
-0.0045 0.2424 1.3205 220 225 230
-0.0005 0.2502 1.3831 220 225 230
-0.0042 0.2569 1.4353 220 225 230
0.0025 0.2523 1.4858 220 225 230
0.0040 0.2538 1.5436 220 225 230
0.0000 0.2530 1.6007 220 225 230
-0.0138 0.2442 1.6569 220 225 230
0.0014 0.2499 1.7075 220 225 230
0.0034 0.2495 1.7669 220 225 230
-0.0080 0.2452 1.8238 220 225 230
0.0020 0.2571 1.8768 220 225 230
-0.0008 0.2520 1.9346 220 225 230
-0.0072 0.2479 1.9919 220 225 230
-0.0032 0.2459 2.0353 220 225 230
0.0023 0.2510 2.0896 220 225 230
0.0023 0.2523 2.1496 220 225 230
0.0002 0.2532 2.1973 220 225 230
0.0002 0.2491 2.2593 220 225 230
-0.0014 0.2493 2.3149 220 225 230
-0.0052 0.2465 2.3676 220 225 230
-0.0043 0.2500 2.4275 220 225 230
0.0018 0.2511 2.4744 220 225 230
0.0034 0.2546 2.5356 220 225 230
0.0054 0.2496 2.5964 220 225 230
-0.0068 0.2510 2.6516 220 225 230
0.0029 0.2484 2.6961 220 225 230
0.0005 0.3131 -0.0043 220 225 230
-0.0033 0.3181 0.0542 220 225 230
0.0090 0.3066 0.1056 220 225 230
-0.0008 0.3124 0.1581 220 225 230
-0.0054 0.3158 0.2177 220 225 230
-0.0023 0.3054 0.2806 220 225 230
-0.0019 0.3050 0.3397 220 225 230
0.0048 0.3116 0.3881 220 225 230
-0.0038 0.3136 0.4395 220 225 230
0.0001 0.3068 0.4969 220 225 230
-0.0053 0.3055 0.5574 220 225 230
0.0021 0.3162 0.6058 220 225 230
0.0023 0.3162 0.6592 220 225 230
0.0047 0.3115 0.7155 220 225 230
0.0009 0.3171 0.7628 220 225 230
-0.0066 0.3103 0.8296 220 225 230
-0.0081 0.3074 0.8778 220 225 230
-0.0019 0.3101 0.9353 220 225 230
-0.0083 0.3096 0.9862 220 225 230
-0.0012 0.3194 1.0523 220 225 230
0.0027 0.3118 1.1057 220 225 230
-0.0005 0.3136 1.1597 220 225 230
0.0052 0.3113 1.2209 220 225 230
0.0032 0.3053 1.2693 220 225 230
0.0035 0.3058 1.3173 220 225 230
0.0004 0.3185 1.3768 220 225 230
-0.0035 0.3161 1.4306 220 225 230
0.0038 0.3156 1.4842 220 225 230
-0.0023 0.3076 1.5412 220 225 230
0.0002 0.3083 1.5946 220 225 230
0.0003 0.3150 1.6535 220 225 230
0.0096 0.3097 1.7103 220 225 230
0.0011 0.3161 1.7654 220 225 230
0.0022 0.3118 1.8192 220 225 230
0.0087 0.3119 1.8739 220 225 230
-0.0012 0.3140 1.9264 220 225 230
-0.0046 0.3167 1.9811 220 225 230
0.0075 0.3084 2.0403 220 225 230
0.0033 0.3086 2.0956 220 225 230
-0.0044 0.3137 2.1443 220 225 230
0.0042 0.3100 2.2001 220 225 230
0.0039 0.3119 2.2657 220 225 230
-0.0055 0.3200 2.3217 220 225 230
0.0067 0.3111 2.3704 220 225 230
-0.0014 0.3129 2.4240 220 225 230
0.0042 0.3136 2.4824 220 225 230
-0.0017 0.3115 2.5418 220 225 230
-0.0006 0.3153 2.5822 220 225 230
-0.0013 0.3099 2.6460 220 225 230
-0.0009 0.3157 2.7041 220 225 230
0.0004 0.3697 0.0005 220 225 230
-0.0020 0.3699 0.0564 220 225 230
0.0001 0.3742 0.1108 220 225 230
0.0049 0.3712 0.1675 220 225 230
0.0000 0.3751 0.2244 220 225 230
0.0020 0.3714 0.2790 220 225 230
0.0025 0.3693 0.3243 220 225 230
0.0009 0.3667 0.3767 220 225 230
0.0002 0.3646 0.4415 220 225 230
-0.0011 0.3726 0.4932 220 225 230
0.0064 0.3734 0.5435 220 225 230
0.0058 0.3757 0.6032 220 225 230
0.0035 0.3711 0.6676 220 225 230
-0.0043 0.3805 0.7173 220 225 230
-0.0084 0.3722 0.7707 220 225 230
0.0021 0.3696 0.8198 220 225 230
-0.0013 0.3769 0.8844 220 225 230
-0.0006 0.3781 0.9359 220 225 230
0.0013 0.3786 0.9935 220 225 230
-0.0043 0.3727 1.0499 220 225 230
-0.0031 0.3738 1.1007 220 225 230
-0.0003 0.3692 1.1542 220 225 230
0.0048 0.3698 1.2172 220 225 230
-0.0056 0.3702 1.2677 220 225 230
-0.0032 0.3764 1.3214 220 225 230
0.0000 0.3723 1.3887 220 225 230
0.0016 0.3742 1.4341 220 225 230
-0.0058 0.3721 1.4892 220 225 230
0.0001 0.3725 1.5471 220 225 230
-0.0015 0.3671 1.5894 220 225 230
0.0034 0.3711 1.6577 220 225 230
0.0019 0.3731 1.7087 220 225 230
-0.0049 0.3744 1.7666 220 225 230
0.0039 0.3712 1.8244 220 225 230
0.0029 0.3746 1.8692 220 225 230
0.0009 0.3734 1.9242 220 225 230
0.0063 0.3670 1.9825 220 225 230
0.0031 0.3774 2.0361 220 225 230
-0.0053 0.3786 2.0948 220 225 230
-0.0000 0.3733 2.1490 220 225 230
0.0044 0.3789 2.2054 220 225 230
-0.0044 0.3737 2.2516 220 225 230
-0.0023 0.3724 2.3169 220 225 230
-0.0039 0.3792 2.3684 220 225 230
0.0101 0.3722 2.4270 220 225 230
-0.0030 0.3731 2.4861 220 225 230
-0.0020 0.3650 2.5359 220 225 230
0.0042 0.3741 2.5822 220 225 230
-0.0062 0.3735 2.6459 220 225 230
0.0008 0.3761 2.6964 220 225 230
-0.0036 0.4386 -0.0053 220 225 230
0.0066 0.4359 0.0619 220 225 230
-0.0042 0.4415 0.1065 220 225 230
0.0035 0.4343 0.1607 220 225 230
-0.0050 0.4329 0.2263 220 225 230
-0.0013 0.4420 0.2797 220 225 230
-0.0037 0.4351 0.3290 220 225 230
-0.0049 0.4365 0.3867 220 225 230
0.0043 0.4307 0.4378 220 225 230
-0.0022 0.4356 0.4946 220 225 230
0.0001 0.4365 0.5504 220 225 230
0.0039 0.4345 0.6053 220 225 230
-0.0006 0.4328 0.6610 220 225 230
-0.0033 0.4296 0.7212 220 225 230
0.0040 0.4309 0.7745 220 225 230
0.0068 0.4378 0.8303 220 225 230
-0.0022 0.4331 0.8810 220 225 230
0.0000 0.4326 0.9332 220 225 230
-0.0019 0.4363 0.9931 220 225 230
-0.0015 0.4372 1.0564 220 225 230
-0.0017 0.4346 1.0966 220 225 230
-0.0048 0.4306 1.1559 220 225 230
0.0013 0.4339 1.2080 220 225 230
-0.0014 0.4407 1.2703 220 225 230
0.0063 0.4412 1.3234 220 225 230
0.0003 0.4357 1.3769 220 225 230
-0.0008 0.4399 1.4277 220 225 230
-0.0024 0.4374 1.4825 220 225 230
-0.0018 0.4370 1.5380 220 225 230
0.0006 0.4332 1.5959 220 225 230
-0.0028 0.4386 1.6523 220 225 230
0.0011 0.4371 1.7069 220 225 230
-0.0062 0.4362 1.7653 220 225 230
0.0014 0.4372 1.8154 220 225 230
0.0018 0.4406 1.8719 220 225 230
-0.0011 0.4316 1.9266 220 225 230
-0.0049 0.4304 1.9832 220 225 230
0.0004 0.4374 2.0334 220 225 230
-0.0076 0.4400 2.0903 220 225 230
-0.0022 0.4311 2.1491 220 225 230
-0.0066 0.4338 2.2060 220 225 230
-0.0006 0.4350 2.2642 220 225 230
0.0012 0.4363 2.3176 220 225 230
-0.0019 0.4357 2.3633 220 225 230
-0.0038 0.4376 2.4209 220 225 230
-0.0029 0.4368 2.4806 220 225 230
0.0043 0.4354 2.5384 220 225 230
-0.0061 0.4332 2.5843 220 225 230
-0.0031 0.4362 2.6507 220 225 230
0.0018 0.4387 2.6987 220 225 230
0.0022 0.5004 0.0094 220 225 230
-0.0057 0.5022 0.0582 220 225 230
-0.0022 0.5022 0.1087 220 225 230
0.0016 0.4989 0.1664 220 225 230
0.0012 0.5019 0.2164 220 225 230
0.0022 0.4969 0.2750 220 225 230
0.0001 0.5047 0.3253 220 225 230
0.0002 0.4987 0.3853 220 225 230
0.0006 0.4968 0.4431 220 225 230
-0.0028 0.4934 0.4946 220 225 230
-0.0015 0.5040 0.5526 220 225 230
-0.0029 0.5030 0.6027 220 225 230
0.0055 0.4926 0.6667 220 225 230
-0.0037 0.5010 0.7109 220 225 230
-0.0074 0.4975 0.7691 220 225 230
-0.0054 0.4982 0.8223 220 225 230
0.0031 0.5024 0.8849 220 225 230
0.0072 0.4909 0.9348 220 225 230
-0.0022 0.4929 0.9902 220 225 230
-0.0042 0.4985 1.0433 220 225 230
0.0015 0.4991 1.0967 220 225 230
0.0024 0.5005 1.1569 220 225 230
-0.0014 0.4968 1.2084 220 225 230
-0.0035 0.4922 1.2666 220 225 230
-0.0077 0.4979 1.3225 220 225 230
0.0014 0.4965 1.3763 220 225 230
-0.0017 0.4972 1.4304 220 225 230
-0.0050 0.5005 1.4829 220 225 230
-0.0053 0.5021 1.5421 220 225 230
0.0026 0.5031 1.5972 220 225 230
-0.0013 0.4985 1.6477 220 225 230
-0.0023 0.4988 1.7070 220 225 230
-0.0039 0.5035 1.7609 220 225 230
0.0004 0.4922 1.8094 220 225 230
-0.0000 0.4961 1.8738 220 225 230
0.0039 0.4899 1.9247 220 225 230
-0.0006 0.4993 1.9859 220 225 230
0.0007 0.5040 2.0355 220 225 230
-0.0055 0.4961 2.0909 220 225 230
-0.0059 0.5031 2.1528 220 225 230
0.0136 0.4936 2.2000 220 225 230
-0.0074 0.4988 2.2631 220 225 230
-0.0001 0.5046 2.3115 220 225 230
-0.0031 0.4939 2.3696 220 225 230
0.0005 0.4876 2.4167 220 225 230
-0.0020 0.4991 2.4680 220 225 230
0.0018 0.5015 2.5394 220 225 230
0.0049 0.4975 2.5866 220 225 230
-0.0003 0.4932 2.6394 220 225 230
-0.0040 0.4944 2.6979 220 225 230
-0.0049 0.5631 -0.0024 220 225 230
0.0004 0.5556 0.0497 220 225 230
-0.0006 0.5567 0.1050 220 225 230
0.0047 0.5642 0.1609 220 225 230
0.0004 0.5608 0.2253 220 225 230
-0.0015 0.5611 0.2809 220 225 230
0.0054 0.5576 0.3284 220 225 230
-0.0035 0.5637 0.3845 220 225 230
-0.0030 0.5510 0.4369 220 225 230
-0.0004 0.5629 0.4884 220 225 230
-0.0009 0.5649 0.5531 220 225 230
0.0006 0.5636 0.6012 220 225 230
0.0039 0.5576 0.6645 220 225 230
-0.0047 0.5633 0.7263 220 225 230
0.0010 0.5587 0.7737 220 225 230
0.0032 0.5624 0.8271 220 225 230
-0.0001 0.5605 0.8726 220 225 230
-0.0006 0.5655 0.9367 220 225 230
-0.0050 0.5635 0.9902 220 225 230
-0.0046 0.5581 1.0520 220 225 230
0.0052 0.5581 1.0982 220 225 230
-0.0005 0.5613 1.1521 220 225 230
-0.0007 0.5621 1.2103 220 225 230
0.0030 0.5639 1.2639 220 225 230
-0.0059 0.5534 1.3214 220 225 230
-0.0027 0.5651 1.3767 220 225 230
0.0000 0.5513 1.4297 220 225 230
0.0007 0.5620 1.4833 220 225 230
-0.0004 0.5617 1.5379 220 225 230
-0.0007 0.5626 1.6002 220 225 230
0.0019 0.5631 1.6432 220 225 230
-0.0080 0.5661 1.7145 220 225 230
0.0019 0.5606 1.7675 220 225 230
0.0015 0.5577 1.8169 220 225 230
0.0018 0.5659 1.8722 220 225 230
-0.0016 0.5595 1.9307 220 225 230
-0.0052 0.5615 1.9931 220 225 230
0.0018 0.5571 2.0375 220 225 230
0.0014 0.5592 2.0932 220 225 230
0.0009 0.5645 2.1502 220 225 230
0.0069 0.5564 2.2032 220 225 230
-0.0037 0.5583 2.2540 220 225 230
-0.0006 0.5640 2.3067 220 225 230
0.0046 0.5620 2.3671 220 225 230
-0.0025 0.5647 2.4193 220 225 230
0.0023 0.5640 2.4837 220 225 230
-0.0001 0.5627 2.5340 220 225 230
0.0019 0.5590 2.5935 220 225 230
0.0023 0.5602 2.6486 220 225 230
0.0010 0.5604 2.6999 220 225 230
0.0011 0.6196 -0.0024 220 225 230
-0.0017 0.6270 0.0511 220 225 230
-0.0017 0.6217 0.1108 220 225 230
0.0055 0.6161 0.1675 220 225 230
-0.0067 0.6220 0.2262 220 225 230
0.0004 0.6198 0.2751 220 225 230
0.0063 0.6206 0.3327 220 225 230
0.0018 0.6229 0.3844 220 225 230
-0.0017 0.6210 0.4423 220 225 230
0.0012 0.6234 0.4965 220 225 230
0.0029 0.6286 0.5526 220 225 230
0.0000 0.6272 0.6019 220 225 230
-0.0022 0.6200 0.6534 220 225 230
0.0005 0.6270 0.7101 220 225 230
0.0036 0.6160 0.7730 220 225 230
0.0008 0.6252 0.8298 220 225 230
0.0013 0.6234 0.8882 220 225 230
0.0062 0.6235 0.9390 220 225 230
-0.0004 0.6226 0.9915 220 225 230
0.0109 0.6274 1.0520 220 225 230
-0.0081 0.6221 1.1010 220 225 230
0.0037 0.6215 1.1596 220 225 230
0.0024 0.6241 1.2114 220 225 230
0.0107 0.6285 1.2714 220 225 230
0.0105 0.6221 1.3261 220 225 230
0.0005 0.6234 1.3787 220 225 230
0.0052 0.6314 1.4346 220 225 230
0.0071 0.6326 1.4910 220 225 230
0.0043 0.6214 1.5455 220 225 230
-0.0035 0.6143 1.5965 220 225 230
-0.0023 0.6239 1.6573 220 225 230
0.0064 0.6262 1.7118 220 225 230
-0.0023 0.6218 1.7668 220 225 230
0.0031 0.6339 1.8161 220 225 230
-0.0003 0.6253 1.8715 220 225 230
-0.0053 0.6206 1.9255 220 225 230
-0.0001 0.6239 1.9875 220 225 230
0.0032 0.6239 2.0412 220 225 230
0.0024 0.6207 2.0901 220 225 230
-0.0005 0.6216 2.1487 220 225 230
0.0019 0.6222 2.2018 220 225 230
-0.0036 0.6268 2.2608 220 225 230
0.0004 0.6165 2.3135 220 225 230
-0.0016 0.6195 2.3641 220 225 230
0.0090 0.6314 2.4229 220 225 230
0.0038 0.6324 2.4809 220 225 230
0.0018 0.6255 2.5312 220 225 230
-0.0055 0.6271 2.5901 220 225 230
-0.0053 0.6217 2.6493 220 225 230
0.0067 0.6258 2.7051 220 225 230
0.0021 0.6909 -0.0049 220 225 230
-0.0067 0.6881 0.0521 220 225 230
-0.0045 0.6821 0.1102 220 225 230
-0.0028 0.6912 0.1675 220 225 230
-0.0018 0.6804 0.2183 220 225 230
-0.0015 0.6915 0.2843 220 225 230
-0.0089 0.6933 0.3250 220 225 230
-0.0060 0.6869 0.3877 220 225 230
0.0050 0.6923 0.4415 220 225 230
-0.0041 0.6860 0.4905 220 225 230
0.0041 0.6779 0.5546 220 225 230
-0.0049 0.6859 0.6095 220 225 230
-0.0054 0.6898 0.6585 220 225 230
0.0023 0.6877 0.7126 220 225 230
-0.0014 0.6800 0.7739 220 225 230
-0.0043 0.6856 0.8206 220 225 230
0.0011 0.6868 0.8828 220 225 230
-0.0034 0.6876 0.9339 220 225 230
-0.0058 0.6929 0.9983 220 225 230
-0.0063 0.6844 1.0431 220 225 230
0.0012 0.6816 1.1036 220 225 230
0.0026 0.6785 1.1578 220 225 230
-0.0020 0.6884 1.2134 220 225 230
-0.0014 0.6845 1.2660 220 225 230
-0.0002 0.6889 1.3239 220 225 230
-0.0085 0.6890 1.3760 220 225 230
-0.0066 0.6867 1.4475 220 225 230
0.0016 0.6866 1.4906 220 225 230
0.0050 0.6860 1.5403 220 225 230
0.0001 0.6864 1.5984 220 225 230
-0.0096 0.6867 1.6546 220 225 230
-0.0015 0.6797 1.7053 220 225 230
-0.0049 0.6828 1.7611 220 225 230
-0.0042 0.6818 1.8193 220 225 230
-0.0055 0.6888 1.8752 220 225 230
-0.0009 0.6897 1.9288 220 225 230
-0.0014 0.6796 1.9905 220 225 230
-0.0062 0.6877 2.0399 220 225 230
-0.0012 0.6797 2.0899 220 225 230
0.0017 0.6835 2.1572 220 225 230
-0.0036 0.6879 2.1965 220 225 230
-0.0049 0.6841 2.2558 220 225 230
0.0070 0.6877 2.3146 220 225 230
0.0074 0.6853 2.3641 220 225 230
-0.0055 0.6846 2.4334 220 225 230
0.0041 0.6837 2.4838 220 225 230
0.0006 0.6819 2.5292 220 225 230
-0.0002 0.6895 2.5921 220 225 230
-0.0030 0.6788 2.6468 220 225 230
0.0036 0.6787 2.7080 220 225 230
0.0037 0.7566 -0.0075 220 225 230
-0.0034 0.7487 0.0644 220 225 230
0.0061 0.7490 0.1126 220 225 230
0.0025 0.7416 0.1672 220 225 230
-0.0030 0.7463 0.2226 220 225 230
-0.0045 0.7493 0.2778 220 225 230
0.0061 0.7452 0.3270 220 225 230
-0.0046 0.7441 0.3818 220 225 230
0.0028 0.7504 0.4437 220 225 230
-0.0038 0.7481 0.4985 220 225 230
0.0036 0.7454 0.5542 220 225 230
-0.0050 0.7403 0.6052 220 225 230
-0.0020 0.7531 0.6663 220 225 230
0.0041 0.7462 0.7159 220 225 230
0.0013 0.7439 0.7739 220 225 230
-0.0054 0.7462 0.8270 220 225 230
0.0064 0.7525 0.8719 220 225 230
-0.0061 0.7465 0.9394 220 225 230
0.0013 0.7442 0.9990 220 225 230
-0.0040 0.7486 1.0462 220 225 230
0.0027 0.7451 1.1008 220 225 230
0.0074 0.7502 1.1555 220 225 230
0.0038 0.7485 1.2159 220 225 230
0.0030 0.7423 1.2760 220 225 230
0.0001 0.7496 1.3230 220 225 230
0.0003 0.7495 1.3805 220 225 230
0.0012 0.7478 1.4304 220 225 230
-0.0081 0.7467 1.4893 220 225 230
0.0034 0.7455 1.5483 220 225 230
-0.0063 0.7464 1.5981 220 225 230
-0.0044 0.7520 1.6508 220 225 230
0.0018 0.7502 1.7024 220 225 230
0.0068 0.7514 1.7611 220 225 230
0.0019 0.7406 1.8251 220 225 230
0.0007 0.7452 1.8711 220 225 230
0.0029 0.7452 1.9279 220 225 230
0.0006 0.7436 1.9844 220 225 230
-0.0037 0.7476 2.0418 220 225 230
0.0029 0.7484 2.0954 220 225 230
-0.0040 0.7447 2.1511 220 225 230
-0.0004 0.7523 2.2067 220 225 230
-0.0018 0.7496 2.2646 220 225 230
-0.0024 0.7456 2.3172 220 225 230
0.0031 0.7476 2.3683 220 225 230
-0.0007 0.7444 2.4232 220 225 230
-0.0086 0.7501 2.4838 220 225 230
-0.0017 0.7524 2.5335 220 225 230
-0.0111 0.7517 2.5908 220 225 230
0.0021 0.7495 2.6488 220 225 230
-0.0031 0.7502 2.6970 220 225 230
-0.0040 0.8097 -0.0055 220 225 230
0.0139 0.8156 0.0551 220 225 230
-0.0101 0.8107 0.1113 220 225 230
-0.0062 0.8099 0.1724 220 225 230
-0.0044 0.8080 0.2229 220 225 230
-0.0032 0.8080 0.2821 220 225 230
-0.0068 0.8112 0.3273 220 225 230
-0.0008 0.8095 0.3862 220 225 230
-0.0004 0.8163 0.4433 220 225 230
0.0031 0.8154 0.4957 220 225 230
0.0043 0.8086 0.5504 220 225 230
-0.0042 0.8093 0.6059 220 225 230
-0.0030 0.8111 0.6655 220 225 230
-0.0037 0.8123 0.7164 220 225 230
-0.0009 0.8080 0.7676 220 225 230
-0.0042 0.8083 0.8312 220 225 230
-0.0075 0.8088 0.8807 220 225 230
-0.0008 0.8143 0.9404 220 225 230
-0.0070 0.8100 0.9947 220 225 230
0.0074 0.8162 1.0473 220 225 230
0.0008 0.8141 1.0999 220 225 230
0.0006 0.8107 1.1622 220 225 230
0.0001 0.8117 1.2065 220 225 230
-0.0061 0.8074 1.2646 220 225 230
0.0026 0.8111 1.3217 220 225 230
-0.0002 0.8121 1.3720 220 225 230
-0.0051 0.8124 1.4350 220 225 230
0.0018 0.8124 1.4892 220 225 230
0.0017 0.8143 1.5460 220 225 230
0.0035 0.8074 1.5992 220 225 230
-0.0049 0.8090 1.6544 220 225 230
0.0002 0.8136 1.7148 220 225 230
0.0019 0.8158 1.7550 220 225 230
0.0013 0.8126 1.8180 220 225 230
0.0028 0.8068 1.8760 220 225 230
-0.0009 0.8057 1.9343 220 225 230
0.0025 0.8153 1.9850 220 225 230
0.0002 0.8159 2.0382 220 225 230
0.0015 0.8105 2.0935 220 225 230
-0.0028 0.8105 2.1495 220 225 230
0.0019 0.8091 2.2120 220 225 230
-0.0022 0.8074 2.2568 220 225 230
0.0017 0.8034 2.3214 220 225 230
-0.0034 0.8143 2.3674 220 225 230
0.0008 0.8075 2.4243 220 225 230
0.0021 0.8143 2.4820 220 225 230
-0.0019 0.8208 2.5377 220 225 230
-0.0028 0.8081 2.5890 220 225 230
-0.0031 0.8080 2.6474 220 225 230
-0.0002 0.8110 2.7043 220 225 230
-0.0032 0.8708 -0.0039 220 225 230
0.0054 0.8704 0.0518 220 225 230
0.0024 0.8673 0.1154 220 225 230
0.0052 0.8778 0.1597 220 225 230
-0.0015 0.8729 0.2198 220 225 230
0.0045 0.8845 0.2767 220 225 230
0.0022 0.8710 0.3308 220 225 230
0.0016 0.8716 0.3825 220 225 230
-0.0021 0.8698 0.4420 220 225 230
0.0014 0.8740 0.4961 220 225 230
0.0044 0.8732 0.5552 220 225 230
-0.0025 0.8748 0.6125 220 225 230
0.0069 0.8771 0.6556 220 225 230
0.0062 0.8696 0.7152 220 225 230
0.0015 0.8748 0.7705 220 225 230
0.0018 0.8669 0.8230 220 225 230
-0.0045 0.8702 0.8782 220 225 230
0.0036 0.8733 0.9412 220 225 230
0.0000 0.8684 0.9929 220 225 230
0.0007 0.8715 1.0399 220 225 230
-0.0031 0.8699 1.1056 220 225 230
0.0028 0.8723 1.1640 220 225 230
-0.0019 0.8716 1.2063 220 225 230
-0.0006 0.8666 1.2594 220 225 230
0.0056 0.8707 1.3248 220 225 230
0.0026 0.8728 1.3726 220 225 230
0.0003 0.8677 1.4349 220 225 230
0.0038 0.8720 1.4832 220 225 230
-0.0047 0.8706 1.5456 220 225 230
-0.0016 0.8733 1.5954 220 225 230
-0.0058 0.8762 1.6456 220 225 230
-0.0040 0.8719 1.7163 220 225 230
-0.0009 0.8741 1.7680 220 225 230
-0.0058 0.8709 1.8156 220 225 230
0.0021 0.8745 1.8802 220 225 230
0.0014 0.8715 1.9284 220 225 230
-0.0041 0.8800 1.9877 220 225 230
-0.0024 0.8753 2.0448 220 225 230
0.0006 0.8733 2.0882 220 225 230
0.0076 0.8752 2.1467 220 225 230
0.0059 0.8706 2.2044 220 225 230
-0.0066 0.8746 2.2568 220 225 230
0.0067 0.8809 2.3119 220 225 230
0.0021 0.8793 2.3683 220 225 230
-0.0018 0.8704 2.4283 220 225 230
0.0058 0.8727 2.4857 220 225 230
0.0032 0.8741 2.5371 220 225 230
0.0001 0.8768 2.5916 220 225 230
-0.0014 0.8702 2.6426 220 225 230
-0.0020 0.8787 2.6999 220 225 230
0.0030 0.9378 0.0066 220 225 230
0.0055 0.9325 0.0615 220 225 230
0.0010 0.9396 0.1125 220 225 230
-0.0012 0.9388 0.1675 220 225 230
-0.0008 0.9328 0.2210 220 225 230
-0.0012 0.9369 0.2683 220 225 230
-0.0037 0.9320 0.3276 220 225 230
0.0002 0.9399 0.3858 220 225 230
0.0019 0.9346 0.4389 220 225 230
0.0003 0.9363 0.4982 220 225 230
-0.0025 0.9367 0.5498 220 225 230
-0.0058 0.9309 0.6060 220 225 230
0.0029 0.9315 0.6572 220 225 230
-0.0005 0.9320 0.7202 220 225 230
-0.0015 0.9376 0.7713 220 225 230
0.0026 0.9392 0.8291 220 225 230
0.0102 0.9406 0.8826 220 225 230
0.0003 0.9265 0.9400 220 225 230
-0.0008 0.9363 0.9880 220 225 230
-0.0022 0.9343 1.0409 220 225 230
0.0046 0.9337 1.1029 220 225 230
0.0037 0.9326 1.1546 220 225 230
0.0029 0.9383 1.2140 220 225 230
-0.0029 0.9359 1.2670 220 225 230
0.0014 0.9313 1.3253 220 225 230
-0.0026 0.9382 1.3717 220 225 230
-0.0025 0.9365 1.4363 220 225 230
0.0029 0.9392 1.4875 220 225 230
0.0030 0.9368 1.5474 220 225 230
0.0038 0.9301 1.5945 220 225 230
0.0001 0.9295 1.6492 220 225 230
0.0020 0.9341 1.7076 220 225 230
0.0020 0.9362 1.7647 220 225 230
0.0012 0.9346 1.8129 220 225 230
-0.0008 0.9334 1.8740 220 225 230
-0.0022 0.9273 1.9372 220 225 230
-0.0075 0.9355 1.9922 220 225 230
-0.0021 0.9368 2.0395 220 225 230
0.0005 0.9326 2.0886 220 225 230
0.0009 0.9311 2.1514 220 225 230
0.0049 0.9285 2.2020 220 225 230
0.0015 0.9391 2.2623 220 225 230
0.0037 0.9352 2.3209 220 225 230
0.0037 0.9320 2.3641 220 225 230
0.0031 0.9415 2.4257 220 225 230
-0.0016 0.9382 2.4792 220 225 230
0.0021 0.9409 2.5379 220 225 230
0.0077 0.9238 2.5891 220 225 230
-0.0010 0.9359 2.6468 220 225 230
-0.0026 0.9414 2.6916 220 225 230
0.0067 0.9991 -0.0030 220 225 230
0.0036 0.9967 0.0523 220 225 230
0.0046 0.9929 0.1049 220 225 230
-0.0001 0.9968 0.1586 220 225 230
-0.0020 0.9968 0.2275 220 225 230
-0.0028 0.9980 0.2810 220 225 230
0.0005 0.9965 0.3266 220 225 230
0.0017 1.0007 0.3891 220 225 230
-0.0022 1.0037 0.4411 220 225 230
0.0025 0.9946 0.4933 220 225 230
0.0100 0.9970 0.5530 220 225 230
0.0007 1.0007 0.6060 220 225 230
0.0029 1.0066 0.6653 220 225 230
0.0025 0.9964 0.7188 220 225 230
0.0008 0.9981 0.7716 220 225 230
-0.0021 1.0035 0.8316 220 225 230
0.0009 0.9991 0.8809 220 225 230
0.0015 1.0012 0.9381 220 225 230
-0.0069 0.9953 0.9998 220 225 230
0.0020 1.0046 1.0498 220 225 230
0.0047 0.9920 1.0901 220 225 230
0.0033 0.9952 1.1582 220 225 230
-0.0000 0.9983 1.2081 220 225 230
-0.0033 0.9960 1.2701 220 225 230
0.0059 0.9963 1.3160 220 225 230
-0.0006 0.9979 1.3753 220 225 230
0.0011 0.9997 1.4243 220 225 230
0.0028 0.9923 1.4883 220 225 230
0.0034 0.9918 1.5418 220 225 230
-0.0018 0.9966 1.6043 220 225 230
-0.0017 0.9950 1.6476 220 225 230
0.0027 0.9983 1.7111 220 225 230
0.0034 0.9996 1.7694 220 225 230
-0.0065 1.0051 1.8231 220 225 230
0.0025 0.9967 1.8712 220 225 230
-0.0060 0.9944 1.9324 220 225 230
-0.0048 0.9944 1.9816 220 225 230
-0.0005 0.9945 2.0407 220 225 230
-0.0016 0.9966 2.0924 220 225 230
-0.0009 0.9952 2.1407 220 225 230
0.0037 1.0042 2.2037 220 225 230
0.0065 1.0042 2.2586 220 225 230
0.0043 0.9931 2.3156 220 225 230
0.0011 0.9956 2.3698 220 225 230
0.0025 0.9920 2.4238 220 225 230
-0.0014 0.9919 2.4755 220 225 230
0.0007 0.9916 2.5325 220 225 230
0.0041 0.9973 2.5897 220 225 230
0.0005 0.9920 2.6425 220 225 230
0.0035 1.0035 2.7029 220 225 230
-0.0062 1.0577 -0.0008 220 225 230
0.0037 1.0628 0.0516 220 225 230
-0.0004 1.0639 0.1078 220 225 230
0.0008 1.0570 0.1615 220 225 230
0.0013 1.0591 0.2196 220 225 230
-0.0032 1.0575 0.2764 220 225 230
-0.0062 1.0567 0.3278 220 225 230
-0.0032 1.0649 0.3834 220 225 230
-0.0006 1.0655 0.4498 220 225 230
0.0004 1.0573 0.5003 220 225 230
0.0027 1.0518 0.5458 220 225 230
-0.0002 1.0639 0.6036 220 225 230
-0.0030 1.0617 0.6530 220 225 230
0.0055 1.0572 0.7256 220 225 230
-0.0003 1.0564 0.7652 220 225 230
-0.0007 1.0607 0.8289 220 225 230
0.0035 1.0603 0.8834 220 225 230
0.0062 1.0538 0.9427 220 225 230
-0.0026 1.0511 0.9908 220 225 230
0.0033 1.0560 1.0421 220 225 230
-0.0078 1.0569 1.1048 220 225 230
0.0016 1.0623 1.1465 220 225 230
0.0028 1.0605 1.2091 220 225 230
-0.0021 1.0596 1.2612 220 225 230
-0.0046 1.0568 1.3180 220 225 230
-0.0062 1.0638 1.3798 220 225 230
0.0011 1.0574 1.4265 220 225 230
-0.0007 1.0603 1.4921 220 225 230
0.0022 1.0593 1.5349 220 225 230
0.0026 1.0638 1.6001 220 225 230
0.0009 1.0636 1.6592 220 225 230
0.0067 1.0585 1.7085 220 225 230
0.0022 1.0608 1.7585 220 225 230
-0.0011 1.0651 1.8211 220 225 230
-0.0023 1.0580 1.8687 220 225 230
-0.0074 1.0669 1.9245 220 225 230
-0.0024 1.0575 1.9846 220 225 230
0.0003 1.0567 2.0370 220 225 230
-0.0067 1.0639 2.1010 220 225 230
0.0072 1.0632 2.1461 220 225 230
0.0056 1.0547 2.2008 220 225 230
0.0041 1.0609 2.2617 220 225 230
0.0004 1.0549 2.3128 220 225 230
-0.0061 1.0545 2.3634 220 225 230
-0.0006 1.0498 2.4194 220 225 230
-0.0009 1.0697 2.4857 220 225 230
0.0032 1.0612 2.5376 220 225 230
-0.0045 1.0646 2.5865 220 225 230
-0.0021 1.0597 2.6430 220 225 230
0.0018 1.0592 2.6977 220 225 230
-0.0022 1.1243 0.0064 220 225 230
-0.0009 1.1184 0.0509 220 225 230
0.0010 1.1143 0.1084 220 225 230
-0.0040 1.1183 0.1591 220 225 230
-0.0007 1.1233 0.2144 220 225 230
0.0031 1.1180 0.2708 220 225 230
-0.0109 1.1225 0.3290 220 225 230
-0.0046 1.1225 0.3801 220 225 230
0.0043 1.1281 0.4448 220 225 230
0.0031 1.1201 0.4975 220 225 230
-0.0016 1.1239 0.5459 220 225 230
0.0057 1.1222 0.6121 220 225 230
-0.0045 1.1244 0.6513 220 225 230
-0.0054 1.1198 0.7196 220 225 230
-0.0032 1.1195 0.7830 220 225 230
0.0029 1.1239 0.8248 220 225 230
-0.0061 1.1239 0.8863 220 225 230
0.0008 1.1145 0.9321 220 225 230
0.0044 1.1261 0.9885 220 225 230
0.0056 1.1168 1.0505 220 225 230
0.0084 1.1215 1.1055 220 225 230
-0.0031 1.1206 1.1484 220 225 230
0.0043 1.1257 1.2114 220 225 230
-0.0066 1.1290 1.2728 220 225 230
0.0021 1.1135 1.3158 220 225 230
-0.0018 1.1261 1.3739 220 225 230
0.0010 1.1197 1.4319 220 225 230
0.0026 1.1209 1.4847 220 225 230
0.0046 1.1285 1.5455 220 225 230
0.0021 1.1202 1.5993 220 225 230
-0.0027 1.1250 1.6511 220 225 230
-0.0004 1.1270 1.7028 220 225 230
-0.0059 1.1244 1.7639 220 225 230
-0.0009 1.1116 1.8255 220 225 230
-0.0012 1.1205 1.8793 220 225 230
-0.0031 1.1155 1.9300 220 225 230
-0.0004 1.1261 1.9767 220 225 230
-0.0008 1.1202 2.0372 220 225 230
-0.0017 1.1219 2.0928 220 225 230
0.0038 1.1242 2.1571 220 225 230
-0.0057 1.1198 2.2031 220 225 230
-0.0002 1.1291 2.2581 220 225 230
-0.0090 1.1230 2.3099 220 225 230
-0.0010 1.1204 2.3739 220 225 230
0.0040 1.1248 2.4192 220 225 230
-0.0009 1.1130 2.4809 220 225 230
-0.0020 1.1279 2.5239 220 225 230
0.0052 1.1206 2.5834 220 225 230
-0.0023 1.1222 2.6403 220 225 230
0.0028 1.1245 2.7006 220 225 230
0.0095 1.1859 0.0061 220 225 230
0.0026 1.1828 0.0593 220 225 230
0.0057 1.1875 0.1123 220 225 230
-0.0045 1.1870 0.1762 220 225 230
-0.0000 1.1826 0.2143 220 225 230
-0.0026 1.1820 0.2819 220 225 230
0.0003 1.1848 0.3335 220 225 230
0.0007 1.1876 0.3867 220 225 230
-0.0047 1.1783 0.4383 220 225 230
0.0112 1.1826 0.4968 220 225 230
-0.0040 1.1765 0.5569 220 225 230
-0.0067 1.1830 0.6021 220 225 230
0.0032 1.1870 0.6596 220 225 230
0.0017 1.1825 0.7143 220 225 230
0.0006 1.1868 0.7663 220 225 230
-0.0004 1.1873 0.8260 220 225 230
0.0055 1.1871 0.8844 220 225 230
-0.0015 1.1848 0.9271 220 225 230
0.0028 1.1785 0.9925 220 225 230
0.0013 1.1851 1.0473 220 225 230
0.0035 1.1848 1.1047 220 225 230
-0.0049 1.1844 1.1586 220 225 230
-0.0033 1.1780 1.2103 220 225 230
0.0119 1.1819 1.2718 220 225 230
-0.0043 1.1907 1.3183 220 225 230
-0.0009 1.1817 1.3845 220 225 230
0.0037 1.1822 1.4281 220 225 230
-0.0019 1.1875 1.4935 220 225 230
0.0021 1.1799 1.5409 220 225 230
-0.0026 1.1899 1.6056 220 225 230
0.0024 1.1923 1.6532 220 225 230
0.0022 1.1790 1.6997 220 225 230
-0.0051 1.1935 1.7666 220 225 230
0.0002 1.1854 1.8168 220 225 230
-0.0020 1.1797 1.8665 220 225 230
-0.0077 1.1867 1.9299 220 225 230
0.0062 1.1905 1.9874 220 225 230
0.0041 1.1895 2.0361 220 225 230
0.0032 1.1806 2.1025 220 225 230
-0.0023 1.1858 2.1422 220 225 230
0.0036 1.1848 2.2122 220 225 230
0.0031 1.1750 2.2520 220 225 230
0.0066 1.1876 2.3153 220 225 230
0.0040 1.1790 2.3654 220 225 230
0.0022 1.1824 2.4287 220 225 230
-0.0000 1.1855 2.4787 220 225 230
-0.0021 1.1841 2.5437 220 225 230
0.0001 1.1830 2.5905 220 225 230
-0.0063 1.1823 2.6478 220 225 230
-0.0006 1.1875 2.7018 220 225 230
-0.0038 1.2424 0.0030 220 225 230
-0.0027 1.2407 0.0571 220 225 230
0.0014 1.2428 0.1096 220 225 230
-0.0017 1.2550 0.1673 220 225 230
-0.0027 1.2509 0.2189 220 225 230
-0.0044 1.2451 0.2730 220 225 230
0.0023 1.2573 0.3300 220 225 230
-0.0046 1.2411 0.3824 220 225 230
-0.0005 1.2491 0.4402 220 225 230
0.0003 1.2415 0.4948 220 225 230
0.0021 1.2457 0.5486 220 225 230
-0.0062 1.2493 0.6068 220 225 230
-0.0059 1.2469 0.6614 220 225 230
0.0007 1.2440 0.7112 220 225 230
0.0047 1.2485 0.7712 220 225 230
0.0055 1.2532 0.8320 220 225 230
0.0024 1.2403 0.8779 220 225 230
0.0003 1.2421 0.9347 220 225 230
-0.0006 1.2505 0.9912 220 225 230
0.0059 1.2498 1.0533 220 225 230
-0.0005 1.2444 1.0975 220 225 230
-0.0002 1.2508 1.1612 220 225 230
0.0028 1.2521 1.2114 220 225 230
0.0007 1.2451 1.2650 220 225 230
0.0027 1.2473 1.3172 220 225 230
0.0017 1.2437 1.3811 220 225 230
0.0010 1.2521 1.4347 220 225 230
-0.0022 1.2467 1.4880 220 225 230
0.0003 1.2440 1.5411 220 225 230
-0.0033 1.2447 1.5945 220 225 230
-0.0008 1.2500 1.6565 220 225 230
0.0008 1.2394 1.7027 220 225 230
-0.0031 1.2399 1.7619 220 225 230
0.0043 1.2463 1.8205 220 225 230
-0.0032 1.2373 1.8722 220 225 230
0.0099 1.2395 1.9253 220 225 230
0.0007 1.2457 1.9810 220 225 230
-0.0015 1.2464 2.0397 220 225 230
0.0061 1.2440 2.0974 220 225 230
0.0005 1.2536 2.1449 220 225 230
-0.0047 1.2466 2.2025 220 225 230
-0.0026 1.2453 2.2540 220 225 230
0.0073 1.2532 2.3081 220 225 230
0.0105 1.2533 2.3698 220 225 230
0.0013 1.2459 2.4263 220 225 230
-0.0044 1.2442 2.4825 220 225 230
0.0046 1.2454 2.5351 220 225 230
0.0012 1.2507 2.5940 220 225 230
0.0009 1.2449 2.6435 220 225 230
0.0020 1.2454 2.6982 220 225 230
0.0044 1.3083 0.0001 220 225 230
-0.0004 1.3123 0.0542 220 225 230
-0.0062 1.3001 0.1150 220 225 230
-0.0039 1.3060 0.1634 220 225 230
-0.0077 1.3054 0.2243 220 225 230
-0.0000 1.3110 0.2706 220 225 230
-0.0049 1.3025 0.3296 220 225 230
0.0078 1.3089 0.3874 220 225 230
-0.0014 1.3076 0.4428 220 225 230
-0.0011 1.3053 0.4996 220 225 230
-0.0015 1.3169 0.5537 220 225 230
-0.0102 1.3012 0.6104 220 225 230
0.0014 1.3058 0.6616 220 225 230
-0.0024 1.3115 0.7171 220 225 230
-0.0085 1.3134 0.7724 220 225 230
0.0008 1.3112 0.8288 220 225 230
-0.0024 1.3048 0.8832 220 225 230
0.0060 1.3089 0.9385 220 225 230
0.0081 1.3124 0.9902 220 225 230
0.0024 1.3145 1.0439 220 225 230
0.0048 1.3034 1.0992 220 225 230
-0.0017 1.3097 1.1577 220 225 230
0.0065 1.3148 1.2133 220 225 230
0.0010 1.3055 1.2620 220 225 230
0.0021 1.3123 1.3223 220 225 230
0.0048 1.3113 1.3736 220 225 230
-0.0060 1.3098 1.4348 220 225 230
-0.0004 1.3069 1.4918 220 225 230
0.0009 1.3096 1.5406 220 225 230
-0.0003 1.3112 1.5999 220 225 230
-0.0071 1.3107 1.6540 220 225 230
-0.0004 1.3076 1.7043 220 225 230
-0.0022 1.3010 1.7603 220 225 230
-0.0011 1.3083 1.8198 220 225 230
0.0051 1.3060 1.8730 220 225 230
0.0011 1.3098 1.9308 220 225 230
-0.0022 1.3043 1.9802 220 225 230
0.0053 1.3145 2.0413 220 225 230
0.0010 1.3068 2.1001 220 225 230
0.0036 1.3132 2.1477 220 225 230
0.0027 1.3073 2.2033 220 225 230
0.0056 1.3026 2.2649 220 225 230
-0.0024 1.3071 2.3157 220 225 230
-0.0035 1.3108 2.3694 220 225 230
0.0064 1.3126 2.4189 220 225 230
-0.0031 1.3084 2.4796 220 225 230
-0.0012 1.3121 2.5384 220 225 230
-0.0038 1.3149 2.5857 220 225 230
0.0005 1.3114 2.6373 220 225 230
-0.0063 1.3019 2.6965 220 225 230
-0.0006 1.3711 -0.0029 220 225 230
0.0069 1.3691 0.0536 220 225 230
-0.0001 1.3741 0.1065 220 225 230
0.0032 1.3678 0.1655 220 225 230
0.0047 1.3725 0.2224 220 225 230
0.0039 1.3737 0.2771 220 225 230
0.0064 1.3699 0.3366 220 225 230
-0.0009 1.3703 0.3818 220 225 230
0.0081 1.3669 0.4432 220 225 230
-0.0003 1.3699 0.4950 220 225 230
0.0000 1.3726 0.5441 220 225 230
0.0005 1.3672 0.6047 220 225 230
0.0051 1.3791 0.6611 220 225 230
-0.0025 1.3701 0.7219 220 225 230
0.0030 1.3675 0.7722 220 225 230
-0.0041 1.3710 0.8194 220 225 230
0.0030 1.3626 0.8805 220 225 230
-0.0024 1.3684 0.9428 220 225 230
-0.0040 1.3740 0.9964 220 225 230
0.0093 1.3750 1.0485 220 225 230
0.0084 1.3733 1.1014 220 225 230
0.0014 1.3649 1.1594 220 225 230
-0.0034 1.3671 1.2075 220 225 230
0.0004 1.3749 1.2655 220 225 230
0.0021 1.3727 1.3196 220 225 230
-0.0057 1.3696 1.3760 220 225 230
0.0009 1.3634 1.4299 220 225 230
-0.0026 1.3725 1.4843 220 225 230
0.0059 1.3708 1.5400 220 225 230
-0.0033 1.3670 1.6006 220 225 230
-0.0015 1.3765 1.6554 220 225 230
-0.0014 1.3687 1.7149 220 225 230
0.0033 1.3736 1.7634 220 225 230
-0.0051 1.3721 1.8230 220 225 230
-0.0029 1.3636 1.8670 220 225 230
0.0025 1.3730 1.9248 220 225 230
0.0099 1.3719 1.9821 220 225 230
-0.0062 1.3728 2.0396 220 225 230
0.0047 1.3692 2.1024 220 225 230
0.0029 1.3722 2.1458 220 225 230
-0.0061 1.3678 2.2045 220 225 230
-0.0032 1.3721 2.2588 220 225 230
0.0032 1.3741 2.3229 220 225 230
0.0037 1.3718 2.3680 220 225 230
-0.0008 1.3718 2.4211 220 225 230
0.0009 1.3749 2.4817 220 225 230
0.0010 1.3737 2.5370 220 225 230
-0.0028 1.3786 2.5853 220 225 230
-0.0058 1.3711 2.6421 220 225 230
-0.0001 1.3680 2.7007 220 225 230
-0.0111 1.4376 0.0033 220 225 230
0.0020 1.4369 0.0535 220 225 230
0.0035 1.4344 0.1103 220 225 230
0.0053 1.4334 0.1609 220 225 230
0.0014 1.4361 0.2262 220 225 230
-0.0006 1.4347 0.2812 220 225 230
-0.0008 1.4295 0.3323 220 225 230
0.0038 1.4313 0.3884 220 225 230
0.0033 1.4374 0.4372 220 225 230
0.0038 1.4349 0.4948 220 225 230
0.0052 1.4260 0.5489 220 225 230
0.0021 1.4314 0.5996 220 225 230
0.0030 1.4327 0.6581 220 225 230
0.0033 1.4308 0.7207 220 225 230
-0.0004 1.4396 0.7723 220 225 230
0.0002 1.4344 0.8290 220 225 230
-0.0056 1.4261 0.8811 220 225 230
0.0033 1.4348 0.9359 220 225 230
-0.0007 1.4301 0.9907 220 225 230
-0.0002 1.4316 1.0383 220 225 230
-0.0046 1.4395 1.0993 220 225 230
0.0017 1.4364 1.1522 220 225 230
0.0010 1.4358 1.2090 220 225 230
-0.0038 1.4313 1.2647 220 225 230
-0.0009 1.4265 1.3235 220 225 230
0.0028 1.4335 1.3744 220 225 230
0.0019 1.4229 1.4352 220 225 230
-0.0005 1.4382 1.4852 220 225 230
0.0036 1.4282 1.5491 220 225 230
0.0004 1.4381 1.5986 220 225 230
-0.0013 1.4332 1.6590 220 225 230
0.0072 1.4314 1.7036 220 225 230
-0.0021 1.4328 1.7677 220 225 230
-0.0004 1.4409 1.8194 220 225 230
-0.0041 1.4420 1.8820 220 225 230
0.0069 1.4382 1.9264 220 225 230
-0.0017 1.4332 1.9870 220 225 230
-0.0045 1.4295 2.0352 220 225 230
0.0016 1.4283 2.0939 220 225 230
0.0039 1.4399 2.1439 220 225 230
0.0011 1.4384 2.2035 220 225 230
0.0000 1.4283 2.2571 220 225 230
-0.0084 1.4312 2.3123 220 225 230
0.0004 1.4319 2.3728 220 225 230
-0.0035 1.4339 2.4213 220 225 230
-0.0042 1.4310 2.4809 220 225 230
0.0047 1.4398 2.5402 220 225 230
0.0013 1.4310 2.5984 220 225 230
0.0008 1.4305 2.6470 220 225 230
-0.0046 1.4378 2.6980 220 225 230
-0.0074 1.4924 -0.0010 220 225 230
0.0062 1.5003 0.0539 220 225 230
0.0065 1.4964 0.1106 220 225 230
-0.0052 1.4951 0.1648 220 225 230
-0.0014 1.4933 0.2251 220 225 230
0.0015 1.4983 0.2715 220 225 230
-0.0020 1.4989 0.3355 220 225 230
0.0022 1.4996 0.3875 220 225 230
-0.0076 1.4967 0.4424 220 225 230
-0.0029 1.4945 0.4953 220 225 230
0.0029 1.4947 0.5490 220 225 230
0.0002 1.4987 0.6134 220 225 230
0.0005 1.4961 0.6489 220 225 230
0.0008 1.4955 0.7187 220 225 230
-0.0027 1.4969 0.7718 220 225 230
0.0103 1.4898 0.8290 220 225 230
-0.0051 1.4903 0.8800 220 225 230
-0.0038 1.4945 0.9457 220 225 230
0.0057 1.4986 0.9834 220 225 230
0.0033 1.4939 1.0518 220 225 230
-0.0012 1.4964 1.1034 220 225 230
-0.0007 1.5034 1.1563 220 225 230
0.0008 1.4895 1.2086 220 225 230
0.0036 1.4976 1.2646 220 225 230
-0.0010 1.4974 1.3215 220 225 230
-0.0076 1.4993 1.3720 220 225 230
-0.0034 1.4986 1.4265 220 225 230
-0.0061 1.5006 1.4883 220 225 230
-0.0015 1.5010 1.5381 220 225 230
-0.0044 1.4924 1.5988 220 225 230
-0.0020 1.4913 1.6562 220 225 230
0.0007 1.4955 1.7055 220 225 230
-0.0014 1.4954 1.7680 220 225 230
0.0074 1.4984 1.8278 220 225 230
0.0124 1.4895 1.8762 220 225 230
-0.0012 1.4969 1.9233 220 225 230
-0.0071 1.4969 1.9893 220 225 230
0.0000 1.4964 2.0383 220 225 230
-0.0006 1.4925 2.0936 220 225 230
-0.0004 1.4921 2.1544 220 225 230
0.0051 1.4940 2.2020 220 225 230
-0.0008 1.4954 2.2658 220 225 230
-0.0010 1.4954 2.3154 220 225 230
0.0020 1.4981 2.3672 220 225 230
-0.0063 1.4950 2.4217 220 225 230
0.0039 1.4925 2.4776 220 225 230
-0.0061 1.4956 2.5369 220 225 230
0.0056 1.4944 2.5958 220 225 230
0.0014 1.5007 2.6412 220 225 230
0.0020 1.4995 2.7044 220 225 230
0.0020 1.5604 0.0008 220 225 230
-0.0021 1.5554 0.0623 220 225 230
0.0052 1.5613 0.1078 220 225 230
-0.0059 1.5550 0.1629 220 225 230
0.0050 1.5559 0.2231 220 225 230
0.0033 1.5579 0.2760 220 225 230
0.0029 1.5550 0.3220 220 225 230
-0.0018 1.5601 0.3909 220 225 230
0.0030 1.5551 0.4398 220 225 230
0.0016 1.5581 0.4944 220 225 230
0.0008 1.5553 0.5544 220 225 230
-0.0114 1.5593 0.6061 220 225 230
-0.0004 1.5629 0.6611 220 225 230
-0.0034 1.5618 0.7176 220 225 230
-0.0027 1.5532 0.7768 220 225 230
0.0021 1.5527 0.8289 220 225 230
-0.0043 1.5532 0.8803 220 225 230
-0.0006 1.5547 0.9341 220 225 230
-0.0033 1.5646 0.9996 220 225 230
-0.0004 1.5537 1.0456 220 225 230
0.0008 1.5631 1.1010 220 225 230
0.0056 1.5602 1.1560 220 225 230
-0.0054 1.5596 1.2149 220 225 230
-0.0026 1.5580 1.2698 220 225 230
0.0058 1.5592 1.3208 220 225 230
-0.0026 1.5511 1.3847 220 225 230
-0.0016 1.5522 1.4263 220 225 230
0.0036 1.5573 1.4840 220 225 230
0.0023 1.5555 1.5334 220 225 230
-0.0020 1.5622 1.5968 220 225 230
0.0034 1.5581 1.6512 220 225 230
-0.0026 1.5582 1.7019 220 225 230
-0.0037 1.5591 1.7628 220 225 230
0.0047 1.5623 1.8195 220 225 230
-0.0023 1.5601 1.8704 220 225 230
-0.0021 1.5580 1.9244 220 225 230
-0.0024 1.5554 1.9883 220 225 230
0.0030 1.5557 2.0359 220 225 230
-0.0001 1.5569 2.0884 220 225 230
-0.0017 1.5611 2.1537 220 225 230
0.0023 1.5544 2.2013 220 225 230
-0.0027 1.5615 2.2539 220 225 230
0.0028 1.5563 2.3214 220 225 230
0.0028 1.5583 2.3807 220 225 230
-0.0033 1.5601 2.4290 220 225 230
-0.0056 1.5599 2.4803 220 225 230
0.0029 1.5543 2.5347 220 225 230
0.0070 1.5518 2.5910 220 225 230
-0.0027 1.5602 2.6496 220 225 230
0.0084 1.5619 2.7006 220 225 230
0.0035 1.6213 0.0009 220 225 230
0.0004 1.6221 0.0537 220 225 230
0.0034 1.6211 0.1075 220 225 230
0.0044 1.6127 0.1655 220 225 230
0.0032 1.6260 0.2233 220 225 230
0.0081 1.6224 0.2713 220 225 230
-0.0017 1.6226 0.3326 220 225 230
0.0001 1.6192 0.3898 220 225 230
-0.0012 1.6198 0.4385 220 225 230
-0.0002 1.6214 0.4967 220 225 230
-0.0025 1.6177 0.5548 220 225 230
0.0008 1.6216 0.6105 220 225 230
-0.0005 1.6199 0.6627 220 225 230
-0.0003 1.6229 0.7199 220 225 230
0.0024 1.6238 0.7756 220 225 230
0.0074 1.6216 0.8274 220 225 230
-0.0017 1.6159 0.8789 220 225 230
0.0035 1.6212 0.9324 220 225 230
0.0058 1.6223 0.9910 220 225 230
-0.0014 1.6265 1.0474 220 225 230
0.0051 1.6196 1.1009 220 225 230
-0.0041 1.6156 1.1582 220 225 230
0.0020 1.6166 1.2074 220 225 230
-0.0061 1.6181 1.2579 220 225 230
-0.0029 1.6203 1.3219 220 225 230
0.0049 1.6234 1.3752 220 225 230
-0.0005 1.6188 1.4316 220 225 230
-0.0010 1.6186 1.4803 220 225 230
-0.0024 1.6159 1.5474 220 225 230
-0.0028 1.6160 1.5974 220 225 230
-0.0092 1.6129 1.6533 220 225 230
-0.0020 1.6159 1.7019 220 225 230
-0.0042 1.6221 1.7671 220 225 230
-0.0025 1.6202 1.8175 220 225 230
0.0016 1.6212 1.8766 220 225 230
0.0002 1.6165 1.9296 220 225 230
-0.0032 1.6208 1.9832 220 225 230
0.0045 1.6128 2.0415 220 225 230
0.0018 1.6179 2.0935 220 225 230
0.0101 1.6267 2.1456 220 225 230
-0.0088 1.6194 2.2068 220 225 230
0.0011 1.6232 2.2639 220 225 230
-0.0012 1.6276 2.3182 220 225 230
0.0006 1.6252 2.3726 220 225 230
-0.0009 1.6276 2.4258 220 225 230
0.0005 1.6202 2.4780 220 225 230
-0.0043 1.6221 2.5401 220 225 230
-0.0005 1.6168 2.5839 220 225 230
0.0004 1.6232 2.6396 220 225 230
0.0051 1.6190 2.7105 220 225 230
-0.0016 1.6810 -0.0007 220 225 230
0.0033 1.6832 0.0523 220 225 230
0.0022 1.6794 0.1079 220 225 230
0.0010 1.6838 0.1676 220 225 230
0.0073 1.6875 0.2239 220 225 230
-0.0027 1.6854 0.2770 220 225 230
0.0004 1.6855 0.3266 220 225 230
0.0006 1.6821 0.3813 220 225 230
0.0020 1.6838 0.4465 220 225 230
-0.0034 1.6884 0.5024 220 225 230
0.0037 1.6831 0.5505 220 225 230
0.0003 1.6769 0.6049 220 225 230
0.0126 1.6792 0.6642 220 225 230
-0.0010 1.6844 0.7168 220 225 230
0.0039 1.6805 0.7744 220 225 230
0.0001 1.6845 0.8266 220 225 230
-0.0009 1.6878 0.8821 220 225 230
-0.0041 1.6879 0.9374 220 225 230
0.0008 1.6858 0.9894 220 225 230
0.0017 1.6818 1.0445 220 225 230
-0.0017 1.6788 1.1004 220 225 230
-0.0044 1.6829 1.1568 220 225 230
-0.0005 1.6758 1.2092 220 225 230
-0.0035 1.6844 1.2656 220 225 230
-0.0046 1.6773 1.3160 220 225 230
-0.0038 1.6899 1.3829 220 225 230
0.0031 1.6829 1.4346 220 225 230
-0.0018 1.6844 1.4896 220 225 230
0.0069 1.6835 1.5464 220 225 230
-0.0002 1.6847 1.5976 220 225 230
-0.0044 1.6878 1.6473 220 225 230
-0.0037 1.6832 1.7114 220 225 230
-0.0052 1.6811 1.7676 220 225 230
0.0003 1.6807 1.8175 220 225 230
0.0054 1.6804 1.8758 220 225 230
-0.0011 1.6869 1.9277 220 225 230
0.0007 1.6796 1.9811 220 225 230
0.0024 1.6781 2.0427 220 225 230
0.0024 1.6800 2.0949 220 225 230
-0.0014 1.6843 2.1480 220 225 230
0.0013 1.6919 2.2018 220 225 230
0.0007 1.6810 2.2485 220 225 230
0.0082 1.6832 2.3105 220 225 230
-0.0048 1.6831 2.3677 220 225 230
0.0047 1.6728 2.4269 220 225 230
-0.0085 1.6790 2.4795 220 225 230
-0.0017 1.6830 2.5393 220 225 230
0.0000 1.6771 2.5892 220 225 230
0.0045 1.6821 2.6460 220 225 230
0.0005 1.6916 2.7041 220 225 230
-0.0071 1.7533 -0.0005 220 225 230
0.0055 1.7524 0.0552 220 225 230
-0.0027 1.7469 0.1106 220 225 230
0.0013 1.7451 0.1559 220 225 230
0.0046 1.7473 0.2197 220 225 230
0.0047 1.7426 0.2727 220 225 230
0.0060 1.7462 0.3268 220 225 230
-0.0050 1.7473 0.3832 220 225 230
-0.0034 1.7445 0.4425 220 225 230
-0.0007 1.7465 0.4946 220 225 230
0.0059 1.7473 0.5546 220 225 230
0.0046 1.7479 0.6137 220 225 230
0.0056 1.7483 0.6590 220 225 230
-0.0004 1.7511 0.7166 220 225 230
-0.0026 1.7444 0.7803 220 225 230
-0.0026 1.7448 0.8308 220 225 230
-0.0032 1.7415 0.8788 220 225 230
0.0049 1.7389 0.9374 220 225 230
-0.0034 1.7455 0.9884 220 225 230
0.0025 1.7444 1.0430 220 225 230
0.0004 1.7440 1.1032 220 225 230
0.0010 1.7448 1.1594 220 225 230
-0.0030 1.7501 1.2142 220 225 230
-0.0006 1.7457 1.2637 220 225 230
0.0021 1.7362 1.3279 220 225 230
-0.0009 1.7440 1.3754 220 225 230
-0.0024 1.7454 1.4319 220 225 230
0.0006 1.7453 1.4923 220 225 230
0.0045 1.7513 1.5390 220 225 230
-0.0064 1.7408 1.6022 220 225 230
0.0005 1.7407 1.6524 220 225 230
-0.0064 1.7450 1.7074 220 225 230
-0.0095 1.7539 1.7698 220 225 230
0.0006 1.7390 1.8205 220 225 230
0.0019 1.7456 1.8696 220 225 230
-0.0003 1.7564 1.9292 220 225 230
-0.0018 1.7474 1.9857 220 225 230
-0.0053 1.7440 2.0273 220 225 230
-0.0009 1.7380 2.0925 220 225 230
-0.0072 1.7482 2.1509 220 225 230
-0.0028 1.7480 2.2100 220 225 230
0.0005 1.7357 2.2659 220 225 230
-0.0025 1.7504 2.3121 220 225 230
-0.0030 1.7476 2.3624 220 225 230
0.0025 1.7402 2.4225 220 225 230
0.0079 1.7441 2.4808 220 225 230
0.0015 1.7523 2.5261 220 225 230
0.0010 1.7405 2.5904 220 225 230
0.0014 1.7521 2.6507 220 225 230
-0.0057 1.7372 2.6952 220 225 230
0.0042 1.8039 0.0090 220 225 230
0.0037 1.8052 0.0532 220 225 230
0.0011 1.8065 0.1112 220 225 230
-0.0003 1.8104 0.1674 220 225 230
0.0041 1.8096 0.2201 220 225 230
-0.0036 1.8128 0.2743 220 225 230
-0.0060 1.8112 0.3271 220 225 230
0.0023 1.8018 0.3833 220 225 230
-0.0039 1.8055 0.4389 220 225 230
0.0048 1.8096 0.4966 220 225 230
-0.0002 1.8065 0.5447 220 225 230
0.0012 1.8101 0.6082 220 225 230
-0.0028 1.8067 0.6583 220 225 230
-0.0018 1.8006 0.7161 220 225 230
-0.0008 1.8139 0.7694 220 225 230
0.0068 1.8097 0.8272 220 225 230
0.0038 1.8057 0.8845 220 225 230
-0.0052 1.8124 0.9387 220 225 230
-0.0017 1.8034 0.9948 220 225 230
-0.0044 1.8125 1.0463 220 225 230
0.0011 1.8065 1.1027 220 225 230
-0.0016 1.8025 1.1572 220 225 230
0.0033 1.8047 1.2125 220 225 230
0.0002 1.8123 1.2636 220 225 230
-0.0025 1.8101 1.3172 220 225 230
0.0012 1.8119 1.3797 220 225 230
-0.0044 1.8048 1.4339 220 225 230
-0.0022 1.8046 1.4825 220 225 230
0.0034 1.8079 1.5472 220 225 230
0.0047 1.7999 1.5956 220 225 230
0.0096 1.8098 1.6564 220 225 230
-0.0081 1.8095 1.7141 220 225 230
0.0022 1.8074 1.7617 220 225 230
-0.0027 1.8019 1.8168 220 225 230
0.0019 1.8105 1.8757 220 225 230
0.0022 1.8046 1.9287 220 225 230
-0.0017 1.8136 1.9790 220 225 230
0.0030 1.8066 2.0368 220 225 230
0.0046 1.8115 2.0922 220 225 230
0.0024 1.8142 2.1436 220 225 230
0.0002 1.8088 2.2002 220 225 230
-0.0031 1.8098 2.2535 220 225 230
-0.0031 1.8025 2.3163 220 225 230
-0.0016 1.8047 2.3616 220 225 230
-0.0045 1.8070 2.4248 220 225 230
0.0023 1.7992 2.4714 220 225 230
0.0021 1.8032 2.5359 220 225 230
-0.0016 1.8042 2.5894 220 225 230
0.0023 1.8026 2.6396 220 225 230
0.0009 1.8055 2.7004 220 225 230
-0.0085 1.8728 -0.0046 220 225 230
0.0074 1.8627 0.0602 220 225 230
0.0025 1.8645 0.1100 220 225 230
0.0005 1.8727 0.1644 220 225 230
0.0028 1.8656 0.2258 220 225 230
-0.0010 1.8757 0.2703 220 225 230
-0.0049 1.8718 0.3325 220 225 230
-0.0064 1.8670 0.3836 220 225 230
-0.0085 1.8694 0.4435 220 225 230
-0.0023 1.8654 0.5006 220 225 230
0.0011 1.8628 0.5468 220 225 230
-0.0035 1.8704 0.6065 220 225 230
0.0026 1.8709 0.6628 220 225 230
-0.0012 1.8723 0.7241 220 225 230
0.0017 1.8713 0.7727 220 225 230
-0.0029 1.8670 0.8347 220 225 230
0.0002 1.8782 0.8772 220 225 230
-0.0020 1.8667 0.9293 220 225 230
0.0011 1.8661 0.9965 220 225 230
0.0024 1.8695 1.0467 220 225 230
-0.0001 1.8652 1.0996 220 225 230
-0.0053 1.8809 1.1549 220 225 230
-0.0016 1.8721 1.2092 220 225 230
0.0050 1.8757 1.2724 220 225 230
-0.0060 1.8594 1.3142 220 225 230
-0.0031 1.8646 1.3725 220 225 230
-0.0062 1.8667 1.4319 220 225 230
-0.0012 1.8709 1.4795 220 225 230
-0.0039 1.8739 1.5330 220 225 230
-0.0003 1.8721 1.5992 220 225 230
-0.0020 1.8700 1.6515 220 225 230
-0.0013 1.8683 1.7140 220 225 230
0.0003 1.8625 1.7666 220 225 230
0.0023 1.8743 1.8155 220 225 230
0.0033 1.8691 1.8690 220 225 230
-0.0084 1.8700 1.9294 220 225 230
0.0021 1.8690 1.9886 220 225 230
-0.0002 1.8696 2.0366 220 225 230
0.0043 1.8719 2.0967 220 225 230
0.0021 1.8700 2.1546 220 225 230
-0.0022 1.8718 2.2016 220 225 230
-0.0017 1.8742 2.2599 220 225 230
0.0033 1.8678 2.3084 220 225 230
-0.0039 1.8630 2.3678 220 225 230
0.0017 1.8653 2.4341 220 225 230
-0.0033 1.8685 2.4782 220 225 230
0.0048 1.8668 2.5304 220 225 230
-0.0007 1.8619 2.5929 220 225 230
-0.0028 1.8652 2.6428 220 225 230
0.0020 1.8691 2.7004 220 225 230
-0.0085 1.9280 0.0033 220 225 230
0.0014 1.9279 0.0577 220 225 230
-0.0008 1.9349 0.1128 220 225 230
-0.0037 1.9364 0.1695 220 225 230
0.0056 1.9316 0.2250 220 225 230
-0.0002 1.9295 0.2809 220 225 230
-0.0001 1.9325 0.3321 220 225 230
-0.0039 1.9260 0.3824 220 225 230
0.0007 1.9307 0.4326 220 225 230
0.0029 1.9326 0.4972 220 225 230
0.0036 1.9341 0.5559 220 225 230
-0.0037 1.9310 0.6096 220 225 230
0.0005 1.9339 0.6606 220 225 230
-0.0055 1.9292 0.7184 220 225 230
-0.0012 1.9336 0.7677 220 225 230
-0.0060 1.9307 0.8282 220 225 230
0.0071 1.9284 0.8862 220 225 230
-0.0009 1.9321 0.9358 220 225 230
-0.0010 1.9295 0.9920 220 225 230
0.0034 1.9308 1.0485 220 225 230
-0.0104 1.9345 1.1027 220 225 230
0.0020 1.9296 1.1636 220 225 230
0.0010 1.9336 1.2121 220 225 230
0.0045 1.9382 1.2683 220 225 230
-0.0012 1.9355 1.3213 220 225 230
-0.0036 1.9313 1.3685 220 225 230
0.0007 1.9350 1.4243 220 225 230
0.0043 1.9254 1.4872 220 225 230
0.0017 1.9302 1.5405 220 225 230
0.0066 1.9348 1.6007 220 225 230
0.0059 1.9324 1.6568 220 225 230
0.0006 1.9343 1.7105 220 225 230
0.0008 1.9227 1.7602 220 225 230
0.0001 1.9309 1.8184 220 225 230
-0.0051 1.9365 1.8788 220 225 230
-0.0020 1.9262 1.9272 220 225 230
-0.0020 1.9340 1.9823 220 225 230
0.0040 1.9328 2.0391 220 225 230
-0.0010 1.9293 2.0962 220 225 230
-0.0065 1.9331 2.1474 220 225 230
0.0043 1.9333 2.2009 220 225 230
-0.0047 1.9281 2.2646 220 225 230
-0.0034 1.9296 2.3162 220 225 230
-0.0063 1.9333 2.3709 220 225 230
-0.0040 1.9430 2.4251 220 225 230
0.0033 1.9296 2.4798 220 225 230
0.0016 1.9361 2.5402 220 225 230
-0.0004 1.9276 2.5870 220 225 230
-0.0063 1.9338 2.6474 220 225 230
-0.0091 1.9363 2.7031 220 225 230
0.0075 1.9942 -0.0047 220 225 230
-0.0029 1.9990 0.0495 220 225 230
0.0065 1.9945 0.1052 220 225 230
0.0035 1.9977 0.1696 220 225 230
-0.0057 1.9939 0.2192 220 225 230
-0.0019 1.9883 0.2765 220 225 230
0.0015 1.9961 0.3299 220 225 230
0.0017 1.9899 0.3840 220 225 230
0.0014 1.9906 0.4438 220 225 230
-0.0005 1.9893 0.4978 220 225 230
0.0047 1.9894 0.5506 220 225 230
0.0059 1.9938 0.6025 220 225 230
0.0025 1.9904 0.6584 220 225 230
-0.0002 2.0012 0.7162 220 225 230
0.0034 1.9878 0.7664 220 225 230
0.0050 1.9980 0.8311 220 225 230
0.0016 1.9950 0.8846 220 225 230
0.0006 1.9953 0.9385 220 225 230
-0.0009 1.9982 0.9918 220 225 230
-0.0004 1.9947 1.0489 220 225 230
-0.0017 1.9935 1.1073 220 225 230
-0.0073 1.9888 1.1599 220 225 230
-0.0083 1.9962 1.2124 220 225 230
-0.0023 1.9938 1.2714 220 225 230
-0.0017 1.9920 1.3213 220 225 230
-0.0025 1.9932 1.3776 220 225 230
-0.0000 1.9974 1.4375 220 225 230
0.0045 1.9986 1.4876 220 225 230
0.0021 1.9952 1.5433 220 225 230
-0.0034 1.9953 1.5897 220 225 230
-0.0036 1.9883 1.6602 220 225 230
0.0032 1.9884 1.7069 220 225 230
-0.0031 1.9947 1.7653 220 225 230
0.0029 1.9911 1.8210 220 225 230
0.0022 1.9938 1.8670 220 225 230
0.0023 1.9942 1.9300 220 225 230
-0.0006 1.9900 1.9772 220 225 230
0.0047 1.9944 2.0444 220 225 230
-0.0043 1.9946 2.0930 220 225 230
0.0074 1.9941 2.1546 220 225 230
0.0038 1.9956 2.2038 220 225 230
0.0023 1.9971 2.2569 220 225 230
-0.0031 1.9975 2.3077 220 225 230
-0.0091 1.9847 2.3700 220 225 230
-0.0004 2.0001 2.4252 220 225 230
-0.0023 1.9951 2.4785 220 225 230
0.0047 1.9960 2.5365 220 225 230
0.0014 2.0003 2.5940 220 225 230
0.0001 1.9970 2.6437 220 225 230
-0.0068 1.9934 2.7146 220 225 230
0.0008 2.0569 -0.0005 220 225 230
0.0021 2.0565 0.0506 220 225 230
-0.0050 2.0653 0.1045 220 225 230
0.0065 2.0622 0.1691 220 225 230
0.0008 2.0530 0.2232 220 225 230
0.0024 2.0507 0.2776 220 225 230
0.0017 2.0567 0.3253 220 225 230
-0.0056 2.0595 0.3837 220 225 230
-0.0009 2.0560 0.4406 220 225 230
0.0034 2.0513 0.5039 220 225 230
-0.0035 2.0559 0.5493 220 225 230
0.0007 2.0543 0.6082 220 225 230
0.0056 2.0566 0.6685 220 225 230
-0.0017 2.0573 0.7163 220 225 230
-0.0044 2.0516 0.7704 220 225 230
-0.0026 2.0662 0.8235 220 225 230
0.0049 2.0510 0.8768 220 225 230
-0.0051 2.0659 0.9397 220 225 230
0.0000 2.0540 0.9975 220 225 230
-0.0023 2.0616 1.0452 220 225 230
0.0016 2.0557 1.1004 220 225 230
-0.0036 2.0512 1.1574 220 225 230
-0.0049 2.0568 1.2103 220 225 230
0.0034 2.0559 1.2760 220 225 230
0.0011 2.0609 1.3330 220 225 230
-0.0032 2.0473 1.3809 220 225 230
-0.0004 2.0550 1.4329 220 225 230
-0.0057 2.0546 1.4880 220 225 230
0.0031 2.0499 1.5485 220 225 230
-0.0025 2.0564 1.5989 220 225 230
0.0007 2.0575 1.6502 220 225 230
0.0057 2.0622 1.7147 220 225 230
-0.0050 2.0614 1.7641 220 225 230
-0.0030 2.0561 1.8125 220 225 230
-0.0000 2.0566 1.8754 220 225 230
0.0011 2.0584 1.9253 220 225 230
0.0022 2.0581 1.9858 220 225 230
0.0070 2.0520 2.0386 220 225 230
0.0034 2.0566 2.0955 220 225 230
0.0054 2.0588 2.1545 220 225 230
-0.0017 2.0576 2.2050 220 225 230
-0.0044 2.0581 2.2537 220 225 230
-0.0090 2.0533 2.3129 220 225 230
-0.0012 2.0560 2.3661 220 225 230
-0.0021 2.0564 2.4232 220 225 230
0.0002 2.0522 2.4773 220 225 230
-0.0050 2.0594 2.5351 220 225 230
0.0063 2.0600 2.5900 220 225 230
-0.0018 2.0462 2.6461 220 225 230
-0.0014 2.0525 2.7041 220 225 230
0.0039 2.1227 -0.0015 220 225 230
-0.0028 2.1172 0.0589 220 225 230
-0.0013 2.1180 0.1117 220 225 230
-0.0073 2.1193 0.1646 220 225 230
-0.0030 2.1198 0.2135 220 225 230
-0.0033 2.1142 0.2818 220 225 230
-0.0051 2.1166 0.3313 220 225 230
-0.0076 2.1248 0.3846 220 225 230
0.0094 2.1242 0.4325 220 225 230
0.0042 2.1162 0.4895 220 225 230
0.0002 2.1213 0.5559 220 225 230
-0.0030 2.1269 0.6089 220 225 230
-0.0010 2.1136 0.6616 220 225 230
0.0017 2.1177 0.7138 220 225 230
-0.0017 2.1198 0.7654 220 225 230
0.0057 2.1223 0.8281 220 225 230
0.0024 2.1223 0.8848 220 225 230
0.0005 2.1222 0.9445 220 225 230
-0.0039 2.1167 0.9898 220 225 230
-0.0035 2.1156 1.0394 220 225 230
0.0011 2.1178 1.0984 220 225 230
-0.0033 2.1257 1.1611 220 225 230
0.0002 2.1178 1.2099 220 225 230
-0.0041 2.1173 1.2715 220 225 230
0.0001 2.1174 1.3285 220 225 230
0.0034 2.1209 1.3796 220 225 230
-0.0014 2.1198 1.4388 220 225 230
0.0006 2.1158 1.4870 220 225 230
0.0018 2.1144 1.5385 220 225 230
0.0008 2.1220 1.5989 220 225 230
0.0065 2.1226 1.6475 220 225 230
0.0066 2.1134 1.7042 220 225 230
-0.0059 2.1183 1.7621 220 225 230
0.0043 2.1162 1.8233 220 225 230
0.0022 2.1110 1.8768 220 225 230
0.0057 2.1159 1.9285 220 225 230
0.0006 2.1199 1.9828 220 225 230
-0.0046 2.1099 2.0429 220 225 230
0.0092 2.1123 2.0959 220 225 230
0.0034 2.1159 2.1444 220 225 230
0.0011 2.1172 2.2059 220 225 230
0.0026 2.1158 2.2645 220 225 230
-0.0016 2.1165 2.3174 220 225 230
0.0012 2.1104 2.3692 220 225 230
0.0019 2.1207 2.4187 220 225 230
0.0005 2.1164 2.4803 220 225 230
0.0002 2.1182 2.5317 220 225 230
0.0070 2.1198 2.5879 220 225 230
0.0018 2.1184 2.6479 220 225 230
-0.0058 2.1145 2.6948 220 225 230
0.0020 2.1824 0.0027 220 225 230
-0.0020 2.1814 0.0560 220 225 230
0.0026 2.1825 0.1132 220 225 230
0.0132 2.1841 0.1622 220 225 230
-0.0036 2.1791 0.2249 220 225 230
-0.0053 2.1772 0.2726 220 225 230
0.0022 2.1797 0.3276 220 225 230
-0.0016 2.1927 0.3898 220 225 230
0.0041 2.1731 0.4482 220 225 230
0.0018 2.1829 0.4996 220 225 230
-0.0038 2.1865 0.5454 220 225 230
-0.0076 2.1800 0.6061 220 225 230
0.0016 2.1719 0.6601 220 225 230
0.0038 2.1844 0.7153 220 225 230
-0.0055 2.1856 0.7633 220 225 230
0.0043 2.1759 0.8241 220 225 230
0.0030 2.1790 0.8841 220 225 230
0.0031 2.1803 0.9316 220 225 230
-0.0051 2.1779 0.9862 220 225 230
0.0041 2.1866 1.0455 220 225 230
-0.0038 2.1774 1.1109 220 225 230
0.0003 2.1802 1.1593 220 225 230
0.0021 2.1808 1.2070 220 225 230
-0.0005 2.1831 1.2606 220 225 230
0.0039 2.1794 1.3320 220 225 230
-0.0026 2.1805 1.3798 220 225 230
0.0056 2.1792 1.4377 220 225 230
0.0009 2.1883 1.4896 220 225 230
0.0005 2.1806 1.5460 220 225 230
-0.0096 2.1775 1.5959 220 225 230
-0.0018 2.1862 1.6492 220 225 230
0.0046 2.1806 1.7138 220 225 230
-0.0008 2.1769 1.7627 220 225 230
-0.0025 2.1823 1.8180 220 225 230
0.0044 2.1855 1.8736 220 225 230
-0.0066 2.1824 1.9199 220 225 230
0.0012 2.1797 1.9841 220 225 230
-0.0044 2.1811 2.0271 220 225 230
0.0034 2.1747 2.0901 220 225 230
0.0021 2.1773 2.1497 220 225 230
-0.0005 2.1798 2.2056 220 225 230
0.0044 2.1797 2.2559 220 225 230
0.0016 2.1854 2.3168 220 225 230
-0.0010 2.1769 2.3746 220 225 230
0.0020 2.1828 2.4213 220 225 230
0.0047 2.1760 2.4799 220 225 230
-0.0033 2.1818 2.5330 220 225 230
-0.0014 2.1819 2.5890 220 225 230
-0.0025 2.1857 2.6429 220 225 230
-0.0028 2.1754 2.7009 220 225 230
-0.0030 2.2545 -0.0007 220 225 230
-0.0119 2.2472 0.0553 220 225 230
0.0017 2.2412 0.1139 220 225 230
-0.0014 2.2453 0.1715 220 225 230
0.0064 2.2434 0.2179 220 225 230
-0.0032 2.2416 0.2688 220 225 230
-0.0025 2.2435 0.3251 220 225 230
0.0005 2.2399 0.3900 220 225 230
-0.0015 2.2456 0.4401 220 225 230
-0.0047 2.2413 0.4963 220 225 230
-0.0059 2.2462 0.5533 220 225 230
0.0018 2.2377 0.6041 220 225 230
0.0008 2.2482 0.6533 220 225 230
-0.0011 2.2462 0.7128 220 225 230
0.0005 2.2410 0.7636 220 225 230
0.0024 2.2372 0.8279 220 225 230
0.0063 2.2392 0.8744 220 225 230
-0.0054 2.2486 0.9330 220 225 230
-0.0005 2.2516 0.9946 220 225 230
-0.0062 2.2524 1.0503 220 225 230
0.0035 2.2491 1.1046 220 225 230
-0.0011 2.2454 1.1612 220 225 230
0.0061 2.2410 1.2203 220 225 230
0.0032 2.2448 1.2726 220 225 230
0.0072 2.2455 1.3218 220 225 230
0.0021 2.2399 1.3760 220 225 230
-0.0011 2.2497 1.4274 220 225 230
-0.0008 2.2436 1.4890 220 225 230
0.0059 2.2445 1.5330 220 225 230
0.0019 2.2464 1.5995 220 225 230
-0.0070 2.2388 1.6488 220 225 230
-0.0003 2.2454 1.7108 220 225 230
-0.0058 2.2411 1.7582 220 225 230
0.0018 2.2499 1.8140 220 225 230
0.0003 2.2408 1.8699 220 225 230
0.0001 2.2471 1.9325 220 225 230
-0.0110 2.2426 1.9876 220 225 230
-0.0031 2.2429 2.0416 220 225 230
-0.0006 2.2445 2.0989 220 225 230
-0.0026 2.2452 2.1435 220 225 230
-0.0025 2.2439 2.2043 220 225 230
0.0101 2.2395 2.2605 220 225 230
0.0035 2.2450 2.3223 220 225 230
0.0013 2.2514 2.3701 220 225 230
0.0027 2.2435 2.4230 220 225 230
0.0067 2.2454 2.4782 220 225 230
0.0044 2.2432 2.5258 220 225 230
0.0009 2.2296 2.5921 220 225 230
-0.0036 2.2471 2.6529 220 225 230
-0.0011 2.2444 2.6963 220 225 230
0.0044 2.3108 -0.0057 220 225 230
-0.0015 2.3035 0.0580 220 225 230
0.0062 2.3007 0.1089 220 225 230
-0.0026 2.3072 0.1677 220 225 230
-0.0018 2.2976 0.2249 220 225 230
0.0036 2.3008 0.2745 220 225 230
-0.0011 2.3054 0.3322 220 225 230
0.0011 2.3088 0.3834 220 225 230
-0.0010 2.3102 0.4421 220 225 230
0.0001 2.2995 0.4939 220 225 230
-0.0089 2.3019 0.5552 220 225 230
0.0012 2.3060 0.6068 220 225 230
0.0001 2.3042 0.6593 220 225 230
0.0025 2.3042 0.7175 220 225 230
-0.0039 2.3054 0.7704 220 225 230
0.0079 2.3036 0.8212 220 225 230
-0.0049 2.3040 0.8865 220 225 230
0.0040 2.3066 0.9409 220 225 230
0.0042 2.2950 0.9840 220 225 230
-0.0027 2.3060 1.0464 220 225 230
-0.0027 2.3076 1.1036 220 225 230
-0.0033 2.3107 1.1547 220 225 230
-0.0002 2.3111 1.2116 220 225 230
-0.0032 2.3106 1.2661 220 225 230
-0.0024 2.3069 1.3263 220 225 230
0.0002 2.3159 1.3746 220 225 230
-0.0026 2.3108 1.4358 220 225 230
0.0011 2.3092 1.4859 220 225 230
0.0042 2.3044 1.5422 220 225 230
-0.0047 2.3080 1.6007 220 225 230
0.0063 2.3043 1.6574 220 225 230
-0.0044 2.3003 1.7052 220 225 230
-0.0038 2.3123 1.7580 220 225 230
-0.0034 2.2993 1.8133 220 225 230
0.0004 2.3079 1.8736 220 225 230
0.0021 2.3032 1.9271 220 225 230
-0.0044 2.3070 1.9860 220 225 230
0.0046 2.3062 2.0363 220 225 230
0.0041 2.2961 2.0908 220 225 230
-0.0004 2.3032 2.1518 220 225 230
0.0011 2.3077 2.2034 220 225 230
0.0031 2.3113 2.2581 220 225 230
-0.0014 2.3170 2.3117 220 225 230
0.0010 2.3000 2.3754 220 225 230
0.0045 2.2995 2.4238 220 225 230
0.0035 2.3013 2.4771 220 225 230
-0.0009 2.3068 2.5367 220 225 230
-0.0050 2.3116 2.5844 220 225 230
-0.0040 2.3035 2.6422 220 225 230
0.0026 2.3054 2.7004 220 225 230
0.0014 2.3789 -0.0051 220 225 230
-0.0006 2.3757 0.0595 220 225 230
0.0004 2.3696 0.1057 220 225 230
0.0042 2.3683 0.1638 220 225 230
-0.0043 2.3668 0.2274 220 225 230
0.0031 2.3675 0.2725 220 225 230
-0.0021 2.3611 0.3282 220 225 230
-0.0046 2.3609 0.3870 220 225 230
0.0060 2.3650 0.4410 220 225 230
0.0052 2.3672 0.4928 220 225 230
-0.0053 2.3710 0.5496 220 225 230
-0.0011 2.3647 0.6030 220 225 230
-0.0030 2.3661 0.6667 220 225 230
-0.0067 2.3764 0.7193 220 225 230
-0.0015 2.3701 0.7749 220 225 230
0.0070 2.3791 0.8349 220 225 230
0.0028 2.3722 0.8826 220 225 230
-0.0074 2.3765 0.9233 220 225 230
0.0032 2.3733 0.9991 220 225 230
0.0039 2.3607 1.0485 220 225 230
-0.0021 2.3643 1.0996 220 225 230
0.0077 2.3790 1.1544 220 225 230
-0.0014 2.3693 1.2169 220 225 230
-0.0047 2.3642 1.2668 220 225 230
0.0005 2.3735 1.3251 220 225 230
-0.0046 2.3712 1.3811 220 225 230
-0.0025 2.3758 1.4338 220 225 230
0.0051 2.3732 1.4852 220 225 230
-0.0017 2.3715 1.5449 220 225 230
-0.0006 2.3726 1.5978 220 225 230
-0.0006 2.3693 1.6535 220 225 230
-0.0025 2.3694 1.7080 220 225 230
-0.0038 2.3727 1.7691 220 225 230
0.0060 2.3724 1.8201 220 225 230
-0.0019 2.3728 1.8719 220 225 230
-0.0057 2.3666 1.9286 220 225 230
0.0015 2.3653 1.9834 220 225 230
0.0013 2.3644 2.0395 220 225 230
0.0019 2.3658 2.0922 220 225 230
0.0056 2.3711 2.1416 220 225 230
0.0059 2.3737 2.2008 220 225 230
-0.0063 2.3617 2.2671 220 225 230
-0.0039 2.3723 2.3158 220 225 230
0.0004 2.3721 2.3792 220 225 230
-0.0032 2.3685 2.4314 220 225 230
0.0050 2.3696 2.4840 220 225 230
0.0003 2.3656 2.5348 220 225 230
0.0011 2.3758 2.5863 220 225 230
0.0072 2.3700 2.6406 220 225 230
0.0046 2.3608 2.6979 220 225 230
-0.0003 2.4300 0.0008 220 225 230
0.0021 2.4266 0.0542 220 225 230
-0.0002 2.4407 0.1152 220 225 230
0.0001 2.4327 0.1679 220 225 230
-0.0046 2.4315 0.2176 220 225 230
-0.0009 2.4312 0.2706 220 225 230
-0.0003 2.4252 0.3338 220 225 230
-0.0065 2.4291 0.3813 220 225 230
-0.0006 2.4303 0.4437 220 225 230
-0.0009 2.4296 0.4981 220 225 230
0.0087 2.4319 0.5467 220 225 230
-0.0042 2.4303 0.6029 220 225 230
0.0057 2.4367 0.6666 220 225 230
0.0049 2.4224 0.7116 220 225 230
0.0014 2.4331 0.7730 220 225 230
-0.0002 2.4320 0.8214 220 225 230
0.0015 2.4263 0.8805 220 225 230
-0.0040 2.4331 0.9390 220 225 230
-0.0025 2.4309 0.9855 220 225 230
-0.0030 2.4368 1.0492 220 225 230
0.0000 2.4335 1.0986 220 225 230
0.0063 2.4319 1.1594 220 225 230
0.0002 2.4414 1.2068 220 225 230
-0.0024 2.4281 1.2744 220 225 230
-0.0006 2.4350 1.3287 220 225 230
-0.0009 2.4360 1.3847 220 225 230
-0.0024 2.4319 1.4392 220 225 230
0.0021 2.4307 1.4878 220 225 230
-0.0004 2.4371 1.5522 220 225 230
-0.0004 2.4301 1.6014 220 225 230
-0.0030 2.4272 1.6471 220 225 230
-0.0025 2.4261 1.7064 220 225 230
-0.0054 2.4253 1.7662 220 225 230
0.0016 2.4333 1.8178 220 225 230
-0.0050 2.4297 1.8743 220 225 230
-0.0010 2.4340 1.9351 220 225 230
0.0007 2.4272 1.9797 220 225 230
-0.0073 2.4287 2.0323 220 225 230
-0.0062 2.4326 2.0924 220 225 230
-0.0026 2.4296 2.1552 220 225 230
-0.0003 2.4237 2.2051 220 225 230
-0.0017 2.4332 2.2640 220 225 230
0.0036 2.4272 2.3175 220 225 230
-0.0100 2.4328 2.3714 220 225 230
-0.0056 2.4332 2.4322 220 225 230
0.0001 2.4300 2.4769 220 225 230
0.0009 2.4322 2.5363 220 225 230
-0.0025 2.4319 2.5853 220 225 230
0.0000 2.4331 2.6426 220 225 230
0.0026 2.4340 2.7054 220 225 230
-0.0032 2.4944 0.0012 220 225 230
0.0004 2.4928 0.0502 220 225 230
-0.0002 2.4950 0.1150 220 225 230
-0.0029 2.4901 0.1666 220 225 230
-0.0077 2.4922 0.2173 220 225 230
-0.0075 2.4874 0.2788 220 225 230
-0.0013 2.4933 0.3269 220 225 230
-0.0039 2.4865 0.3869 220 225 230
-0.0019 2.4895 0.4381 220 225 230
-0.0016 2.4925 0.4960 220 225 230
0.0009 2.4919 0.5471 220 225 230
0.0009 2.4864 0.5994 220 225 230
0.0116 2.4937 0.6572 220 225 230
0.0034 2.4925 0.7149 220 225 230
-0.0031 2.4942 0.7681 220 225 230
0.0019 2.4867 0.8229 220 225 230
0.0057 2.4953 0.8871 220 225 230
-0.0015 2.4975 0.9341 220 225 230
0.0011 2.4982 0.9892 220 225 230
-0.0003 2.4890 1.0510 220 225 230
0.0058 2.4925 1.1061 220 225 230
0.0039 2.5002 1.1535 220 225 230
0.0079 2.4885 1.2158 220 225 230
0.0031 2.4921 1.2644 220 225 230
-0.0031 2.4903 1.3260 220 225 230
0.0041 2.4928 1.3805 220 225 230
0.0048 2.4896 1.4323 220 225 230
0.0019 2.4949 1.4883 220 225 230
-0.0005 2.4906 1.5473 220 225 230
-0.0022 2.4842 1.6014 220 225 230
-0.0014 2.4849 1.6489 220 225 230
0.0019 2.4934 1.7019 220 225 230
-0.0087 2.4956 1.7586 220 225 230
0.0057 2.4937 1.8195 220 225 230
-0.0041 2.4969 1.8786 220 225 230
-0.0009 2.4938 1.9280 220 225 230
-0.0056 2.4913 1.9795 220 225 230
0.0068 2.4942 2.0375 220 225 230
0.0013 2.4918 2.0992 220 225 230
0.0016 2.4893 2.1459 220 225 230
-0.0029 2.4846 2.1991 220 225 230
-0.0065 2.5008 2.2546 220 225 230
-0.0067 2.4977 2.3149 220 225 230
0.0007 2.4936 2.3705 220 225 230
-0.0014 2.4982 2.4251 220 225 230
-0.0005 2.4947 2.4834 220 225 230
-0.0025 2.4907 2.5346 220 225 230
-0.0097 2.4961 2.5878 220 225 230
0.0008 2.4984 2.6472 220 225 230
-0.0097 2.4933 2.6995 220 225 230
-0.0001 2.5555 -0.0043 220 225 230
0.0045 2.5617 0.0555 220 225 230
-0.0018 2.5537 0.1170 220 225 230
-0.0007 2.5537 0.1704 220 225 230
0.0008 2.5558 0.2252 220 225 230
-0.0013 2.5577 0.2747 220 225 230
0.0005 2.5493 0.3347 220 225 230
0.0016 2.5542 0.3807 220 225 230
-0.0002 2.5578 0.4427 220 225 230
0.0002 2.5515 0.4880 220 225 230
0.0021 2.5568 0.5578 220 225 230
0.0075 2.5602 0.5980 220 225 230
0.0032 2.5518 0.6632 220 225 230
-0.0032 2.5552 0.7136 220 225 230
0.0035 2.5584 0.7762 220 225 230
0.0043 2.5625 0.8288 220 225 230
0.0038 2.5510 0.8797 220 225 230
-0.0021 2.5518 0.9402 220 225 230
-0.0010 2.5531 0.9913 220 225 230
-0.0077 2.5500 1.0454 220 225 230
0.0047 2.5548 1.1025 220 225 230
-0.0039 2.5605 1.1580 220 225 230
-0.0080 2.5620 1.2097 220 225 230
-0.0039 2.5552 1.2737 220 225 230
-0.0087 2.5514 1.3221 220 225 230
-0.0115 2.5464 1.3818 220 225 230
0.0010 2.5525 1.4395 220 225 230
-0.0027 2.5582 1.4910 220 225 230
-0.0016 2.5585 1.5365 220 225 230
-0.0043 2.5525 1.6067 220 225 230
0.0011 2.5549 1.6589 220 225 230
0.0016 2.5516 1.7179 220 225 230
-0.0079 2.5598 1.7706 220 225 230
-0.0081 2.5607 1.8181 220 225 230
0.0012 2.5539 1.8735 220 225 230
0.0028 2.5612 1.9310 220 225 230
-0.0029 2.5546 1.9873 220 225 230
-0.0028 2.5512 2.0379 220 225 230
-0.0022 2.5558 2.0906 220 225 230
-0.0023 2.5554 2.1522 220 225 230
0.0026 2.5546 2.2009 220 225 230
0.0008 2.5539 2.2548 220 225 230
0.0037 2.5521 2.3075 220 225 230
0.0037 2.5542 2.3698 220 225 230
0.0116 2.5575 2.4202 220 225 230
0.0016 2.5543 2.4763 220 225 230
-0.0004 2.5582 2.5315 220 225 230
-0.0001 2.5522 2.5861 220 225 230
0.0031 2.5507 2.6500 220 225 230
0.0023 2.5580 2.7080 220 225 230
-0.0014 2.6210 -0.0066 220 225 230
-0.0036 2.6214 0.0495 220 225 230
-0.0003 2.6209 0.1092 220 225 230
-0.0033 2.6258 0.1635 220 225 230
-0.0019 2.6173 0.2217 220 225 230
0.0049 2.6198 0.2721 220 225 230
-0.0036 2.6166 0.3315 220 225 230
0.0036 2.6179 0.3840 220 225 230
0.0029 2.6188 0.4447 220 225 230
-0.0060 2.6136 0.5021 220 225 230
0.0024 2.6150 0.5581 220 225 230
-0.0044 2.6134 0.6049 220 225 230
-0.0034 2.6193 0.6573 220 225 230
-0.0063 2.6188 0.7177 220 225 230
-0.0013 2.6167 0.7679 220 225 230
-0.0092 2.6261 0.8281 220 225 230
0.0005 2.6148 0.8815 220 225 230
0.0075 2.6182 0.9354 220 225 230
0.0053 2.6177 0.9906 220 225 230
-0.0060 2.6205 1.0454 220 225 230
0.0014 2.6177 1.1026 220 225 230
0.0015 2.6184 1.1571 220 225 230
0.0017 2.6097 1.2184 220 225 230
-0.0018 2.6197 1.2695 220 225 230
-0.0019 2.6218 1.3249 220 225 230
0.0022 2.6164 1.3756 220 225 230
0.0042 2.6241 1.4329 220 225 230
-0.0021 2.6200 1.4959 220 225 230
-0.0011 2.6151 1.5399 220 225 230
0.0005 2.6162 1.5974 220 225 230
-0.0067 2.6131 1.6531 220 225 230
0.0059 2.6220 1.7126 220 225 230
-0.0048 2.6207 1.7661 220 225 230
0.0031 2.6189 1.8199 220 225 230
0.0006 2.6129 1.8786 220 225 230
0.0015 2.6162 1.9288 220 225 230
-0.0097 2.6205 1.9834 220 225 230
0.0011 2.6163 2.0361 220 225 230
-0.0006 2.6223 2.0932 220 225 230
-0.0037 2.6127 2.1505 220 225 230
-0.0005 2.6192 2.2075 220 225 230
-0.0013 2.6137 2.2628 220 225 230
0.0033 2.6272 2.3131 220 225 230
-0.0014 2.6129 2.3672 220 225 230
-0.0001 2.6109 2.4251 220 225 230
0.0009 2.6244 2.4876 220 225 230
-0.0037 2.6169 2.5329 220 225 230
-0.0033 2.6173 2.5883 220 225 230
-0.0048 2.6174 2.6396 220 225 230
-0.0004 2.6129 2.6972 220 225 230
-0.0013 2.6758 -0.0099 220 225 230
-0.0009 2.6814 0.0565 220 225 230
0.0033 2.6794 0.1077 220 225 230
0.0018 2.6802 0.1682 220 225 230
-0.0069 2.6787 0.2227 220 225 230
0.0041 2.6854 0.2753 220 225 230
0.0020 2.6751 0.3319 220 225 230
-0.0020 2.6850 0.3904 220 225 230
-0.0110 2.6804 0.4422 220 225 230
0.0006 2.6802 0.4965 220 225 230
-0.0038 2.6763 0.5479 220 225 230
-0.0041 2.6813 0.6078 220 225 230
0.0064 2.6790 0.6578 220 225 230
0.0034 2.6870 0.7130 220 225 230
0.0022 2.6822 0.7692 220 225 230
0.0005 2.6835 0.8219 220 225 230
0.0020 2.6793 0.8813 220 225 230
-0.0028 2.6698 0.9372 220 225 230
-0.0066 2.6795 0.9980 220 225 230
0.0003 2.6764 1.0492 220 225 230
0.0004 2.6823 1.1032 220 225 230
-0.0005 2.6837 1.1569 220 225 230
-0.0003 2.6815 1.2090 220 225 230
0.0012 2.6798 1.2665 220 225 230
-0.0011 2.6795 1.3238 220 225 230
-0.0002 2.6822 1.3812 220 225 230
-0.0017 2.6782 1.4361 220 225 230
0.0011 2.6866 1.4868 220 225 230
0.0028 2.6821 1.5371 220 225 230
0.0039 2.6786 1.6003 220 225 230
0.0085 2.6754 1.6579 220 225 230
0.0023 2.6771 1.7069 220 225 230
-0.0023 2.6807 1.7665 220 225 230
0.0017 2.6837 1.8166 220 225 230
-0.0072 2.6768 1.8757 220 225 230
0.0018 2.6882 1.9213 220 225 230
0.0012 2.6751 1.9855 220 225 230
0.0002 2.6861 2.0346 220 225 230
0.0051 2.6830 2.0956 220 225 230
0.0021 2.6772 2.1568 220 225 230
0.0020 2.6818 2.2043 220 225 230
-0.0037 2.6777 2.2613 220 225 230
0.0028 2.6753 2.3123 220 225 230
0.0028 2.6819 2.3721 220 225 230
-0.0049 2.6730 2.4263 220 225 230
0.0041 2.6835 2.4777 220 225 230
-0.0050 2.6786 2.5376 220 225 230
0.0045 2.6797 2.5916 220 225 230
0.0045 2.6829 2.6442 220 225 230
-0.0041 2.6762 2.7008 220 225 230
-0.0029 2.7447 0.0029 220 225 230
0.0008 2.7422 0.0610 220 225 230
-0.0038 2.7426 0.1075 220 225 230
0.0082 2.7448 0.1641 220 225 230
0.0038 2.7413 0.2218 220 225 230
-0.0097 2.7495 0.2751 220 225 230
-0.0012 2.7400 0.3322 220 225 230
0.0014 2.7445 0.3881 220 225 230
0.0023 2.7426 0.4432 220 225 230
-0.0026 2.7494 0.4921 220 225 230
-0.0029 2.7368 0.5553 220 225 230
-0.0019 2.7424 0.6023 220 225 230
0.0060 2.7407 0.6656 220 225 230
-0.0025 2.7380 0.7122 220 225 230
-0.0047 2.7478 0.7688 220 225 230
0.0013 2.7422 0.8209 220 225 230
-0.0002 2.7397 0.8874 220 225 230
-0.0003 2.7400 0.9298 220 225 230
-0.0038 2.7492 0.9918 220 225 230
-0.0027 2.7428 1.0433 220 225 230
0.0037 2.7395 1.1017 220 225 230
-0.0030 2.7374 1.1522 220 225 230
-0.0004 2.7491 1.2048 220 225 230
0.0012 2.7464 1.2655 220 225 230
-0.0014 2.7497 1.3258 220 225 230
0.0045 2.7406 1.3722 220 225 230
-0.0000 2.7466 1.4275 220 225 230
0.0034 2.7389 1.4847 220 225 230
0.0028 2.7418 1.5501 220 225 230
-0.0020 2.7408 1.6013 220 225 230
0.0055 2.7401 1.6584 220 225 230
0.0067 2.7407 1.7049 220 225 230
0.0029 2.7401 1.7540 220 225 230
-0.0007 2.7435 1.8180 220 225 230
-0.0037 2.7305 1.8735 220 225 230
-0.0045 2.7430 1.9339 220 225 230
0.0094 2.7437 1.9798 220 225 230
-0.0007 2.7405 2.0314 220 225 230
0.0019 2.7387 2.1043 220 225 230
-0.0032 2.7481 2.1440 220 225 230
-0.0026 2.7464 2.2070 220 225 230
0.0058 2.7442 2.2572 220 225 230
-0.0017 2.7442 2.3137 220 225 230
-0.0014 2.7425 2.3631 220 225 230
-0.0077 2.7390 2.4335 220 225 230
0.0031 2.7445 2.4919 220 225 230
-0.0006 2.7370 2.5369 220 225 230
0.0009 2.7437 2.5901 220 225 230
-0.0018 2.7433 2.6480 220 225 230
0.0018 2.7435 2.7006 220 225 230
-0.0003 2.8030 0.0001 220 225 230
0.0043 2.8016 0.0497 220 225 230
0.0010 2.8025 0.1040 220 225 230
-0.0016 2.8117 0.1595 220 225 230
0.0031 2.8095 0.2174 220 225 230
-0.0065 2.8098 0.2756 220 225 230
0.0005 2.8092 0.3263 220 225 230
-0.0006 2.8068 0.3915 220 225 230
0.0054 2.8007 0.4416 220 225 230
0.0040 2.8037 0.4915 220 225 230
-0.0126 2.8043 0.5523 220 225 230
-0.0016 2.8008 0.6071 220 225 230
-0.0005 2.8033 0.6595 220 225 230
-0.0058 2.8055 0.7187 220 225 230
-0.0027 2.8042 0.7723 220 225 230
-0.0006 2.8027 0.8190 220 225 230
0.0001 2.8048 0.8871 220 225 230
0.0052 2.8068 0.9363 220 225 230
-0.0015 2.8048 0.9889 220 225 230
-0.0084 2.7992 1.0491 220 225 230
0.0049 2.8075 1.1045 220 225 230
-0.0015 2.8023 1.1578 220 225 230
0.0047 2.8060 1.2098 220 225 230
0.0120 2.8031 1.2690 220 225 230
0.0049 2.8023 1.3224 220 225 230
-0.0006 2.8030 1.3840 220 225 230
-0.0037 2.8117 1.4354 220 225 230
-0.0043 2.8009 1.4862 220 225 230
-0.0048 2.8053 1.5427 220 225 230
-0.0035 2.8080 1.6035 220 225 230
-0.0059 2.7981 1.6449 220 225 230
0.0009 2.8036 1.7040 220 225 230
0.0020 2.8052 1.7672 220 225 230
-0.0029 2.8099 1.8189 220 225 230
0.0028 2.8048 1.8747 220 225 230
-0.0028 2.8024 1.9266 220 225 230
-0.0020 2.8013 1.9910 220 225 230
0.0023 2.8048 2.0381 220 225 230
-0.0040 2.7958 2.0946 220 225 230
-0.0006 2.8026 2.1455 220 225 230
-0.0012 2.8116 2.2045 220 225 230
-0.0056 2.8060 2.2566 220 225 230
0.0010 2.8075 2.3110 220 225 230
-0.0006 2.8001 2.3731 220 225 230
0.0046 2.8044 2.4270 220 225 230
0.0014 2.8013 2.4792 220 225 230
0.0024 2.8121 2.5338 220 225 230
0.0001 2.8064 2.5913 220 225 230
-0.0088 2.8071 2.6447 220 225 230
0.0061 2.8050 2.6993 220 225 230
0.0052 2.8606 -0.0057 220 225 230
0.0009 2.8715 0.0518 220 225 230
-0.0027 2.8711 0.1127 220 225 230
0.0056 2.8621 0.1662 220 225 230
-0.0030 2.8686 0.2165 220 225 230
-0.0009 2.8605 0.2734 220 225 230
0.0056 2.8660 0.3277 220 225 230
0.0053 2.8720 0.3894 220 225 230
0.0111 2.8717 0.4427 220 225 230
0.0035 2.8607 0.4970 220 225 230
-0.0063 2.8699 0.5460 220 225 230
0.0024 2.8682 0.6017 220 225 230
-0.0009 2.8689 0.6616 220 225 230
0.0005 2.8663 0.7196 220 225 230
-0.0091 2.8681 0.7771 220 225 230
-0.0012 2.8642 0.8314 220 225 230
-0.0035 2.8609 0.8784 220 225 230
-0.0029 2.8647 0.9384 220 225 230
-0.0003 2.8778 0.9956 220 225 230
-0.0002 2.8680 1.0416 220 225 230
0.0034 2.8625 1.0981 220 225 230
-0.0076 2.8742 1.1569 220 225 230
-0.0044 2.8674 1.2129 220 225 230
-0.0034 2.8687 1.2590 220 225 230
0.0022 2.8601 1.3263 220 225 230
-0.0043 2.8662 1.3711 220 225 230
0.0036 2.8666 1.4337 220 225 230
-0.0007 2.8684 1.4913 220 225 230
0.0024 2.8710 1.5332 220 225 230
-0.0022 2.8650 1.6026 220 225 230
0.0013 2.8720 1.6545 220 225 230
0.0035 2.8658 1.7038 220 225 230
-0.0059 2.8699 1.7629 220 225 230
-0.0004 2.8709 1.8184 220 225 230
-0.0040 2.8658 1.8771 220 225 230
0.0050 2.8664 1.9373 220 225 230
-0.0029 2.8609 1.9843 220 225 230
0.0016 2.8657 2.0379 220 225 230
-0.0009 2.8653 2.0903 220 225 230
0.0012 2.8641 2.1468 220 225 230
-0.0019 2.8629 2.2068 220 225 230
-0.0064 2.8658 2.2539 220 225 230
0.0036 2.8666 2.3136 220 225 230
0.0004 2.8701 2.3605 220 225 230
-0.0030 2.8678 2.4236 220 225 230
-0.0003 2.8696 2.4814 220 225 230
-0.0006 2.8684 2.5313 220 225 230
-0.0054 2.8625 2.5903 220 225 230
-0.0003 2.8659 2.6479 220 225 230
-0.0068 2.8653 2.6968 220 225 230
-0.0005 2.9305 -0.0045 220 225 230
-0.0040 2.9228 0.0556 220 225 230
0.0030 2.9280 0.1138 220 225 230
-0.0015 2.9307 0.1688 220 225 230
-0.0012 2.9275 0.2228 220 225 230
-0.0045 2.9286 0.2754 220 225 230
0.0035 2.9222 0.3307 220 225 230
-0.0073 2.9314 0.3910 220 225 230
0.0044 2.9294 0.4422 220 225 230
-0.0042 2.9375 0.4954 220 225 230
0.0022 2.9351 0.5548 220 225 230
-0.0034 2.9256 0.6038 220 225 230
-0.0041 2.9301 0.6575 220 225 230
-0.0005 2.9279 0.7137 220 225 230
-0.0063 2.9295 0.7761 220 225 230
-0.0034 2.9232 0.8329 220 225 230
0.0034 2.9299 0.8820 220 225 230
0.0043 2.9280 0.9418 220 225 230
-0.0034 2.9296 0.9889 220 225 230
-0.0045 2.9289 1.0435 220 225 230
-0.0029 2.9341 1.0977 220 225 230
-0.0007 2.9324 1.1646 220 225 230
-0.0077 2.9338 1.2125 220 225 230
-0.0020 2.9333 1.2673 220 225 230
-0.0025 2.9239 1.3184 220 225 230
-0.0012 2.9290 1.3742 220 225 230
0.0003 2.9290 1.4299 220 225 230
0.0032 2.9310 1.4854 220 225 230
0.0031 2.9271 1.5470 220 225 230
0.0008 2.9261 1.5953 220 225 230
0.0036 2.9245 1.6539 220 225 230
-0.0012 2.9304 1.7106 220 225 230
0.0049 2.9251 1.7688 220 225 230
-0.0039 2.9297 1.8172 220 225 230
-0.0060 2.9289 1.8738 220 225 230
0.0002 2.9311 1.9274 220 225 230
-0.0046 2.9341 1.9813 220 225 230
-0.0013 2.9278 2.0319 220 225 230
0.0041 2.9282 2.0960 220 225 230
-0.0050 2.9272 2.1472 220 225 230
0.0018 2.9237 2.2065 220 225 230
-0.0022 2.9303 2.2551 220 225 230
0.0061 2.9303 2.3138 220 225 230
-0.0019 2.9289 2.3701 220 225 230
-0.0059 2.9317 2.4183 220 225 230
-0.0030 2.9406 2.4835 220 225 230
0.0026 2.9289 2.5342 220 225 230
-0.0028 2.9207 2.5884 220 225 230
-0.0046 2.9272 2.6514 220 225 230
0.0017 2.9288 2.6996 220 225 230
-0.0071 2.9893 0.0069 220 225 230
-0.0043 2.9869 0.0498 220 225 230
-0.0040 3.0013 0.1109 220 225 230
-0.0088 2.9930 0.1680 220 225 230
-0.0083 2.9876 0.2104 220 225 230
-0.0017 2.9907 0.2736 220 225 230
-0.0025 2.9931 0.3298 220 225 230
0.0042 2.9954 0.3824 220 225 230
-0.0026 2.9929 0.4407 220 225 230
-0.0049 2.9878 0.4866 220 225 230
0.0026 2.9928 0.5533 220 225 230
-0.0025 2.9927 0.6082 220 225 230
0.0087 2.9942 0.6658 220 225 230
-0.0020 2.9881 0.7169 220 225 230
0.0057 2.9899 0.7717 220 225 230
-0.0032 2.9923 0.8313 220 225 230
0.0012 2.9906 0.8867 220 225 230
-0.0044 2.9954 0.9357 220 225 230
-0.0021 2.9971 0.9921 220 225 230
0.0006 2.9889 1.0488 220 225 230
-0.0011 2.9869 1.1005 220 225 230
0.0042 2.9966 1.1633 220 225 230
0.0008 2.9926 1.2124 220 225 230
-0.0001 2.9924 1.2649 220 225 230
-0.0035 2.9930 1.3193 220 225 230
-0.0008 2.9975 1.3826 220 225 230
-0.0000 2.9871 1.4328 220 225 230
0.0015 2.9891 1.4921 220 225 230
0.0029 2.9948 1.5416 220 225 230
-0.0017 2.9904 1.6006 220 225 230
0.0038 2.9902 1.6509 220 225 230
0.0023 2.9823 1.7095 220 225 230
-0.0029 2.9934 1.7592 220 225 230
-0.0090 2.9938 1.8142 220 225 230
-0.0035 2.9851 1.8767 220 225 230
-0.0093 2.9889 1.9290 220 225 230
-0.0053 2.9919 1.9812 220 225 230
0.0067 2.9881 2.0421 220 225 230
0.0027 2.9942 2.0923 220 225 230
0.0025 2.9943 2.1556 220 225 230
-0.0030 2.9941 2.2063 220 225 230
-0.0096 2.9921 2.2592 220 225 230
-0.0007 2.9876 2.3091 220 225 230
-0.0037 2.9950 2.3674 220 225 230
-0.0030 2.9910 2.4224 220 225 230
0.0022 2.9937 2.4891 220 225 230
-0.0015 2.9882 2.5301 220 225 230
0.0069 2.9987 2.5949 220 225 230
0.0043 2.9953 2.6462 220 225 230
-0.0001 2.9938 2.7040 220 225 230
0.0027 3.0590 -0.0029 220 225 230
-0.0024 3.0624 0.0454 220 225 230
0.0064 3.0510 0.1056 220 225 230
-0.0008 3.0547 0.1622 220 225 230
0.0035 3.0496 0.2202 220 225 230
0.0058 3.0564 0.2685 220 225 230
0.0006 3.0495 0.3283 220 225 230
-0.0007 3.0572 0.3824 220 225 230
0.0024 3.0521 0.4390 220 225 230
0.0022 3.0516 0.4941 220 225 230
-0.0061 3.0579 0.5481 220 225 230
0.0049 3.0478 0.6001 220 225 230
-0.0051 3.0537 0.6598 220 225 230
-0.0026 3.0547 0.7161 220 225 230
0.0006 3.0632 0.7675 220 225 230
-0.0023 3.0535 0.8304 220 225 230
0.0063 3.0479 0.8745 220 225 230
0.0028 3.0546 0.9338 220 225 230
-0.0022 3.0507 0.9990 220 225 230
-0.0025 3.0574 1.0484 220 225 230
-0.0020 3.0520 1.1048 220 225 230
-0.0006 3.0583 1.1552 220 225 230
-0.0011 3.0612 1.2090 220 225 230
0.0071 3.0549 1.2617 220 225 230
0.0009 3.0503 1.3257 220 225 230
-0.0002 3.0544 1.3852 220 225 230
0.0042 3.0493 1.4376 220 225 230
0.0010 3.0602 1.4875 220 225 230
-0.0004 3.0552 1.5459 220 225 230
-0.0003 3.0522 1.6009 220 225 230
0.0036 3.0615 1.6506 220 225 230
0.0062 3.0578 1.7088 220 225 230
0.0013 3.0567 1.7636 220 225 230
0.0072 3.0588 1.8169 220 225 230
0.0063 3.0521 1.8758 220 225 230
-0.0034 3.0533 1.9336 220 225 230
-0.0073 3.0580 1.9868 220 225 230
0.0025 3.0611 2.0381 220 225 230
0.0040 3.0534 2.0956 220 225 230
-0.0011 3.0502 2.1453 220 225 230
0.0031 3.0549 2.1997 220 225 230
0.0048 3.0556 2.2540 220 225 230
-0.0046 3.0511 2.3160 220 225 230
-0.0052 3.0525 2.3683 220 225 230
0.0007 3.0544 2.4260 220 225 230
-0.0047 3.0563 2.4810 220 225 230
0.0019 3.0543 2.5430 220 225 230
-0.0063 3.0521 2.5930 220 225 230
-0.0052 3.0555 2.6454 220 225 230
0.0033 3.0526 2.7040 220 225 230
-0.0046 3.1143 0.0059 220 225 230
-0.0011 3.1198 0.0514 220 225 230
-0.0057 3.1202 0.1132 220 225 230
-0.0053 3.1216 0.1672 220 225 230
0.0030 3.1168 0.2178 220 225 230
-0.0017 3.1066 0.2762 220 225 230
-0.0001 3.1132 0.3257 220 225 230
-0.0030 3.1152 0.3877 220 225 230
0.0041 3.1118 0.4457 220 225 230
-0.0021 3.1146 0.4927 220 225 230
-0.0038 3.1224 0.5511 220 225 230
-0.0016 3.1105 0.6057 220 225 230
-0.0002 3.1191 0.6596 220 225 230
0.0058 3.1163 0.7216 220 225 230
0.0027 3.1187 0.7696 220 225 230
0.0034 3.1143 0.8285 220 225 230
-0.0051 3.1206 0.8811 220 225 230
0.0048 3.1189 0.9356 220 225 230
0.0028 3.1152 0.9943 220 225 230
0.0020 3.1090 1.0551 220 225 230
-0.0036 3.1170 1.1021 220 225 230
-0.0009 3.1115 1.1586 220 225 230
-0.0058 3.1157 1.2090 220 225 230
-0.0003 3.1174 1.2647 220 225 230
0.0006 3.1229 1.3189 220 225 230
0.0047 3.1136 1.3768 220 225 230
0.0034 3.1241 1.4347 220 225 230
0.0001 3.1152 1.4854 220 225 230
0.0051 3.1212 1.5470 220 225 230
-0.0045 3.1138 1.5998 220 225 230
0.0056 3.1130 1.6457 220 225 230
-0.0041 3.1194 1.7109 220 225 230
0.0007 3.1180 1.7631 220 225 230
0.0003 3.1152 1.8157 220 225 230
-0.0035 3.1227 1.8767 220 225 230
-0.0029 3.1164 1.9274 220 225 230
0.0022 3.1235 1.9917 220 225 230
0.0026 3.1227 2.0399 220 225 230
0.0009 3.1146 2.0949 220 225 230
0.0042 3.1193 2.1472 220 225 230
0.0001 3.1236 2.2079 220 225 230
0.0062 3.1177 2.2595 220 225 230
-0.0008 3.1193 2.3178 220 225 230
0.0029 3.1162 2.3643 220 225 230
-0.0050 3.1126 2.4232 220 225 230
-0.0026 3.1145 2.4795 220 225 230
0.0033 3.1145 2.5363 220 225 230
-0.0045 3.1189 2.5906 220 225 230
-0.0011 3.1156 2.6436 220 225 230
0.0012 3.1130 2.6951 220 225 230
-0.0044 3.1829 -0.0065 220 225 230
0.0013 3.1763 0.0563 220 225 230
0.0038 3.1833 0.1133 220 225 230
0.0076 3.1796 0.1628 220 225 230
0.0051 3.1829 0.2205 220 225 230
0.0010 3.1828 0.2700 220 225 230
-0.0073 3.1756 0.3358 220 225 230
-0.0010 3.1780 0.3931 220 225 230
0.0028 3.1721 0.4351 220 225 230
-0.0024 3.1786 0.4913 220 225 230
0.0057 3.1737 0.5551 220 225 230
0.0030 3.1747 0.6073 220 225 230
0.0005 3.1777 0.6535 220 225 230
0.0054 3.1791 0.7170 220 225 230
-0.0029 3.1726 0.7716 220 225 230
0.0010 3.1717 0.8279 220 225 230
-0.0052 3.1767 0.8797 220 225 230
-0.0043 3.1785 0.9352 220 225 230
-0.0003 3.1844 0.9976 220 225 230
-0.0029 3.1759 1.0491 220 225 230
0.0056 3.1851 1.0999 220 225 230
-0.0052 3.1789 1.1603 220 225 230
0.0066 3.1796 1.2089 220 225 230
-0.0009 3.1769 1.2698 220 225 230
-0.0017 3.1861 1.3256 220 225 230
0.0040 3.1832 1.3801 220 225 230
-0.0000 3.1815 1.4382 220 225 230
0.0008 3.1836 1.4941 220 225 230
0.0107 3.1776 1.5492 220 225 230
0.0010 3.1747 1.5951 220 225 230
0.0011 3.1762 1.6615 220 225 230
0.0048 3.1761 1.7161 220 225 230
0.0102 3.1791 1.7551 220 225 230
-0.0068 3.1767 1.8165 220 225 230
-0.0005 3.1721 1.8728 220 225 230
-0.0009 3.1771 1.9231 220 225 230
0.0047 3.1782 1.9795 220 225 230
-0.0034 3.1733 2.0325 220 225 230
0.0016 3.1720 2.0924 220 225 230
-0.0014 3.1727 2.1514 220 225 230
0.0030 3.1753 2.2018 220 225 230
0.0031 3.1775 2.2610 220 225 230
0.0003 3.1817 2.3202 220 225 230
0.0045 3.1813 2.3677 220 225 230
0.0034 3.1800 2.4246 220 225 230
0.0042 3.1830 2.4748 220 225 230
-0.0001 3.1755 2.5302 220 225 230
0.0015 3.1817 2.5972 220 225 230
-0.0040 3.1753 2.6394 220 225 230
-0.0003 3.1750 2.7012 220 225 230
-0.0022 3.2383 0.0068 220 225 230
-0.0007 3.2400 0.0538 220 225 230
0.0030 3.2391 0.1100 220 225 230
0.0001 3.2480 0.1610 220 225 230
0.0013 3.2365 0.2231 220 225 230
0.0030 3.2398 0.2794 220 225 230
0.0042 3.2418 0.3285 220 225 230
0.0089 3.2444 0.3912 220 225 230
-0.0035 3.2375 0.4395 220 225 230
0.0045 3.2383 0.4998 220 225 230
-0.0054 3.2421 0.5572 220 225 230
-0.0005 3.2400 0.6027 220 225 230
-0.0024 3.2402 0.6679 220 225 230
0.0012 3.2425 0.7176 220 225 230
0.0016 3.2385 0.7688 220 225 230
-0.0007 3.2397 0.8268 220 225 230
-0.0051 3.2402 0.8709 220 225 230
0.0038 3.2355 0.9325 220 225 230
-0.0018 3.2400 0.9904 220 225 230
-0.0018 3.2464 1.0427 220 225 230
-0.0056 3.2473 1.1041 220 225 230
0.0003 3.2355 1.1601 220 225 230
-0.0037 3.2432 1.2150 220 225 230
0.0010 3.2429 1.2577 220 225 230
0.0010 3.2397 1.3196 220 225 230
-0.0018 3.2392 1.3862 220 225 230
0.0049 3.2406 1.4420 220 225 230
0.0012 3.2481 1.4872 220 225 230
-0.0005 3.2294 1.5441 220 225 230
-0.0008 3.2393 1.5947 220 225 230
0.0029 3.2410 1.6522 220 225 230
-0.0008 3.2432 1.7107 220 225 230
-0.0022 3.2419 1.7648 220 225 230
-0.0038 3.2359 1.8158 220 225 230
-0.0013 3.2270 1.8748 220 225 230
0.0003 3.2414 1.9316 220 225 230
-0.0091 3.2368 1.9819 220 225 230
-0.0002 3.2463 2.0403 220 225 230
-0.0050 3.2453 2.0963 220 225 230
0.0044 3.2417 2.1484 220 225 230
0.0036 3.2433 2.2081 220 225 230
0.0012 3.2442 2.2552 220 225 230
0.0017 3.2432 2.3162 220 225 230
-0.0003 3.2482 2.3690 220 225 230
-0.0031 3.2378 2.4193 220 225 230
0.0026 3.2444 2.4753 220 225 230
-0.0002 3.2485 2.5300 220 225 230
-0.0033 3.2465 2.5886 220 225 230
0.0003 3.2442 2.6400 220 225 230
-0.0048 3.2462 2.7034 220 225 230
0.0015 3.3020 0.0041 220 225 230
0.0022 3.2998 0.0547 220 225 230
0.0044 3.3014 0.1103 220 225 230
-0.0053 3.3000 0.1663 220 225 230
-0.0006 3.3055 0.2213 220 225 230
-0.0032 3.2949 0.2730 220 225 230
-0.0035 3.3018 0.3340 220 225 230
-0.0091 3.2975 0.3879 220 225 230
-0.0053 3.3064 0.4431 220 225 230
-0.0029 3.3084 0.5011 220 225 230
0.0029 3.3061 0.5517 220 225 230
-0.0016 3.3033 0.6064 220 225 230
0.0009 3.3026 0.6554 220 225 230
-0.0039 3.3043 0.7179 220 225 230
-0.0041 3.3014 0.7721 220 225 230
-0.0003 3.3019 0.8230 220 225 230
0.0027 3.2986 0.8849 220 225 230
-0.0005 3.3082 0.9359 220 225 230
0.0031 3.3054 0.9921 220 225 230
-0.0016 3.2995 1.0492 220 225 230
0.0039 3.3062 1.0963 220 225 230
-0.0070 3.3067 1.1555 220 225 230
-0.0041 3.3069 1.2160 220 225 230
-0.0050 3.2969 1.2684 220 225 230
0.0011 3.3086 1.3201 220 225 230
-0.0029 3.3129 1.3759 220 225 230
0.0010 3.3043 1.4373 220 225 230
-0.0022 3.3006 1.4876 220 225 230
-0.0025 3.2957 1.5352 220 225 230
-0.0021 3.3070 1.5965 220 225 230
0.0007 3.3062 1.6531 220 225 230
-0.0023 3.3014 1.7030 220 225 230
0.0030 3.3091 1.7612 220 225 230
-0.0001 3.3020 1.8232 220 225 230
-0.0024 3.3003 1.8801 220 225 230
0.0083 3.2945 1.9247 220 225 230
0.0104 3.3057 1.9792 220 225 230
0.0040 3.3089 2.0434 220 225 230
-0.0003 3.3094 2.0903 220 225 230
0.0055 3.3046 2.1458 220 225 230
-0.0091 3.2995 2.2048 220 225 230
-0.0008 3.2966 2.2570 220 225 230
0.0028 3.3004 2.3099 220 225 230
-0.0023 3.3030 2.3716 220 225 230
-0.0081 3.3026 2.4201 220 225 230
-0.0013 3.3076 2.4718 220 225 230
-0.0033 3.3103 2.5278 220 225 230
-0.0052 3.3106 2.5825 220 225 230
0.0039 3.2999 2.6370 220 225 230
0.0044 3.3056 2.7023 220 225 230
0.0062 3.3691 -0.0044 220 225 230
0.0024 3.3590 0.0539 220 225 230
-0.0051 3.3644 0.1117 220 225 230
0.0004 3.3600 0.1582 220 225 230
0.0012 3.3715 0.2277 220 225 230
0.0047 3.3638 0.2668 220 225 230
-0.0041 3.3709 0.3298 220 225 230
-0.0001 3.3724 0.3877 220 225 230
-0.0002 3.3610 0.4433 220 225 230
0.0069 3.3683 0.4952 220 225 230
0.0041 3.3657 0.5591 220 225 230
0.0047 3.3638 0.6103 220 225 230
-0.0014 3.3674 0.6670 220 225 230
0.0093 3.3638 0.7150 220 225 230
-0.0114 3.3688 0.7718 220 225 230
0.0065 3.3700 0.8209 220 225 230
-0.0031 3.3605 0.8804 220 225 230
-0.0069 3.3650 0.9325 220 225 230
0.0012 3.3626 0.9901 220 225 230
-0.0004 3.3700 1.0457 220 225 230
0.0002 3.3597 1.1012 220 225 230
-0.0045 3.3683 1.1555 220 225 230
-0.0037 3.3569 1.2080 220 225 230
-0.0042 3.3614 1.2676 220 225 230
0.0042 3.3640 1.3231 220 225 230
0.0010 3.3658 1.3817 220 225 230
-0.0031 3.3671 1.4361 220 225 230
0.0009 3.3655 1.4793 220 225 230
0.0063 3.3715 1.5445 220 225 230
-0.0038 3.3710 1.5963 220 225 230
-0.0012 3.3673 1.6533 220 225 230
-0.0040 3.3686 1.7126 220 225 230
0.0051 3.3681 1.7751 220 225 230
0.0026 3.3673 1.8166 220 225 230
-0.0036 3.3683 1.8744 220 225 230
0.0022 3.3628 1.9287 220 225 230
0.0035 3.3689 1.9943 220 225 230
0.0069 3.3673 2.0369 220 225 230
0.0064 3.3627 2.0907 220 225 230
0.0025 3.3677 2.1547 220 225 230
-0.0001 3.3712 2.2012 220 225 230
-0.0040 3.3695 2.2613 220 225 230
0.0060 3.3715 2.3188 220 225 230
0.0031 3.3677 2.3719 220 225 230
-0.0033 3.3677 2.4257 220 225 230
0.0018 3.3651 2.4761 220 225 230
0.0086 3.3608 2.5341 220 225 230
-0.0041 3.3647 2.5971 220 225 230
0.0036 3.3657 2.6430 220 225 230
0.0021 3.3703 2.6988 220 225 230
0.0045 3.4296 -0.0100 220 225 230
-0.0062 3.4242 0.0493 220 225 230
-0.0072 3.4324 0.1104 220 225 230
-0.0053 3.4275 0.1643 220 225 230
-0.0054 3.4246 0.2245 220 225 230
0.0046 3.4207 0.2824 220 225 230
0.0029 3.4272 0.3302 220 225 230
-0.0012 3.4246 0.3904 220 225 230
-0.0067 3.4262 0.4299 220 225 230
0.0023 3.4263 0.4979 220 225 230
-0.0044 3.4290 0.5537 220 225 230
-0.0005 3.4298 0.6035 220 225 230
-0.0058 3.4278 0.6593 220 225 230
0.0042 3.4238 0.7164 220 225 230
-0.0021 3.4300 0.7713 220 225 230
-0.0013 3.4293 0.8237 220 225 230
0.0046 3.4300 0.8867 220 225 230
0.0024 3.4262 0.9342 220 225 230
-0.0022 3.4224 0.9941 220 225 230
-0.0037 3.4337 1.0444 220 225 230
-0.0016 3.4277 1.1113 220 225 230
-0.0008 3.4329 1.1602 220 225 230
0.0065 3.4290 1.2104 220 225 230
0.0042 3.4268 1.2698 220 225 230
-0.0034 3.4311 1.3244 220 225 230
0.0011 3.4243 1.3762 220 225 230
-0.0055 3.4317 1.4312 220 225 230
0.0035 3.4268 1.4876 220 225 230
0.0069 3.4253 1.5429 220 225 230
0.0051 3.4288 1.5976 220 225 230
-0.0033 3.4385 1.6564 220 225 230
-0.0039 3.4332 1.7078 220 225 230
0.0038 3.4246 1.7618 220 225 230
-0.0032 3.4330 1.8171 220 225 230
0.0009 3.4305 1.8755 220 225 230
0.0065 3.4264 1.9302 220 225 230
-0.0024 3.4278 1.9830 220 225 230
-0.0035 3.4266 2.0353 220 225 230
0.0056 3.4311 2.0949 220 225 230
0.0063 3.4312 2.1502 220 225 230
0.0004 3.4311 2.2088 220 225 230
-0.0016 3.4309 2.2562 220 225 230
0.0038 3.4322 2.3129 220 225 230
-0.0049 3.4199 2.3689 220 225 230
0.0006 3.4230 2.4197 220 225 230
-0.0040 3.4263 2.4731 220 225 230
-0.0063 3.4310 2.5379 220 225 230
0.0044 3.4286 2.5905 220 225 230
0.0015 3.4237 2.6477 220 225 230
0.0009 3.4314 2.7005 220 225 230
-0.0011 3.4935 -0.0075 220 225 230
0.0006 3.4862 0.0518 220 225 230
-0.0064 3.4993 0.1110 220 225 230
-0.0024 3.4850 0.1610 220 225 230
0.0033 3.4933 0.2189 220 225 230
0.0036 3.4872 0.2815 220 225 230
-0.0049 3.4892 0.3313 220 225 230
-0.0079 3.4818 0.3891 220 225 230
-0.0061 3.4919 0.4443 220 225 230
-0.0032 3.4926 0.4945 220 225 230
-0.0018 3.4961 0.5533 220 225 230
-0.0012 3.4935 0.6120 220 225 230
0.0015 3.4900 0.6591 220 225 230
-0.0077 3.4910 0.7236 220 225 230
0.0003 3.4861 0.7720 220 225 230
0.0008 3.4919 0.8261 220 225 230
-0.0093 3.4850 0.8848 220 225 230
-0.0029 3.4917 0.9390 220 225 230
0.0032 3.4828 0.9883 220 225 230
0.0033 3.4827 1.0471 220 225 230
0.0006 3.4841 1.1052 220 225 230
0.0056 3.4793 1.1568 220 225 230
0.0011 3.4888 1.2142 220 225 230
-0.0007 3.4913 1.2636 220 225 230
0.0072 3.4924 1.3214 220 225 230
0.0148 3.4937 1.3705 220 225 230
0.0050 3.4892 1.4288 220 225 230
-0.0004 3.4915 1.4898 220 225 230
0.0081 3.4855 1.5394 220 225 230
0.0050 3.4901 1.5949 220 225 230
0.0019 3.4912 1.6562 220 225 230
0.0001 3.4900 1.7036 220 225 230
-0.0032 3.4993 1.7643 220 225 230
-0.0056 3.4910 1.8170 220 225 230
-0.0016 3.4886 1.8705 220 225 230
0.0018 3.5042 1.9350 220 225 230
-0.0101 3.4874 1.9870 220 225 230
-0.0027 3.4889 2.0389 220 225 230
-0.0045 3.4939 2.0915 220 225 230
-0.0023 3.4880 2.1513 220 225 230
0.0006 3.4879 2.2035 220 225 230
0.0018 3.4947 2.2638 220 225 230
0.0052 3.4894 2.3084 220 225 230
-0.0032 3.4907 2.3635 220 225 230
0.0041 3.4917 2.4262 220 225 230
-0.0073 3.4898 2.4770 220 225 230
-0.0035 3.4927 2.5350 220 225 230
-0.0074 3.4989 2.5915 220 225 230
-0.0093 3.4944 2.6392 220 225 230
-0.0007 3.4825 2.6997 220 225 230
0.0016 3.5580 -0.0001 220 225 230
0.0045 3.5603 0.0541 220 225 230
-0.0017 3.5569 0.1111 220 225 230
-0.0030 3.5530 0.1690 220 225 230
0.0048 3.5585 0.2221 220 225 230
-0.0021 3.5576 0.2756 220 225 230
-0.0007 3.5520 0.3315 220 225 230
0.0073 3.5515 0.3879 220 225 230
-0.0016 3.5467 0.4433 220 225 230
-0.0016 3.5541 0.5008 220 225 230
0.0051 3.5530 0.5519 220 225 230
0.0035 3.5530 0.6070 220 225 230
-0.0082 3.5501 0.6664 220 225 230
0.0027 3.5531 0.7180 220 225 230
-0.0046 3.5451 0.7692 220 225 230
0.0050 3.5538 0.8324 220 225 230
-0.0011 3.5542 0.8756 220 225 230
-0.0045 3.5561 0.9341 220 225 230
0.0070 3.5576 0.9905 220 225 230
-0.0044 3.5449 1.0475 220 225 230
0.0036 3.5515 1.1036 220 225 230
0.0058 3.5597 1.1547 220 225 230
-0.0056 3.5550 1.2082 220 225 230
0.0055 3.5495 1.2669 220 225 230
0.0041 3.5564 1.3220 220 225 230
0.0040 3.5519 1.3789 220 225 230
-0.0012 3.5462 1.4288 220 225 230
-0.0039 3.5543 1.4799 220 225 230
0.0023 3.5532 1.5414 220 225 230
0.0011 3.5550 1.5959 220 225 230
-0.0006 3.5519 1.6509 220 225 230
-0.0039 3.5481 1.7049 220 225 230
0.0050 3.5511 1.7620 220 225 230
-0.0040 3.5526 1.8256 220 225 230
-0.0019 3.5500 1.8720 220 225 230
-0.0001 3.5511 1.9235 220 225 230
0.0018 3.5491 1.9861 220 225 230
-0.0016 3.5464 2.0377 220 225 230
-0.0082 3.5564 2.0965 220 225 230
0.0063 3.5461 2.1411 220 225 230
0.0006 3.5512 2.2028 220 225 230
0.0032 3.5560 2.2637 220 225 230
0.0008 3.5599 2.3154 220 225 230
-0.0033 3.5541 2.3704 220 225 230
-0.0053 3.5580 2.4200 220 225 230
0.0037 3.5510 2.4758 220 225 230
-0.0025 3.5557 2.5353 220 225 230
0.0016 3.5544 2.5917 220 225 230
-0.0068 3.5504 2.6495 220 225 230
-0.0042 3.5476 2.6944 220 225 230
0.0023 3.6101 0.0001 220 225 230
-0.0011 3.6132 0.0575 220 225 230
0.0021 3.6209 0.1110 220 225 230
0.0026 3.6153 0.1585 220 225 230
0.0002 3.6062 0.2267 220 225 230
0.0024 3.6146 0.2731 220 225 230
-0.0048 3.6044 0.3362 220 225 230
-0.0069 3.6170 0.3821 220 225 230
-0.0072 3.6120 0.4375 220 225 230
-0.0022 3.6127 0.4916 220 225 230
-0.0018 3.6095 0.5508 220 225 230
-0.0009 3.6117 0.6023 220 225 230
0.0034 3.6200 0.6570 220 225 230
-0.0001 3.6147 0.7092 220 225 230
-0.0068 3.6070 0.7632 220 225 230
0.0069 3.6140 0.8194 220 225 230
-0.0007 3.6201 0.8866 220 225 230
-0.0078 3.6149 0.9328 220 225 230
-0.0034 3.6172 0.9897 220 225 230
0.0003 3.6094 1.0475 220 225 230
-0.0045 3.6076 1.1047 220 225 230
0.0006 3.6173 1.1555 220 225 230
0.0044 3.6113 1.2116 220 225 230
0.0046 3.6098 1.2666 220 225 230
-0.0041 3.6138 1.3191 220 225 230
0.0049 3.6118 1.3783 220 225 230
-0.0024 3.6149 1.4333 220 225 230
-0.0030 3.6148 1.4806 220 225 230
-0.0016 3.6177 1.5469 220 225 230
-0.0001 3.6154 1.5901 220 225 230
0.0006 3.6183 1.6474 220 225 230
0.0017 3.6096 1.6984 220 225 230
0.0001 3.6117 1.7591 220 225 230
0.0096 3.6158 1.8278 220 225 230
0.0025 3.6124 1.8683 220 225 230
0.0023 3.6145 1.9252 220 225 230
0.0053 3.6189 1.9892 220 225 230
-0.0009 3.6195 2.0403 220 225 230
-0.0007 3.6165 2.0909 220 225 230
-0.0005 3.6142 2.1411 220 225 230
0.0018 3.6139 2.2044 220 225 230
-0.0046 3.6151 2.2619 220 225 230
-0.0041 3.6140 2.3110 220 225 230
-0.0027 3.6021 2.3707 220 225 230
-0.0024 3.6129 2.4256 220 225 230
0.0014 3.6129 2.4763 220 225 230
-0.0023 3.6161 2.5356 220 225 230
-0.0004 3.6170 2.5781 220 225 230
0.0042 3.6150 2.6496 220 225 230
-0.0040 3.6078 2.6958 220 225 230
-0.0001 3.6832 -0.0035 220 225 230
0.0002 3.6878 0.0532 220 225 230
-0.0034 3.6777 0.1154 220 225 230
-0.0049 3.6723 0.1635 220 225 230
0.0041 3.6796 0.2144 220 225 230
0.0054 3.6774 0.2695 220 225 230
0.0053 3.6737 0.3305 220 225 230
0.0076 3.6745 0.3819 220 225 230
0.0032 3.6780 0.4459 220 225 230
-0.0025 3.6733 0.4931 220 225 230
0.0025 3.6784 0.5466 220 225 230
-0.0083 3.6735 0.6016 220 225 230
0.0057 3.6770 0.6581 220 225 230
0.0064 3.6785 0.7169 220 225 230
0.0010 3.6763 0.7685 220 225 230
-0.0008 3.6806 0.8272 220 225 230
-0.0105 3.6760 0.8877 220 225 230
0.0035 3.6798 0.9410 220 225 230
-0.0050 3.6775 0.9978 220 225 230
0.0007 3.6763 1.0493 220 225 230
0.0070 3.6810 1.1012 220 225 230
-0.0010 3.6742 1.1626 220 225 230
0.0034 3.6734 1.2158 220 225 230
-0.0030 3.6749 1.2703 220 225 230
-0.0089 3.6777 1.3284 220 225 230
0.0000 3.6742 1.3817 220 225 230
-0.0038 3.6745 1.4385 220 225 230
0.0029 3.6856 1.4935 220 225 230
0.0059 3.6723 1.5411 220 225 230
-0.0050 3.6819 1.5974 220 225 230
-0.0026 3.6780 1.6581 220 225 230
-0.0028 3.6834 1.7101 220 225 230
0.0008 3.6743 1.7561 220 225 230
0.0036 3.6762 1.8142 220 225 230
0.0002 3.6786 1.8803 220 225 230
0.0031 3.6818 1.9328 220 225 230
0.0035 3.6811 1.9832 220 225 230
0.0026 3.6775 2.0446 220 225 230
-0.0025 3.6722 2.0960 220 225 230
0.0036 3.6855 2.1575 220 225 230
-0.0012 3.6802 2.2041 220 225 230
0.0011 3.6814 2.2611 220 225 230
0.0018 3.6713 2.3176 220 225 230
0.0029 3.6753 2.3732 220 225 230
-0.0012 3.6744 2.4284 220 225 230
-0.0018 3.6800 2.4764 220 225 230
0.0006 3.6750 2.5309 220 225 230
-0.0001 3.6748 2.5912 220 225 230
0.0099 3.6751 2.6420 220 225 230
0.0047 3.6761 2.7042 220 225 230
0.0011 3.7349 0.0034 220 225 230
0.0035 3.7336 0.0623 220 225 230
0.0004 3.7382 0.1109 220 225 230
0.0011 3.7395 0.1671 220 225 230
-0.0023 3.7327 0.2197 220 225 230
0.0033 3.7400 0.2686 220 225 230
0.0015 3.7337 0.3328 220 225 230
-0.0001 3.7365 0.3872 220 225 230
-0.0036 3.7471 0.4389 220 225 230
-0.0034 3.7386 0.4843 220 225 230
-0.0017 3.7367 0.5468 220 225 230
-0.0004 3.7417 0.6041 220 225 230
-0.0052 3.7396 0.6593 220 225 230
0.0069 3.7392 0.7189 220 225 230
-0.0025 3.7371 0.7689 220 225 230
0.0016 3.7389 0.8336 220 225 230
0.0014 3.7417 0.8799 220 225 230
0.0069 3.7356 0.9378 220 225 230
0.0131 3.7416 0.9883 220 225 230
0.0027 3.7390 1.0475 220 225 230
0.0017 3.7357 1.0903 220 225 230
-0.0030 3.7375 1.1553 220 225 230
0.0073 3.7323 1.2141 220 225 230
-0.0039 3.7360 1.2687 220 225 230
0.0041 3.7386 1.3318 220 225 230
0.0013 3.7404 1.3829 220 225 230
-0.0011 3.7365 1.4360 220 225 230
-0.0066 3.7362 1.4930 220 225 230
0.0003 3.7462 1.5369 220 225 230
0.0021 3.7454 1.5980 220 225 230
0.0037 3.7414 1.6513 220 225 230
0.0026 3.7415 1.7131 220 225 230
-0.0001 3.7366 1.7613 220 225 230
0.0012 3.7350 1.8129 220 225 230
-0.0002 3.7367 1.8725 220 225 230
0.0029 3.7463 1.9294 220 225 230
-0.0050 3.7455 1.9821 220 225 230
-0.0004 3.7418 2.0387 220 225 230
0.0016 3.7415 2.0940 220 225 230
-0.0031 3.7367 2.1441 220 225 230
-0.0040 3.7390 2.2027 220 225 230
0.0034 3.7377 2.2570 220 225 230
-0.0041 3.7359 2.3111 220 225 230
0.0050 3.7457 2.3747 220 225 230
0.0042 3.7362 2.4185 220 225 230
-0.0039 3.7336 2.4783 220 225 230
-0.0026 3.7387 2.5338 220 225 230
-0.0026 3.7372 2.5942 220 225 230
-0.0025 3.7429 2.6470 220 225 230
-0.0016 3.7333 2.7056 220 225 230
-0.0062 3.8023 -0.0010 220 225 230
0.0053 3.7941 0.0624 220 225 230
-0.0031 3.8076 0.1163 220 225 230
0.0008 3.8041 0.1747 220 225 230
0.0019 3.7994 0.2144 220 225 230
0.0028 3.7989 0.2722 220 225 230
-0.0003 3.8025 0.3276 220 225 230
-0.0013 3.8040 0.3827 220 225 230
-0.0012 3.7990 0.4406 220 225 230
0.0053 3.7963 0.4882 220 225 230
0.0031 3.8011 0.5462 220 225 230
-0.0069 3.7967 0.6107 220 225 230
-0.0024 3.7970 0.6604 220 225 230
-0.0027 3.8036 0.7207 220 225 230
-0.0026 3.8115 0.7731 220 225 230
-0.0075 3.7988 0.8325 220 225 230
-0.0031 3.8004 0.8814 220 225 230
0.0046 3.8039 0.9354 220 225 230
0.0012 3.8037 0.9848 220 225 230
-0.0029 3.8041 1.0479 220 225 230
0.0019 3.7973 1.1005 220 225 230
-0.0006 3.8015 1.1518 220 225 230
0.0066 3.8044 1.2031 220 225 230
-0.0065 3.8086 1.2680 220 225 230
-0.0008 3.8002 1.3233 220 225 230
0.0027 3.8011 1.3779 220 225 230
0.0020 3.7989 1.4277 220 225 230
0.0011 3.7999 1.4906 220 225 230
-0.0053 3.8051 1.5440 220 225 230
0.0025 3.7967 1.6023 220 225 230
0.0086 3.7999 1.6557 220 225 230
0.0010 3.8036 1.7108 220 225 230
-0.0091 3.8080 1.7619 220 225 230
-0.0008 3.7951 1.8141 220 225 230
-0.0023 3.8046 1.8764 220 225 230
-0.0030 3.7999 1.9305 220 225 230
0.0027 3.8056 1.9861 220 225 230
0.0017 3.7988 2.0403 220 225 230
0.0014 3.7991 2.0923 220 225 230
0.0038 3.7889 2.1472 220 225 230
-0.0014 3.8078 2.2014 220 225 230
-0.0084 3.8045 2.2618 220 225 230
0.0015 3.8034 2.3080 220 225 230
0.0004 3.7976 2.3716 220 225 230
0.0012 3.8013 2.4247 220 225 230
-0.0022 3.7941 2.4784 220 225 230
0.0023 3.7984 2.5352 220 225 230
0.0005 3.7962 2.5876 220 225 230
0.0023 3.7980 2.6394 220 225 230
0.0066 3.7993 2.6935 220 225 230
0.0015 3.8727 -0.0056 220 225 230
-0.0033 3.8615 0.0506 220 225 230
-0.0042 3.8581 0.1103 220 225 230
-0.0059 3.8590 0.1597 220 225 230
-0.0022 3.8647 0.2175 220 225 230
-0.0043 3.8641 0.2771 220 225 230
-0.0003 3.8641 0.3265 220 225 230
-0.0014 3.8728 0.3807 220 225 230
0.0038 3.8684 0.4363 220 225 230
0.0039 3.8651 0.4885 220 225 230
-0.0036 3.8701 0.5473 220 225 230
0.0011 3.8666 0.6038 220 225 230
-0.0056 3.8550 0.6531 220 225 230
0.0072 3.8648 0.7141 220 225 230
0.0059 3.8657 0.7671 220 225 230
0.0015 3.8692 0.8302 220 225 230
0.0049 3.8635 0.8799 220 225 230
-0.0073 3.8658 0.9344 220 225 230
-0.0089 3.8594 0.9897 220 225 230
-0.0027 3.8619 1.0448 220 225 230
0.0018 3.8639 1.1055 220 225 230
0.0025 3.8617 1.1489 220 225 230
-0.0004 3.8678 1.2151 220 225 230
0.0059 3.8678 1.2726 220 225 230
-0.0007 3.8672 1.3213 220 225 230
-0.0027 3.8642 1.3746 220 225 230
-0.0010 3.8610 1.4362 220 225 230
0.0032 3.8627 1.4873 220 225 230
0.0071 3.8642 1.5462 220 225 230
0.0008 3.8652 1.5991 220 225 230
-0.0002 3.8572 1.6491 220 225 230
0.0002 3.8654 1.7204 220 225 230
0.0010 3.8558 1.7651 220 225 230
-0.0035 3.8696 1.8107 220 225 230
0.0068 3.8653 1.8846 220 225 230
-0.0011 3.8614 1.9315 220 225 230
0.0037 3.8651 1.9855 220 225 230
0.0002 3.8559 2.0475 220 225 230
0.0032 3.8692 2.0926 220 225 230
-0.0046 3.8575 2.1452 220 225 230
0.0030 3.8664 2.2117 220 225 230
0.0011 3.8632 2.2490 220 225 230
-0.0020 3.8621 2.3116 220 225 230
0.0007 3.8718 2.3647 220 225 230
0.0029 3.8635 2.4252 220 225 230
0.0036 3.8658 2.4803 220 225 230
-0.0009 3.8568 2.5372 220 225 230
0.0014 3.8627 2.5892 220 225 230
0.0002 3.8671 2.6417 220 225 230
-0.0045 3.8725 2.7021 220 225 230
0.0070 3.9277 0.0018 220 225 230
-0.0029 3.9243 0.0613 220 225 230
0.0039 3.9279 0.1170 220 225 230
-0.0017 3.9268 0.1665 220 225 230
-0.0001 3.9278 0.2212 220 225 230
-0.0009 3.9245 0.2784 220 225 230
-0.0000 3.9247 0.3301 220 225 230
-0.0015 3.9273 0.3846 220 225 230
-0.0058 3.9292 0.4489 220 225 230
0.0019 3.9234 0.5016 220 225 230
0.0016 3.9288 0.5517 220 225 230
0.0012 3.9210 0.6011 220 225 230
0.0025 3.9232 0.6690 220 225 230
0.0024 3.9375 0.7197 220 225 230
0.0077 3.9280 0.7673 220 225 230
0.0071 3.9259 0.8177 220 225 230
0.0057 3.9229 0.8805 220 225 230
-0.0058 3.9163 0.9362 220 225 230
-0.0028 3.9279 0.9939 220 225 230
0.0010 3.9266 1.0490 220 225 230
-0.0001 3.9285 1.0997 220 225 230
0.0022 3.9258 1.1609 220 225 230
-0.0003 3.9226 1.2073 220 225 230
0.0060 3.9256 1.2671 220 225 230
-0.0113 3.9279 1.3223 220 225 230
-0.0040 3.9172 1.3743 220 225 230
-0.0071 3.9276 1.4322 220 225 230
-0.0034 3.9233 1.4877 220 225 230
-0.0035 3.9226 1.5414 220 225 230
0.0021 3.9271 1.5965 220 225 230
-0.0056 3.9241 1.6521 220 225 230
-0.0038 3.9280 1.7052 220 225 230
-0.0053 3.9177 1.7696 220 225 230
-0.0030 3.9265 1.8137 220 225 230
0.0016 3.9314 1.8695 220 225 230
0.0009 3.9266 1.9273 220 225 230
0.0074 3.9318 1.9880 220 225 230
0.0045 3.9342 2.0389 220 225 230
0.0049 3.9295 2.0934 220 225 230
-0.0048 3.9316 2.1550 220 225 230
0.0036 3.9215 2.2104 220 225 230
0.0000 3.9298 2.2589 220 225 230
0.0042 3.9293 2.3163 220 225 230
0.0037 3.9197 2.3697 220 225 230
0.0038 3.9323 2.4230 220 225 230
-0.0018 3.9273 2.4779 220 225 230
-0.0029 3.9223 2.5364 220 225 230
-0.0072 3.9270 2.5885 220 225 230
-0.0008 3.9254 2.6451 220 225 230
0.0051 3.9273 2.6981 220 225 230
0.0047 3.9913 0.0031 220 225 230
-0.0043 3.9897 0.0534 220 225 230
-0.0024 3.9930 0.1129 220 225 230
0.0088 3.9884 0.1626 220 225 230
0.0052 3.9819 0.2215 220 225 230
0.0013 3.9820 0.2733 220 225 230
0.0015 3.9928 0.3291 220 225 230
0.0057 3.9806 0.3847 220 225 230
0.0033 3.9872 0.4401 220 225 230
0.0024 3.9895 0.4973 220 225 230
-0.0094 3.9904 0.5490 220 225 230
0.0013 3.9924 0.6099 220 225 230
-0.0033 3.9835 0.6635 220 225 230
-0.0007 3.9883 0.7147 220 225 230
0.0027 3.9886 0.7721 220 225 230
0.0044 3.9824 0.8284 220 225 230
0.0037 3.9926 0.8723 220 225 230
0.0040 3.9930 0.9330 220 225 230
0.0031 3.9879 0.9867 220 225 230
0.0030 3.9901 1.0489 220 225 230
-0.0066 3.9868 1.1045 220 225 230
0.0040 3.9921 1.1594 220 225 230
-0.0059 3.9880 1.2071 220 225 230
0.0047 3.9887 1.2739 220 225 230
-0.0002 3.9852 1.3234 220 225 230
-0.0069 3.9871 1.3794 220 225 230
0.0037 3.9858 1.4348 220 225 230
0.0009 3.9903 1.4865 220 225 230
-0.0011 3.9934 1.5447 220 225 230
0.0005 3.9862 1.5996 220 225 230
0.0078 3.9882 1.6521 220 225 230
0.0026 3.9942 1.7109 220 225 230
0.0010 3.9917 1.7611 220 225 230
0.0047 3.9842 1.8140 220 225 230
0.0032 3.9919 1.8749 220 225 230
0.0022 3.9866 1.9333 220 225 230
0.0044 3.9874 1.9831 220 225 230
-0.0046 3.9840 2.0363 220 225 230
-0.0018 3.9852 2.0947 220 225 230
-0.0022 3.9859 2.1520 220 225 230
0.0001 3.9941 2.2047 220 225 230
-0.0056 3.9914 2.2613 220 225 230
-0.0034 3.9855 2.3096 220 225 230
0.0075 3.9920 2.3733 220 225 230
0.0021 3.9921 2.4228 220 225 230
0.0048 3.9872 2.4802 220 225 230
0.0034 3.9899 2.5353 220 225 230
-0.0038 3.9922 2.5885 220 225 230
0.0020 3.9853 2.6453 220 225 230
-0.0017 3.9821 2.6949 220 225 230
0.0031 4.0516 -0.0006 220 225 230
0.0003 4.0500 0.0472 220 225 230
0.0051 4.0492 0.1160 220 225 230
0.0016 4.0514 0.1592 220 225 230
-0.0009 4.0497 0.2107 220 225 230
0.0003 4.0488 0.2820 220 225 230
-0.0027 4.0494 0.3344 220 225 230
-0.0022 4.0546 0.3829 220 225 230
-0.0031 4.0484 0.4438 220 225 230
-0.0021 4.0486 0.4992 220 225 230
0.0063 4.0540 0.5475 220 225 230
-0.0013 4.0529 0.6093 220 225 230
-0.0016 4.0522 0.6635 220 225 230
0.0076 4.0481 0.7151 220 225 230
-0.0087 4.0479 0.7707 220 225 230
0.0059 4.0532 0.8260 220 225 230
-0.0004 4.0479 0.8816 220 225 230
0.0021 4.0556 0.9349 220 225 230
0.0027 4.0533 0.9932 220 225 230
-0.0018 4.0560 1.0521 220 225 230
-0.0026 4.0554 1.0978 220 225 230
-0.0044 4.0486 1.1589 220 225 230
-0.0064 4.0541 1.2097 220 225 230
0.0013 4.0492 1.2701 220 225 230
-0.0066 4.0572 1.3232 220 225 230
0.0027 4.0546 1.3813 220 225 230
0.0036 4.0519 1.4329 220 225 230
-0.0022 4.0425 1.4939 220 225 230
-0.0062 4.0526 1.5394 220 225 230
-0.0059 4.0545 1.5975 220 225 230
0.0036 4.0496 1.6617 220 225 230
0.0056 4.0522 1.7130 220 225 230
0.0019 4.0501 1.7619 220 225 230
0.0007 4.0483 1.8211 220 225 230
-0.0089 4.0500 1.8670 220 225 230
-0.0016 4.0498 1.9230 220 225 230
-0.0066 4.0478 1.9842 220 225 230
-0.0014 4.0517 2.0383 220 225 230
0.0010 4.0428 2.0945 220 225 230
-0.0007 4.0519 2.1524 220 225 230
0.0051 4.0529 2.2056 220 225 230
0.0048 4.0436 2.2618 220 225 230
0.0009 4.0497 2.3077 220 225 230
0.0004 4.0523 2.3758 220 225 230
-0.0006 4.0488 2.4216 220 225 230
0.0022 4.0525 2.4885 220 225 230
0.0022 4.0477 2.5284 220 225 230
0.0021 4.0429 2.5896 220 225 230
-0.0014 4.0503 2.6396 220 225 230
-0.0040 4.0450 2.6968 220 225 230
0.0004 4.1148 0.0016 220 225 230
-0.0031 4.1173 0.0509 220 225 230
0.0018 4.1168 0.1149 220 225 230
-0.0080 4.1076 0.1573 220 225 230
0.0028 4.1184 0.2199 220 225 230
0.0062 4.1165 0.2809 220 225 230
0.0025 4.1082 0.3329 220 225 230
-0.0005 4.1152 0.3803 220 225 230
-0.0051 4.1135 0.4385 220 225 230
0.0047 4.1191 0.4988 220 225 230
-0.0117 4.1167 0.5510 220 225 230
0.0046 4.1076 0.6077 220 225 230
-0.0043 4.1067 0.6586 220 225 230
-0.0010 4.1100 0.7205 220 225 230
0.0037 4.1097 0.7729 220 225 230
0.0000 4.1055 0.8214 220 225 230
0.0034 4.1164 0.8835 220 225 230
0.0007 4.1139 0.9346 220 225 230
-0.0140 4.1146 0.9858 220 225 230
-0.0002 4.1125 1.0465 220 225 230
-0.0037 4.1105 1.1023 220 225 230
-0.0002 4.1101 1.1639 220 225 230
0.0006 4.1148 1.2162 220 225 230
-0.0081 4.1127 1.2584 220 225 230
-0.0027 4.1121 1.3209 220 225 230
0.0029 4.1044 1.3714 220 225 230
0.0006 4.1159 1.4358 220 225 230
0.0007 4.1101 1.4910 220 225 230
0.0050 4.1113 1.5415 220 225 230
0.0043 4.1136 1.5986 220 225 230
0.0006 4.1200 1.6489 220 225 230
0.0062 4.1142 1.7133 220 225 230
0.0001 4.1096 1.7646 220 225 230
-0.0067 4.1168 1.8219 220 225 230
-0.0010 4.1144 1.8772 220 225 230
0.0004 4.1161 1.9258 220 225 230
-0.0015 4.1097 1.9814 220 225 230
-0.0059 4.1193 2.0373 220 225 230
-0.0011 4.1111 2.0907 220 225 230
-0.0016 4.1068 2.1499 220 225 230
-0.0016 4.1155 2.1985 220 225 230
0.0030 4.1142 2.2606 220 225 230
0.0006 4.1136 2.3186 220 225 230
0.0036 4.1083 2.3658 220 225 230
0.0008 4.1096 2.4309 220 225 230
0.0025 4.1090 2.4786 220 225 230
-0.0013 4.1155 2.5426 220 225 230
0.0039 4.1125 2.5884 220 225 230
-0.0003 4.1125 2.6413 220 225 230
-0.0003 4.1178 2.7014 220 225 230
-0.0014 4.1812 0.0025 220 225 230
0.0022 4.1740 0.0525 220 225 230
0.0028 4.1783 0.1039 220 225 230
0.0039 4.1769 0.1666 220 225 230
0.0012 4.1777 0.2244 220 225 230
-0.0050 4.1743 0.2755 220 225 230
0.0004 4.1680 0.3265 220 225 230
0.0059 4.1746 0.3892 220 225 230
0.0025 4.1669 0.4437 220 225 230
0.0069 4.1729 0.4949 220 225 230
0.0049 4.1680 0.5570 220 225 230
0.0007 4.1745 0.6033 220 225 230
-0.0046 4.1783 0.6594 220 225 230
-0.0049 4.1754 0.7186 220 225 230
0.0026 4.1839 0.7739 220 225 230
0.0005 4.1764 0.8237 220 225 230
0.0005 4.1816 0.8785 220 225 230
0.0064 4.1741 0.9381 220 225 230
0.0063 4.1800 0.9949 220 225 230
0.0053 4.1779 1.0480 220 225 230
-0.0011 4.1742 1.1037 220 225 230
-0.0016 4.1751 1.1642 220 225 230
0.0023 4.1739 1.2188 220 225 230
0.0045 4.1725 1.2665 220 225 230
0.0013 4.1717 1.3237 220 225 230
0.0020 4.1776 1.3804 220 225 230
0.0040 4.1755 1.4355 220 225 230
0.0000 4.1744 1.4892 220 225 230
0.0004 4.1809 1.5423 220 225 230
0.0015 4.1741 1.5988 220 225 230
0.0060 4.1728 1.6482 220 225 230
-0.0110 4.1675 1.7055 220 225 230
0.0071 4.1788 1.7723 220 225 230
-0.0002 4.1752 1.8182 220 225 230
-0.0015 4.1720 1.8763 220 225 230
0.0061 4.1720 1.9307 220 225 230
0.0037 4.1824 1.9895 220 225 230
0.0083 4.1837 2.0361 220 225 230
-0.0003 4.1775 2.0922 220 225 230
-0.0042 4.1787 2.1524 220 225 230
0.0039 4.1816 2.2015 220 225 230
0.0027 4.1749 2.2614 220 225 230
0.0062 4.1766 2.3129 220 225 230
-0.0025 4.1782 2.3713 220 225 230
0.0023 4.1731 2.4274 220 225 230
0.0051 4.1804 2.4741 220 225 230
-0.0023 4.1746 2.5305 220 225 230
0.0006 4.1744 2.5854 220 225 230
-0.0038 4.1790 2.6495 220 225 230
-0.0030 4.1750 2.6964 220 225 230
0.0017 4.2495 -0.0012 220 225 230
0.0020 4.2433 0.0555 220 225 230
-0.0035 4.2380 0.1123 220 225 230
0.0017 4.2378 0.1656 220 225 230
-0.0020 4.2347 0.2220 220 225 230
0.0055 4.2380 0.2785 220 225 230
-0.0032 4.2377 0.3340 220 225 230
0.0030 4.2339 0.3914 220 225 230
0.0050 4.2415 0.4456 220 225 230
0.0039 4.2380 0.4943 220 225 230
0.0031 4.2410 0.5555 220 225 230
0.0006 4.2386 0.6075 220 225 230
0.0041 4.2373 0.6668 220 225 230
0.0016 4.2390 0.7141 220 225 230
0.0010 4.2380 0.7714 220 225 230
-0.0097 4.2399 0.8221 220 225 230
-0.0026 4.2465 0.8909 220 225 230
0.0017 4.2376 0.9367 220 225 230
-0.0029 4.2359 0.9903 220 225 230
0.0032 4.2397 1.0513 220 225 230
0.0023 4.2325 1.1040 220 225 230
-0.0009 4.2432 1.1585 220 225 230
0.0016 4.2353 1.2106 220 225 230
-0.0011 4.2336 1.2660 220 225 230
0.0002 4.2336 1.3242 220 225 230
0.0023 4.2387 1.3766 220 225 230
-0.0029 4.2395 1.4295 220 225 230
0.0038 4.2408 1.4898 220 225 230
-0.0012 4.2360 1.5383 220 225 230
-0.0048 4.2274 1.5925 220 225 230
-0.0015 4.2302 1.6532 220 225 230
-0.0097 4.2385 1.7171 220 225 230
0.0027 4.2338 1.7620 220 225 230
0.0041 4.2385 1.8164 220 225 230
-0.0006 4.2339 1.8699 220 225 230
0.0050 4.2366 1.9230 220 225 230
-0.0025 4.2368 1.9807 220 225 230
0.0030 4.2366 2.0411 220 225 230
0.0014 4.2445 2.0967 220 225 230
0.0005 4.2298 2.1436 220 225 230
0.0026 4.2346 2.2079 220 225 230
-0.0017 4.2489 2.2578 220 225 230
-0.0030 4.2403 2.3078 220 225 230
-0.0047 4.2428 2.3627 220 225 230
-0.0040 4.2445 2.4246 220 225 230
0.0038 4.2422 2.4783 220 225 230
-0.0030 4.2350 2.5315 220 225 230
0.0014 4.2381 2.5851 220 225 230
0.0045 4.2356 2.6497 220 225 230
0.0050 4.2360 2.6965 220 225 230
0.0049 4.2970 0.0051 220 225 230
0.0087 4.2996 0.0551 220 225 230
0.0023 4.3024 0.1117 220 225 230
-0.0012 4.3047 0.1694 220 225 230
0.0012 4.3051 0.2205 220 225 230
0.0001 4.3030 0.2785 220 225 230
-0.0063 4.3001 0.3381 220 225 230
-0.0019 4.3081 0.3860 220 225 230
0.0011 4.3045 0.4369 220 225 230
-0.0003 4.3075 0.4887 220 225 230
-0.0038 4.3019 0.5543 220 225 230
-0.0060 4.3045 0.6005 220 225 230
-0.0017 4.2961 0.6586 220 225 230
0.0031 4.2979 0.7126 220 225 230
-0.0062 4.3020 0.7757 220 225 230
0.0056 4.2991 0.8216 220 225 230
-0.0020 4.2971 0.8840 220 225 230
-0.0022 4.3003 0.9364 220 225 230
-0.0003 4.3004 0.9907 220 225 230
-0.0036 4.3081 1.0500 220 225 230
0.0023 4.2964 1.0945 220 225 230
0.0034 4.2970 1.1474 220 225 230
0.0019 4.3009 1.2096 220 225 230
0.0034 4.2990 1.2654 220 225 230
-0.0043 4.2977 1.3223 220 225 230
-0.0005 4.2964 1.3793 220 225 230
-0.0043 4.3044 1.4374 220 225 230
0.0050 4.2984 1.4878 220 225 230
-0.0014 4.2977 1.5463 220 225 230
-0.0031 4.3039 1.5890 220 225 230
0.0012 4.3073 1.6592 220 225 230
0.0000 4.3016 1.7117 220 225 230
-0.0024 4.3010 1.7625 220 225 230
0.0013 4.2971 1.8285 220 225 230
0.0006 4.2944 1.8717 220 225 230
-0.0012 4.2998 1.9331 220 225 230
0.0027 4.3012 1.9809 220 225 230
-0.0026 4.3004 2.0492 220 225 230
0.0089 4.3033 2.0923 220 225 230
0.0056 4.2989 2.1524 220 225 230
0.0025 4.3023 2.2080 220 225 230
-0.0058 4.2972 2.2548 220 225 230
0.0034 4.3038 2.3068 220 225 230
-0.0022 4.3005 2.3725 220 225 230
0.0005 4.2952 2.4258 220 225 230
-0.0012 4.2998 2.4788 220 225 230
0.0035 4.2994 2.5312 220 225 230
-0.0013 4.3015 2.5882 220 225 230
-0.0027 4.2989 2.6510 220 225 230
-0.0070 4.2988 2.7019 220 225 230
